{"layers":[[{"params":{"stretchTexture":false,"x":5031,"rotation":-90,"physic":true,"originOffsetRatio":0,"repeatTexture":true,"snapToGrid":true,"textureOffset":0,"id":-1,"smoothing":true,"y":-333,"density":"1","height":208,"action":0,"isStatic":true,"wireframe":false,"width":17,"graphic":true,"textureMode":true,"shapeH":17,"straightSides":true,"vertices":[{"x":0,"y":0,"length":0},{"x":0,"y":85,"length":85},{"x":0,"y":195,"length":195}],"type":4,"safeId":-1},"className":"frg.game.editor.objects::DynamicPather"},{"params":{"stretchTexture":false,"x":5061,"rotation":-90,"physic":true,"originOffsetRatio":0,"repeatTexture":true,"snapToGrid":true,"textureOffset":0,"id":-1,"smoothing":true,"y":-583,"density":"1","height":173,"action":0,"isStatic":true,"wireframe":false,"width":17,"graphic":true,"textureMode":true,"shapeH":17,"straightSides":true,"vertices":[{"x":0,"y":0,"length":0},{"x":0,"y":85,"length":85},{"x":0,"y":160,"length":160}],"type":4,"safeId":-1},"className":"frg.game.editor.objects::DynamicPather"},{"params":{"stretchTexture":false,"x":4155,"rotation":0,"physic":true,"originOffsetRatio":0,"repeatTexture":true,"snapToGrid":true,"textureOffset":0,"id":-1,"smoothing":true,"y":-219,"density":"1","height":168,"action":0,"isStatic":true,"wireframe":false,"width":17,"graphic":true,"textureMode":true,"shapeH":17,"straightSides":true,"vertices":[{"x":0,"y":0,"length":0},{"x":0,"y":85,"length":85},{"x":0,"y":155,"length":155}],"type":4,"safeId":-1},"className":"frg.game.editor.objects::DynamicPather"},{"params":{"stretchTexture":false,"x":4309,"rotation":0,"physic":true,"originOffsetRatio":0,"repeatTexture":true,"snapToGrid":true,"textureOffset":0,"id":-1,"smoothing":true,"y":-219,"density":"1","height":168,"action":0,"isStatic":true,"wireframe":false,"width":17,"graphic":true,"textureMode":true,"shapeH":17,"straightSides":true,"vertices":[{"x":0,"y":0,"length":0},{"x":0,"y":85,"length":85},{"x":0,"y":155,"length":155}],"type":4,"safeId":-1},"className":"frg.game.editor.objects::DynamicPather"},{"params":{"stretchTexture":false,"x":5071,"rotation":-90,"physic":true,"originOffsetRatio":0,"repeatTexture":true,"snapToGrid":true,"textureOffset":0,"id":-1,"smoothing":true,"y":-463,"density":"1","height":158,"action":0,"isStatic":true,"wireframe":false,"width":17,"graphic":true,"textureMode":true,"shapeH":17,"straightSides":true,"vertices":[{"x":0,"y":0,"length":0},{"x":0,"y":85,"length":85},{"x":0,"y":145,"length":145}],"type":4,"safeId":-1},"className":"frg.game.editor.objects::DynamicPather"},{"params":{"stretchTexture":false,"x":4481,"rotation":0,"physic":true,"originOffsetRatio":0,"repeatTexture":true,"snapToGrid":true,"textureOffset":0,"id":-1,"smoothing":true,"y":-219,"density":"1","height":168,"action":0,"isStatic":true,"wireframe":false,"width":17,"graphic":true,"textureMode":true,"shapeH":17,"straightSides":true,"vertices":[{"x":0,"y":0,"length":0},{"x":0,"y":85,"length":85},{"x":0,"y":155,"length":155}],"type":4,"safeId":-1},"className":"frg.game.editor.objects::DynamicPather"},{"params":{"stretchTexture":false,"x":4981,"rotation":0,"physic":true,"originOffsetRatio":0,"repeatTexture":true,"snapToGrid":true,"textureOffset":0,"id":-1,"smoothing":true,"y":-273,"density":"1","height":208,"action":0,"isStatic":true,"wireframe":false,"width":17,"graphic":true,"textureMode":true,"shapeH":17,"straightSides":true,"vertices":[{"x":0,"y":0,"length":0},{"x":0,"y":85,"length":85},{"x":0,"y":195,"length":195}],"type":4,"safeId":-1},"className":"frg.game.editor.objects::DynamicPather"},{"params":{"stretchTexture":false,"x":4651,"rotation":0,"physic":true,"originOffsetRatio":0,"repeatTexture":true,"snapToGrid":true,"textureOffset":0,"id":-1,"smoothing":true,"y":-219,"density":"1","height":168,"action":0,"isStatic":true,"wireframe":false,"width":17,"graphic":true,"textureMode":true,"shapeH":17,"straightSides":true,"vertices":[{"x":0,"y":0,"length":0},{"x":0,"y":85,"length":85},{"x":0,"y":155,"length":155}],"type":4,"safeId":-1},"className":"frg.game.editor.objects::DynamicPather"},{"params":{"stretchTexture":false,"x":4821,"rotation":0,"physic":true,"originOffsetRatio":0,"repeatTexture":true,"snapToGrid":true,"textureOffset":0,"id":-1,"smoothing":true,"y":-219,"density":"1","height":168,"action":0,"isStatic":true,"wireframe":false,"width":17,"graphic":true,"textureMode":true,"shapeH":17,"straightSides":true,"vertices":[{"x":0,"y":0,"length":0},{"x":0,"y":85,"length":85},{"x":0,"y":155,"length":155}],"type":4,"safeId":-1},"className":"frg.game.editor.objects::DynamicPather"},{"params":{"stretchTexture":false,"x":2810,"rotation":-11.000000000000004,"physic":true,"originOffsetRatio":0,"repeatTexture":true,"snapToGrid":true,"textureOffset":0,"id":-1,"smoothing":true,"y":238,"density":"1","height":17,"action":0,"isStatic":true,"wireframe":false,"width":643,"graphic":true,"textureMode":true,"shapeH":17,"straightSides":true,"vertices":[{"x":0,"y":0,"length":0},{"x":75,"y":0,"length":75},{"x":175,"y":0,"length":175},{"x":280,"y":0,"length":280},{"x":380,"y":0,"length":380},{"x":480,"y":0,"length":480},{"x":580,"y":0,"length":580},{"x":630,"y":0,"length":630}],"type":4,"safeId":-1},"className":"frg.game.editor.objects::DynamicPather"},{"params":{"stretchTexture":false,"x":3620,"rotation":0,"physic":true,"originOffsetRatio":0,"repeatTexture":true,"snapToGrid":false,"textureOffset":0,"id":-1,"smoothing":true,"y":-520,"density":"1","height":165,"action":0,"isStatic":true,"wireframe":false,"width":307,"graphic":true,"textureMode":true,"shapeH":17,"straightSides":true,"vertices":[{"x":0,"y":0,"length":0},{"x":67,"y":-35,"length":75.59100475585703},{"x":136,"y":-68,"length":152.0526224699857},{"x":205,"y":-103,"length":229.42101037176172},{"x":252,"y":-127,"length":282.1931962326519},{"x":294,"y":-150,"length":330.0545409474016}],"type":4,"safeId":-1},"className":"frg.game.editor.objects::DynamicPather"},{"params":{"stretchTexture":false,"x":2210,"rotation":0,"physic":true,"originOffsetRatio":0,"repeatTexture":true,"snapToGrid":false,"textureOffset":0,"id":-1,"smoothing":true,"y":-65,"density":"1","height":63.1,"action":0,"isStatic":true,"wireframe":false,"width":114,"graphic":true,"textureMode":true,"shapeH":17,"straightSides":true,"vertices":[{"x":35,"y":19,"length":39.824615503479755},{"x":84,"y":65,"length":106.21205204683694},{"x":136,"y":34,"length":140.18559127100045}],"type":4,"safeId":-1},"className":"frg.game.editor.objects::DynamicPather"},{"params":{"stretchTexture":false,"x":1340,"rotation":0,"y":-480,"originOffsetRatio":0,"repeatTexture":true,"textureOffset":0,"snapToGrid":true,"height":228,"wireframe":false,"width":78,"vertices":[{"x":0,"y":0,"length":0},{"x":-65,"y":215,"length":224.61077445216202}],"textureMode":true,"smoothing":true,"straightSides":true,"type":0},"className":"frg.game.editor.objects::PillarPather"},{"params":{"stretchTexture":false,"x":1810,"rotation":0,"physic":true,"originOffsetRatio":0,"repeatTexture":true,"snapToGrid":true,"textureOffset":0,"id":-1,"smoothing":true,"y":-160,"density":"1","height":85,"action":0,"isStatic":true,"wireframe":false,"width":213.4,"graphic":true,"textureMode":true,"shapeH":17,"straightSides":true,"vertices":[{"x":-185,"y":-70,"length":197.80040444852483},{"x":-160,"y":-35,"length":163.783393541592},{"x":-135,"y":0,"length":135},{"x":-85,"y":0,"length":85},{"x":-40,"y":0,"length":40},{"x":15,"y":0,"length":15}],"type":4,"safeId":-1},"className":"frg.game.editor.objects::DynamicPather"},{"params":{"stretchTexture":false,"x":1750,"rotation":0,"physic":true,"originOffsetRatio":0,"repeatTexture":true,"snapToGrid":true,"textureOffset":0,"id":-1,"smoothing":true,"y":-90,"density":"1","height":160,"action":0,"isStatic":true,"wireframe":false,"width":353.4,"graphic":true,"textureMode":true,"shapeH":17,"straightSides":true,"vertices":[{"x":-240,"y":-145,"length":280.40149785619906},{"x":-215,"y":-110,"length":241.50569351466643},{"x":-185,"y":-70,"length":197.80040444852483},{"x":-160,"y":-35,"length":163.783393541592},{"x":-135,"y":0,"length":135},{"x":-85,"y":0,"length":85},{"x":-15,"y":0,"length":15},{"x":45,"y":0,"length":45},{"x":100,"y":0,"length":100}],"type":4,"safeId":-1},"className":"frg.game.editor.objects::DynamicPather"},{"params":{"stretchTexture":false,"x":2200,"rotation":0,"physic":true,"originOffsetRatio":0,"repeatTexture":true,"snapToGrid":false,"textureOffset":0,"id":-1,"smoothing":true,"y":-5,"density":"1","height":88.05,"action":0,"isStatic":true,"wireframe":false,"width":175,"graphic":true,"textureMode":true,"shapeH":17,"straightSides":true,"vertices":[{"x":3,"y":-6,"length":6.708203932499369},{"x":42,"y":29,"length":51.03920062069938},{"x":84,"y":65,"length":106.21205204683694},{"x":125,"y":39,"length":130.9427355755179},{"x":165,"y":12,"length":165.43578814754684}],"type":4,"safeId":-1},"className":"frg.game.editor.objects::DynamicPather"},{"params":{"stretchTexture":false,"x":3770,"rotation":0,"physic":false,"originOffsetRatio":0,"repeatTexture":true,"snapToGrid":false,"textureOffset":0,"id":-1,"smoothing":true,"y":-1150,"density":"1","height":622,"action":0,"isStatic":true,"wireframe":false,"width":16,"graphic":true,"textureMode":true,"shapeH":16,"straightSides":true,"vertices":[{"x":135,"y":-202,"length":242.9588442514493},{"x":135,"y":407,"length":428.8053171312128}],"type":7,"safeId":-1},"className":"frg.game.editor.objects::DynamicPather"},{"params":{"stretchTexture":false,"x":3580,"rotation":0,"physic":false,"originOffsetRatio":0,"repeatTexture":true,"snapToGrid":false,"textureOffset":0,"id":-1,"smoothing":true,"y":-1150,"density":"1","height":622,"action":0,"isStatic":true,"wireframe":false,"width":16,"graphic":true,"textureMode":true,"shapeH":16,"straightSides":true,"vertices":[{"x":155,"y":-202,"length":254.61539623518448},{"x":155,"y":407,"length":435.5157861662422}],"type":7,"safeId":-1},"className":"frg.game.editor.objects::DynamicPather"},{"params":{"x":-60,"physic":true,"lineId":0,"y":390,"height":574.1,"isRoad":true,"direction":90,"width":6333,"textureMode":true,"cameraOffsetY":80,"straightSides":true,"directed":true,"originOffsetRatio":0,"thick":128,"stretchTexture":false,"camera":true,"rotation":0,"repeatTexture":true,"textureOffset":0,"snapToGrid":true,"line":true,"wireframe":false,"vertices":[{"x":-475,"y":0,"length":475},{"x":3630,"y":20,"length":3630.0550960006103},{"x":4070,"y":-490,"length":4099.390198553926},{"x":5845,"y":-485,"length":5865.087382128249}],"smoothing":true,"shape":true},"className":"frg.game.editor.objects::GroundPather"},{"params":{"stretchTexture":false,"x":720,"rotation":0,"physic":true,"originOffsetRatio":0,"repeatTexture":true,"snapToGrid":false,"textureOffset":0,"id":-1,"smoothing":true,"y":400,"density":"1","height":460,"action":0,"isStatic":true,"wireframe":false,"width":2966,"graphic":true,"textureMode":true,"shapeH":17,"straightSides":true,"vertices":[{"x":-11,"y":11,"length":15.556349186104045},{"x":38,"y":-37,"length":53.03772242470448},{"x":90,"y":-87,"length":125.1758762701504},{"x":158,"y":-156,"length":222.03603311174518},{"x":231,"y":-229,"length":325.27219370859234},{"x":298,"y":-297,"length":420.7291290129553},{"x":361,"y":-362,"length":511.238691806479},{"x":434,"y":-434,"length":613.7686860699232},{"x":498,"y":-434,"length":660.5755066606694},{"x":571,"y":-434,"length":717.2147516608954},{"x":609,"y":-392,"length":724.2547894215129},{"x":648,"y":-348,"length":735.5324601946538},{"x":693,"y":-297,"length":753.9615374805269},{"x":741,"y":-245,"length":780.4524328874886},{"x":768,"y":-222,"length":799.442305610605},{"x":799,"y":-201,"length":823.8944107104987},{"x":838,"y":-181,"length":857.3243260283707},{"x":874,"y":-170,"length":890.3796942877797},{"x":911,"y":-166,"length":926.000539956646},{"x":948,"y":-166,"length":962.4240229753203},{"x":986,"y":-169,"length":1000.3784283959745},{"x":1029,"y":-181,"length":1044.797588052346},{"x":1083,"y":-208,"length":1102.793271651582},{"x":1136,"y":-234,"length":1159.84999030047},{"x":1185,"y":-258,"length":1212.7608997654897},{"x":1229,"y":-280,"length":1260.4923641180853},{"x":1267,"y":-249,"length":1291.2358421295469},{"x":1304,"y":-218,"length":1322.0968194500733},{"x":1341,"y":-188,"length":1354.1141015438839},{"x":1370,"y":-165,"length":1379.9003587215998},{"x":1401,"y":-140,"length":1407.9776276631671},{"x":1432,"y":-121,"length":1437.1029886546057},{"x":1463,"y":-106,"length":1466.8350282155113},{"x":1502,"y":-94,"length":1504.9385369509282},{"x":1540,"y":-88,"length":1542.5122365803131},{"x":1581,"y":-87,"length":1583.391928740323},{"x":1619,"y":-92,"length":1621.6118524480512},{"x":1649,"y":-101,"length":1652.0901912425968},{"x":1678,"y":-113,"length":1681.8005232488185},{"x":1721,"y":-137,"length":1726.4443228786731},{"x":1761,"y":-159,"length":1768.163453982691},{"x":1811,"y":-132,"length":1815.8042295357725},{"x":1865,"y":-104,"length":1867.8974811268417},{"x":1914,"y":-77,"length":1915.5482243994797},{"x":1972,"y":-47,"length":1972.560011761366},{"x":2009,"y":-29,"length":2009.2092972112189},{"x":2045,"y":-19,"length":2045.0882621539834},{"x":2086,"y":-14,"length":2086.046979336755},{"x":2137,"y":-14,"length":2137.0458581883545},{"x":2194,"y":-23,"length":2194.120552750008},{"x":2264,"y":-37,"length":2264.302320804358},{"x":2348,"y":-54,"length":2348.6208719161123},{"x":2434,"y":-72,"length":2435.0646808657875},{"x":2519,"y":-90,"length":2520.6072681002884},{"x":2601,"y":-107,"length":2603.1999539028884},{"x":2687,"y":-125,"length":2689.9059463111344},{"x":2781,"y":-144,"length":2784.7256597374185},{"x":2827,"y":-154,"length":2831.1914453106133},{"x":2859,"y":-129,"length":2861.908803578479},{"x":2894,"y":-103,"length":2895.8323501197374},{"x":2942,"y":-66,"length":2942.7402195912573}],"type":4,"safeId":-1},"className":"frg.game.editor.objects::DynamicPather"},{"params":{"x":1280,"rotation":-96,"physic":true,"line":true,"plr":false,"id":-1,"graphic":true,"density":1,"isWheel":false,"isStatic":false,"ignore":false,"layer":8,"rem":true,"safeId":-1,"vertices":[{"x":0,"y":0,"length":0},{"x":420,"y":0,"length":420},{"x":420,"y":35,"length":421.4558102577303},{"x":0,"y":35,"length":35}],"y":-53},"className":"frg.game.editor.objects::LandscapeShaper"},{"params":{"stretchTexture":false,"x":950,"rotation":0,"physic":true,"originOffsetRatio":0,"repeatTexture":true,"snapToGrid":false,"textureOffset":0,"id":-1,"smoothing":true,"y":-280,"density":"1","height":582,"action":0,"isStatic":true,"wireframe":false,"width":1057.05,"graphic":true,"textureMode":true,"shapeH":17,"straightSides":true,"vertices":[{"x":546,"y":38,"length":547.3207469117172},{"x":590,"y":45,"length":591.7136131609615},{"x":635,"y":49,"length":636.887745211038},{"x":678,"y":49,"length":679.7683428933713},{"x":722,"y":40,"length":723.1071843094909},{"x":751,"y":29,"length":751.5597115332886},{"x":783,"y":13,"length":783.1079108271094},{"x":822,"y":-13,"length":822.1027916264486},{"x":851,"y":-40,"length":851.9395518462563},{"x":875,"y":-74,"length":878.1235676144901},{"x":893,"y":-109,"length":899.627700774048},{"x":909,"y":-155,"length":922.1203825965458},{"x":915,"y":-203,"length":937.2480994912713},{"x":912,"y":-256,"length":947.2486473994038},{"x":902,"y":-293,"length":948.3949599191257},{"x":883,"y":-333,"length":943.704402872001},{"x":858,"y":-371,"length":934.7753740872723},{"x":828,"y":-402,"length":920.4281612380187},{"x":802,"y":-422,"length":906.2494137929139},{"x":773,"y":-440,"length":889.4543271017349},{"x":743,"y":-453,"length":870.2057228035219},{"x":717,"y":-460,"length":851.8738169470876},{"x":688,"y":-463,"length":829.2846314746222},{"x":658,"y":-465,"length":805.7226569980517},{"x":622,"y":-463,"length":775.4050554387687},{"x":591,"y":-456,"length":746.4696912802287},{"x":561,"y":-447,"length":717.3074654567594},{"x":534,"y":-434,"length":688.1220821918157},{"x":513,"y":-421,"length":663.6339352383964},{"x":493,"y":-405,"length":638.0235105386008},{"x":470,"y":-381,"length":605.0297513345935},{"x":452,"y":-358,"length":576.6003815468735},{"x":436,"y":-333,"length":548.620998504432},{"x":425,"y":-312,"length":527.2276548133643},{"x":412,"y":-278,"length":497.01911432056613},{"x":404,"y":-239,"length":469.40068172085137},{"x":399,"y":-203,"length":447.6717547489455},{"x":379,"y":-203,"length":429.94185653411324},{"x":384,"y":-238,"length":451.7742799230607},{"x":385,"y":-272,"length":471.3904962979207},{"x":382,"y":-303,"length":487.57871159434353},{"x":376,"y":-330,"length":500.27592386602015},{"x":366,"y":-360,"length":513.3770544151735},{"x":350,"y":-390,"length":524.0229002629561},{"x":330,"y":-418,"length":532.5636112240489},{"x":308,"y":-442,"length":538.7281318067584},{"x":284,"y":-464,"length":544.0147056835872},{"x":258,"y":-482,"length":546.7065026136053},{"x":228,"y":-496,"length":545.8937625582472},{"x":196,"y":-507,"length":543.566923202654},{"x":163,"y":-514,"length":539.2262975782987},{"x":132,"y":-516,"length":532.6161845081315},{"x":100,"y":-514,"length":523.6372790396039},{"x":70,"y":-509,"length":513.7908134640011},{"x":39,"y":-500,"length":501.51869356984093},{"x":9,"y":-486,"length":486.08332619006796},{"x":-22,"y":-467,"length":467.5179140952783},{"x":-48,"y":-445,"length":447.5812775351534},{"x":-73,"y":-416,"length":422.35648450094857},{"x":-95,"y":-382,"length":393.6356183070836},{"x":-106,"y":-357,"length":372.40435013570936},{"x":-116,"y":-327,"length":346.96541614403014},{"x":-124,"y":-286,"length":311.7242371070944},{"x":-125,"y":-249,"length":278.61442891566116},{"x":-121,"y":-216,"length":247.58230954573472},{"x":-115,"y":-189,"length":221.23742902140225},{"x":-107,"y":-166,"length":197.4968354176846},{"x":-96,"y":-140,"length":169.75276139138356},{"x":-81,"y":-116,"length":141.4814475470194},{"x":-55,"y":-85,"length":101.24228365658294},{"x":-25,"y":-58,"length":63.15853069855251},{"x":0,"y":-38,"length":38},{"x":27,"y":-24,"length":36.124783736376884},{"x":61,"y":-15,"length":62.81719509815764},{"x":102,"y":-7,"length":102.23991392797629}],"type":4,"safeId":-1},"className":"frg.game.editor.objects::DynamicPather"},{"params":{"stretchTexture":false,"x":1940,"rotation":0,"physic":true,"originOffsetRatio":0,"repeatTexture":true,"snapToGrid":false,"textureOffset":0,"id":-1,"smoothing":true,"y":30,"density":"1","height":501.75,"action":0,"isStatic":true,"wireframe":false,"width":527,"graphic":true,"textureMode":true,"shapeH":17,"straightSides":true,"vertices":[{"x":245,"y":-30,"length":246.82990094394967},{"x":276,"y":-49,"length":280.31589323475754},{"x":302,"y":-72,"length":310.46416862497995},{"x":321,"y":-91,"length":333.64951670877633},{"x":339,"y":-114,"length":357.6548615634911},{"x":354,"y":-136,"length":379.2255265669757},{"x":367,"y":-164,"length":401.9763674645563},{"x":379,"y":-203,"length":429.94185653411324},{"x":384,"y":-238,"length":451.7742799230607},{"x":385,"y":-272,"length":471.3904962979207},{"x":382,"y":-303,"length":487.57871159434353},{"x":376,"y":-330,"length":500.27592386602015},{"x":366,"y":-360,"length":513.3770544151735},{"x":350,"y":-390,"length":524.0229002629561},{"x":330,"y":-418,"length":532.5636112240489},{"x":308,"y":-442,"length":538.7281318067584},{"x":284,"y":-464,"length":544.0147056835872},{"x":258,"y":-482,"length":546.7065026136053},{"x":228,"y":-496,"length":545.8937625582472},{"x":196,"y":-507,"length":543.566923202654},{"x":163,"y":-514,"length":539.2262975782987},{"x":132,"y":-516,"length":532.6161845081315},{"x":100,"y":-514,"length":523.6372790396039},{"x":70,"y":-509,"length":513.7908134640011},{"x":39,"y":-500,"length":501.51869356984093},{"x":9,"y":-486,"length":486.08332619006796},{"x":-22,"y":-467,"length":467.5179140952783},{"x":-48,"y":-445,"length":447.5812775351534},{"x":-73,"y":-416,"length":422.35648450094857},{"x":-95,"y":-382,"length":393.6356183070836},{"x":-106,"y":-357,"length":372.40435013570936},{"x":-116,"y":-327,"length":346.96541614403014},{"x":-124,"y":-286,"length":311.7242371070944},{"x":-125,"y":-249,"length":278.61442891566116},{"x":-121,"y":-216,"length":247.58230954573472},{"x":-115,"y":-189,"length":221.23742902140225},{"x":-107,"y":-166,"length":197.4968354176846},{"x":-96,"y":-140,"length":169.75276139138356},{"x":-81,"y":-116,"length":141.4814475470194}],"type":4,"safeId":-1},"className":"frg.game.editor.objects::DynamicPather"},{"params":{"stretchTexture":false,"x":2452,"rotation":0,"physic":true,"originOffsetRatio":0,"repeatTexture":true,"snapToGrid":false,"textureOffset":0,"id":-1,"smoothing":true,"y":127,"density":"1","height":385.55,"action":0,"isStatic":true,"wireframe":false,"width":149,"graphic":true,"textureMode":true,"shapeH":17,"straightSides":true,"vertices":[{"x":9,"y":-488,"length":488.082984747471},{"x":-22,"y":-467,"length":467.5179140952783},{"x":-48,"y":-445,"length":447.5812775351534},{"x":-73,"y":-416,"length":422.35648450094857},{"x":-95,"y":-382,"length":393.6356183070836},{"x":-106,"y":-357,"length":372.40435013570936},{"x":-116,"y":-327,"length":346.96541614403014},{"x":-124,"y":-286,"length":311.7242371070944},{"x":-125,"y":-249,"length":278.61442891566116},{"x":-121,"y":-216,"length":247.58230954573472},{"x":-115,"y":-189,"length":221.23742902140225},{"x":-107,"y":-166,"length":197.4968354176846},{"x":-96,"y":-140,"length":169.75276139138356},{"x":-81,"y":-116,"length":141.4814475470194}],"type":4,"safeId":-1},"className":"frg.game.editor.objects::DynamicPather"},{"params":{"stretchTexture":false,"x":2450,"rotation":0,"physic":true,"originOffsetRatio":0,"repeatTexture":true,"snapToGrid":false,"textureOffset":0,"id":-1,"smoothing":true,"y":130,"density":"1","height":422.25,"action":0,"isStatic":true,"wireframe":false,"width":145,"graphic":true,"textureMode":true,"shapeH":17,"straightSides":true,"vertices":[{"x":255,"y":-33,"length":257.12642804659345},{"x":276,"y":-49,"length":280.31589323475754},{"x":302,"y":-72,"length":310.46416862497995},{"x":321,"y":-91,"length":333.64951670877633},{"x":339,"y":-114,"length":357.6548615634911},{"x":354,"y":-136,"length":379.2255265669757},{"x":367,"y":-164,"length":401.9763674645563},{"x":379,"y":-203,"length":429.94185653411324},{"x":384,"y":-238,"length":451.7742799230607},{"x":385,"y":-272,"length":471.3904962979207},{"x":382,"y":-303,"length":487.57871159434353},{"x":376,"y":-330,"length":500.27592386602015},{"x":366,"y":-360,"length":513.3770544151735},{"x":350,"y":-390,"length":524.0229002629561},{"x":330,"y":-418,"length":532.5636112240489},{"x":308,"y":-442,"length":538.7281318067584}],"type":4,"safeId":-1},"className":"frg.game.editor.objects::DynamicPather"},{"params":{"stretchTexture":false,"x":2552,"rotation":0,"physic":true,"originOffsetRatio":0,"repeatTexture":true,"snapToGrid":false,"textureOffset":0,"id":-1,"smoothing":true,"y":271,"density":"1","height":705.8,"action":0,"isStatic":true,"wireframe":false,"width":626,"graphic":true,"textureMode":true,"shapeH":17,"straightSides":true,"vertices":[{"x":255,"y":-33,"length":257.12642804659345},{"x":287,"y":-52,"length":291.6727618410742},{"x":313,"y":-72,"length":321.1744074486633},{"x":341,"y":-96,"length":354.25555747228583},{"x":376,"y":-127,"length":396.86899601757756},{"x":413,"y":-159,"length":442.5494322671762},{"x":444,"y":-191,"length":483.3394252489652},{"x":468,"y":-223,"length":518.4139272820513},{"x":489,"y":-257,"length":552.4219401870276},{"x":503,"y":-286,"length":578.6233662755074},{"x":515,"y":-326,"length":609.5088186400587},{"x":522,"y":-368,"length":638.6767570532061},{"x":522,"y":-411,"length":664.3831725743812},{"x":520,"y":-453,"length":689.6441111181912},{"x":511,"y":-493,"length":710.0492940634474},{"x":500,"y":-522,"length":722.8305472238981},{"x":482,"y":-559,"length":738.1090705309074},{"x":461,"y":-590,"length":748.7462854665791},{"x":435,"y":-621,"length":758.1991822733654},{"x":413,"y":-641,"length":762.5286879849177},{"x":390,"y":-661,"length":767.4770354870561},{"x":364,"y":-679,"length":770.4135253226024},{"x":337,"y":-693,"length":770.5958733343957},{"x":307,"y":-706,"length":769.8603769515613},{"x":272,"y":-715,"length":764.9895424121822},{"x":238,"y":-721,"length":759.26609301351},{"x":192,"y":-723,"length":748.0594896129585},{"x":162,"y":-721,"length":738.9756423590699},{"x":124,"y":-715,"length":725.6727912771706},{"x":92,"y":-706,"length":711.9691004531026},{"x":61,"y":-696,"length":698.6680184465295},{"x":22,"y":-680,"length":680.355789274994},{"x":-19,"y":-662,"length":662.2726024832976},{"x":-54,"y":-647,"length":649.2495668077107},{"x":-89,"y":-632,"length":638.2358498235585}],"type":4,"safeId":-1},"className":"frg.game.editor.objects::DynamicPather"},{"params":{"stretchTexture":false,"x":3482,"rotation":0,"physic":true,"originOffsetRatio":0,"repeatTexture":true,"snapToGrid":false,"textureOffset":0,"id":-1,"smoothing":true,"y":261,"density":"1","height":603.95,"action":0,"isStatic":true,"wireframe":false,"width":407,"graphic":true,"textureMode":true,"shapeH":17,"straightSides":true,"vertices":[{"x":-15,"y":-732,"length":732.1536723939859},{"x":-55,"y":-728,"length":730.0746537170018},{"x":-92,"y":-718,"length":723.8701541022396},{"x":-129,"y":-706,"length":717.6886511573107},{"x":-163,"y":-691,"length":709.964787859229},{"x":-194,"y":-672,"length":699.4426352460937},{"x":-228,"y":-647,"length":685.9978134075939},{"x":-260,"y":-618,"length":670.465509925753},{"x":-291,"y":-579,"length":648.0138887400485},{"x":-307,"y":-549,"length":629.0071541723512},{"x":-323,"y":-511,"length":604.5246066125018},{"x":-333,"y":-469,"length":575.1956188984752},{"x":-334,"y":-428,"length":542.8996223981004},{"x":-330,"y":-370,"length":495.7822102496216},{"x":-320,"y":-333,"length":461.8322206169682},{"x":-306,"y":-296,"length":425.7370080225584},{"x":-288,"y":-263,"length":390.0166663105565},{"x":-267,"y":-238,"length":357.67722879713773},{"x":-243,"y":-214,"length":323.79777639755343},{"x":-213,"y":-192,"length":286.76296832052776},{"x":-176,"y":-169,"length":244.00204917172314},{"x":-143,"y":-155,"length":210.8885961829136},{"x":-109,"y":-148,"length":183.8069639594757},{"x":-72,"y":-145,"length":161.8919392681427},{"x":-27,"y":-148,"length":150.44268011438774},{"x":15,"y":-156,"length":156.71949463930773},{"x":58,"y":-175,"length":184.36105879496353}],"type":4,"safeId":-1},"className":"frg.game.editor.objects::DynamicPather"},{"params":{"x":2750,"rotation":0,"y":-590,"width":1121,"height":245},"className":"FinishZone"},{"params":{"stretchTexture":false,"x":3482,"rotation":0,"physic":true,"originOffsetRatio":0,"repeatTexture":true,"snapToGrid":false,"textureOffset":0,"id":-1,"smoothing":true,"y":167,"density":"1","height":324.15,"action":0,"isStatic":true,"wireframe":false,"width":233.05,"graphic":true,"textureMode":true,"shapeH":17,"straightSides":true,"vertices":[{"x":46,"y":-480,"length":482.19912899133277},{"x":16,"y":-490,"length":490.2611548960411},{"x":-11,"y":-493,"length":493.1227027829889},{"x":-46,"y":-488,"length":490.16323811563024},{"x":-79,"y":-477,"length":483.49767321053366},{"x":-107,"y":-462,"length":474.2288477096264},{"x":-131,"y":-439,"length":458.1288028491551},{"x":-147,"y":-416,"length":441.2085674598806},{"x":-159,"y":-394,"length":424.8729221779143},{"x":-168,"y":-367,"length":403.62482579742294},{"x":-172,"y":-337,"length":378.3556527924487},{"x":-170,"y":-310,"length":353.5533905932738},{"x":-164,"y":-282,"length":326.2207841324645},{"x":-154,"y":-256,"length":298.75073221667594},{"x":-139,"y":-233,"length":271.31162894354526},{"x":-120,"y":-212,"length":243.6062396573618},{"x":-98,"y":-199,"length":221.82200071228283},{"x":-72,"y":-190,"length":203.18464508914053},{"x":-41,"y":-186,"length":190.46521992216847},{"x":-9,"y":-191,"length":191.21192431435858},{"x":23,"y":-209,"length":210.261741645978},{"x":45,"y":-229,"length":233.37951923851415}],"type":4,"safeId":-1},"className":"frg.game.editor.objects::DynamicPather"},{"params":{"stretchTexture":false,"x":4400,"rotation":0,"physic":true,"originOffsetRatio":0,"repeatTexture":true,"snapToGrid":true,"textureOffset":0,"id":-1,"smoothing":true,"y":-220,"density":"1","height":484,"action":0,"isStatic":true,"wireframe":false,"width":955,"graphic":true,"textureMode":true,"shapeH":17,"straightSides":true,"vertices":[{"x":-265,"y":0,"length":265},{"x":-200,"y":0,"length":200},{"x":-130,"y":0,"length":130},{"x":-70,"y":0,"length":70},{"x":-5,"y":0,"length":5},{"x":60,"y":0,"length":60},{"x":115,"y":0,"length":115},{"x":185,"y":0,"length":185},{"x":245,"y":0,"length":245},{"x":305,"y":0,"length":305},{"x":365,"y":0,"length":365},{"x":434,"y":0,"length":434},{"x":472,"y":-9,"length":472.0857972868915},{"x":509,"y":-19,"length":509.3544934522518},{"x":539,"y":-34,"length":540.0712915902863},{"x":572,"y":-55,"length":574.6381470107949},{"x":599,"y":-78,"length":604.0571165047226},{"x":622,"y":-105,"length":630.8002853518695},{"x":642,"y":-133,"length":655.6317563998864},{"x":655,"y":-162,"length":674.7362447653156},{"x":667,"y":-194,"length":694.640194633164},{"x":674,"y":-231,"length":712.4864911000068},{"x":675,"y":-266,"length":725.521191971675},{"x":673,"y":-297,"length":735.6208262413456},{"x":666,"y":-329,"length":742.8303978702003},{"x":657,"y":-360,"length":749.1655357796433},{"x":642,"y":-386,"length":749.1061340023855},{"x":622,"y":-417,"length":748.8477815951651},{"x":600,"y":-441,"length":744.6348098229091},{"x":574,"y":-469,"length":741.2401770006804}],"type":4,"safeId":-1},"className":"frg.game.editor.objects::DynamicPather"},{"params":{"stretchTexture":false,"x":3540,"rotation":0,"physic":true,"originOffsetRatio":0,"repeatTexture":true,"snapToGrid":false,"textureOffset":0,"id":-1,"smoothing":true,"y":290,"density":"1","height":81,"action":0,"isStatic":true,"wireframe":false,"width":2829,"graphic":true,"textureMode":true,"shapeH":64,"straightSides":true,"vertices":[{"x":-2795,"y":102,"length":2796.8605614152452},{"x":21,"y":119,"length":120.83873551142449}],"type":5,"safeId":-1},"className":"frg.game.editor.objects::DynamicPather"},{"params":{"stretchTexture":false,"x":4061,"rotation":0,"physic":true,"originOffsetRatio":0,"repeatTexture":true,"snapToGrid":false,"textureOffset":0,"id":-1,"smoothing":true,"y":-480,"density":"1","height":300,"action":0,"isStatic":true,"wireframe":false,"width":402,"graphic":true,"textureMode":true,"shapeH":17,"straightSides":true,"vertices":[{"x":-132,"y":-280,"length":309.5545186231337},{"x":-142,"y":-245,"length":283.17662332897464},{"x":-145,"y":-202,"length":248.65437860612872},{"x":-143,"y":-166,"length":219.10043359153812},{"x":-135,"y":-132,"length":188.80942773071476},{"x":-120,"y":-98,"length":154.9322432549145},{"x":-102,"y":-74,"length":126.01587201618692},{"x":-84,"y":-51,"length":98.2700361249552},{"x":-52,"y":-27,"length":58.59180830116101},{"x":-25,"y":-11,"length":27.313000567495326},{"x":10,"y":-1,"length":10.04987562112089},{"x":51,"y":0,"length":51},{"x":83,"y":-3,"length":83.05419917138447},{"x":114,"y":-11,"length":114.5294721894762},{"x":142,"y":-25,"length":144.183910336764},{"x":169,"y":-43,"length":174.38463235044537},{"x":193,"y":-66,"length":203.9730374338726},{"x":212,"y":-92,"length":231.10170921046864},{"x":227,"y":-120,"length":256.76643082770767},{"x":237,"y":-153,"length":282.0957284327432},{"x":240,"y":-183,"length":301.8095425926755},{"x":239,"y":-213,"length":320.14059411452337},{"x":231,"y":-250,"length":340.3836071258427},{"x":218,"y":-285,"length":358.8161088914487}],"type":4,"safeId":-1},"className":"frg.game.editor.objects::DynamicPather"},{"params":{"stretchTexture":false,"x":3460,"rotation":0,"physic":true,"originOffsetRatio":0,"repeatTexture":true,"snapToGrid":false,"textureOffset":0,"id":-1,"smoothing":true,"y":-490,"density":"1","height":287,"action":0,"isStatic":true,"wireframe":false,"width":399.05,"graphic":true,"textureMode":true,"shapeH":17,"straightSides":true,"vertices":[{"x":-128,"y":-270,"length":298.80428377116687},{"x":-136,"y":-239,"length":274.98545416076104},{"x":-142,"y":-204,"length":248.55582873873627},{"x":-140,"y":-160,"length":212.60291625469299},{"x":-135,"y":-132,"length":188.80942773071476},{"x":-120,"y":-98,"length":154.9322432549145},{"x":-102,"y":-74,"length":126.01587201618692},{"x":-84,"y":-51,"length":98.2700361249552},{"x":-52,"y":-27,"length":58.59180830116101},{"x":-25,"y":-11,"length":27.313000567495326},{"x":10,"y":-1,"length":10.04987562112089},{"x":51,"y":0,"length":51},{"x":83,"y":-3,"length":83.05419917138447},{"x":114,"y":-11,"length":114.5294721894762},{"x":142,"y":-25,"length":144.183910336764},{"x":169,"y":-43,"length":174.38463235044537},{"x":193,"y":-66,"length":203.9730374338726},{"x":212,"y":-92,"length":231.10170921046864},{"x":227,"y":-120,"length":256.76643082770767},{"x":237,"y":-153,"length":282.0957284327432},{"x":240,"y":-183,"length":301.8095425926755},{"x":239,"y":-213,"length":320.14059411452337},{"x":230,"y":-244,"length":335.3147774852758},{"x":220,"y":-272,"length":349.83424646537964}],"type":4,"safeId":-1},"className":"frg.game.editor.objects::DynamicPather"},{"params":{"stretchTexture":false,"x":3560,"rotation":0,"physic":true,"originOffsetRatio":0,"repeatTexture":true,"snapToGrid":false,"textureOffset":0,"id":-1,"smoothing":true,"y":420,"density":"1","height":560.1,"action":0,"isStatic":true,"wireframe":false,"width":500.2,"graphic":true,"textureMode":true,"shapeH":64,"straightSides":true,"vertices":[{"x":0,"y":0,"length":0},{"x":452,"y":-518,"length":687.4794542384521}],"type":5,"safeId":-1},"className":"frg.game.editor.objects::DynamicPather"},{"params":{"stretchTexture":false,"x":2720,"rotation":0,"physic":true,"originOffsetRatio":0,"repeatTexture":true,"snapToGrid":true,"textureOffset":0,"id":-1,"smoothing":true,"y":-460,"density":"1","height":752,"action":0,"isStatic":true,"wireframe":false,"width":2508.05,"graphic":true,"textureMode":true,"shapeH":17,"straightSides":true,"vertices":[{"x":-1895,"y":-110,"length":1898.1899272728217},{"x":-1895,"y":-200,"length":1905.5248620786872},{"x":-1895,"y":-281,"length":1915.7207520930601},{"x":-1895,"y":-370,"length":1930.7835197142117},{"x":-1895,"y":-455,"length":1948.8586403328488},{"x":-1895,"y":-538,"length":1969.8906060997397},{"x":-1895,"y":-630,"length":1996.9789683419303},{"x":-1895,"y":-695,"length":2018.4276058357902},{"x":-1895,"y":-740,"length":2034.3610790614334},{"x":-1850,"y":-740,"length":1992.5109786397666},{"x":-1765,"y":-740,"length":1913.850830132798},{"x":-1685,"y":-740,"length":1840.3328503289833},{"x":-1595,"y":-740,"length":1758.3017374728377},{"x":-1515,"y":-740,"length":1686.0679108505683},{"x":-1425,"y":-740,"length":1605.6852119889502},{"x":-1340,"y":-740,"length":1530.7514494521963},{"x":-1255,"y":-740,"length":1456.9231276906823},{"x":-1165,"y":-740,"length":1380.1539769170686},{"x":-1080,"y":-740,"length":1309.1982279242513},{"x":-1000,"y":-740,"length":1244.0257232067188},{"x":-910,"y":-740,"length":1172.9023829799307},{"x":-820,"y":-740,"length":1104.536101718726},{"x":-740,"y":-740,"length":1046.5180361560904},{"x":-650,"y":-740,"length":984.9365461794988},{"x":-572,"y":-740,"length":935.2988827107621},{"x":-530,"y":-740,"length":910.2197536858888},{"x":-530,"y":-685,"length":866.0975695613052},{"x":-530,"y":-625,"length":819.4662897276495},{"x":-530,"y":-560,"length":771.0382610480494},{"x":-530,"y":-485,"length":718.4184017687743},{"x":-530,"y":-395,"length":661.0030257116831},{"x":-530,"y":-315,"length":616.5427803486145},{"x":-530,"y":-255,"length":588.1538914263851},{"x":-530,"y":-165,"length":555.0900827793629},{"x":-530,"y":-100,"length":539.351462406472},{"x":-530,"y":-30,"length":530.8483775994799},{"x":-510,"y":-5,"length":510.02450921499843},{"x":-435,"y":-5,"length":435.0287346831241},{"x":-345,"y":-5,"length":345.03622998172233},{"x":-260,"y":-5,"length":260.0480724789169},{"x":-175,"y":-5,"length":175.07141400011596},{"x":-90,"y":-5,"length":90.13878188659973},{"x":-10,"y":-5,"length":11.180339887498949},{"x":80,"y":-5,"length":80.15609770940699},{"x":170,"y":-5,"length":170.07351351694948},{"x":255,"y":-5,"length":255.04901489713697},{"x":340,"y":-5,"length":340.03676271838606},{"x":430,"y":-5,"length":430.0290687848904},{"x":510,"y":-5,"length":510.02450921499843},{"x":575,"y":-5,"length":575.0217387195027},{"x":596,"y":-25,"length":596.5240984235255},{"x":595,"y":-90,"length":601.7682278086805},{"x":595,"y":-158,"length":615.6208248589386},{"x":596,"y":-249,"length":645.9233700679981}],"type":4,"safeId":-1},"className":"frg.game.editor.objects::DynamicPather"},{"params":{"stretchTexture":false,"x":4020,"rotation":0,"physic":true,"originOffsetRatio":0,"repeatTexture":true,"snapToGrid":false,"textureOffset":0,"id":-1,"smoothing":true,"y":-80,"density":"1","height":67,"action":0,"isStatic":true,"wireframe":false,"width":1784,"graphic":true,"textureMode":true,"shapeH":64,"straightSides":true,"vertices":[{"x":-8,"y":-13,"length":15.264337522473747},{"x":1763,"y":-16,"length":1763.0726020218226}],"type":5,"safeId":-1},"className":"frg.game.editor.objects::DynamicPather"},{"params":{"stretchTexture":false,"x":930,"rotation":0,"physic":true,"originOffsetRatio":0,"repeatTexture":true,"snapToGrid":false,"textureOffset":0,"id":-1,"smoothing":true,"y":-1200,"density":"1","height":420,"action":0,"isStatic":true,"wireframe":false,"width":151.2,"graphic":true,"textureMode":true,"shapeH":16,"straightSides":true,"vertices":[{"x":0,"y":0,"length":0},{"x":136,"y":407,"length":429.12119500206467}],"type":7,"safeId":-1},"className":"frg.game.editor.objects::DynamicPather"},{"params":{"stretchTexture":false,"x":1180,"rotation":0,"physic":true,"originOffsetRatio":0,"repeatTexture":true,"snapToGrid":false,"textureOffset":0,"id":-1,"smoothing":true,"y":-1200,"density":"1","height":417,"action":0,"isStatic":true,"wireframe":false,"width":155.1,"graphic":true,"textureMode":true,"shapeH":16,"straightSides":true,"vertices":[{"x":55,"y":0,"length":55},{"x":-85,"y":404,"length":412.84500723637194}],"type":7,"safeId":-1},"className":"frg.game.editor.objects::DynamicPather"},{"params":{"stretchTexture":false,"x":1720,"rotation":0,"physic":true,"originOffsetRatio":0,"repeatTexture":true,"snapToGrid":false,"textureOffset":0,"id":-1,"smoothing":true,"y":-1150,"density":"1","height":465,"action":0,"isStatic":true,"wireframe":false,"width":253.1,"graphic":true,"textureMode":true,"shapeH":16,"straightSides":true,"vertices":[{"x":157,"y":-48,"length":164.17368851311102},{"x":-82,"y":404,"length":412.23779545306127}],"type":7,"safeId":-1},"className":"frg.game.editor.objects::DynamicPather"},{"params":{"stretchTexture":false,"x":1470,"rotation":0,"physic":true,"originOffsetRatio":0,"repeatTexture":true,"snapToGrid":false,"textureOffset":0,"id":-1,"smoothing":true,"y":-1150,"density":"1","height":473,"action":0,"isStatic":true,"wireframe":false,"width":164.2,"graphic":true,"textureMode":true,"shapeH":16,"straightSides":true,"vertices":[{"x":-17,"y":-53,"length":55.65968020030299},{"x":132,"y":407,"length":427.87030745308795}],"type":7,"safeId":-1},"className":"frg.game.editor.objects::DynamicPather"},{"params":{"x":-570,"rotation":0,"physic":true,"line":true,"plr":false,"id":-1,"graphic":true,"density":1,"isWheel":false,"isStatic":true,"ignore":false,"layer":6,"rem":true,"safeId":-1,"vertices":[{"x":0,"y":0,"length":0},{"x":445,"y":825,"length":937.3633233703994},{"x":-5,"y":820,"length":820.0152437607486}],"y":-430},"className":"frg.game.editor.objects::LandscapeShaper"},{"params":{"stretchTexture":false,"x":3730,"rotation":0,"physic":true,"originOffsetRatio":0,"repeatTexture":true,"snapToGrid":true,"textureOffset":0,"id":-1,"smoothing":true,"y":-1360,"density":"1","height":1290,"action":0,"isStatic":true,"wireframe":false,"width":1505,"graphic":true,"textureMode":true,"shapeH":17,"straightSides":true,"vertices":[{"x":0,"y":0,"length":0},{"x":60,"y":0,"length":60},{"x":140,"y":0,"length":140},{"x":245,"y":0,"length":245},{"x":345,"y":0,"length":345},{"x":430,"y":0,"length":430},{"x":520,"y":0,"length":520},{"x":650,"y":0,"length":650},{"x":760,"y":0,"length":760},{"x":880,"y":0,"length":880},{"x":990,"y":0,"length":990},{"x":1100,"y":0,"length":1100},{"x":1205,"y":0,"length":1205},{"x":1305,"y":0,"length":1305},{"x":1410,"y":0,"length":1410},{"x":1490,"y":0,"length":1490},{"x":1490,"y":100,"length":1493.3519344079614},{"x":1490,"y":185,"length":1501.4409745308005},{"x":1490,"y":260,"length":1512.5144627407699},{"x":1490,"y":340,"length":1528.2997088267732},{"x":1490,"y":430,"length":1550.8062419270823},{"x":1490,"y":505,"length":1573.252999361514},{"x":1490,"y":595,"length":1604.4079905061556},{"x":1490,"y":700,"length":1646.2381358722073},{"x":1490,"y":815,"length":1698.3300621492867},{"x":1490,"y":910,"length":1745.909505100422},{"x":1490,"y":1000,"length":1794.4637081869334},{"x":1490,"y":1100,"length":1852.0529150107996},{"x":1490,"y":1195,"length":1910.0065444914057},{"x":1490,"y":1275,"length":1961.0520135886247}],"type":4,"safeId":-1},"className":"frg.game.editor.objects::DynamicPather"},{"params":{"stretchTexture":false,"x":3697,"rotation":54.00000000000006,"physic":true,"originOffsetRatio":0,"repeatTexture":true,"snapToGrid":false,"textureOffset":0,"id":-1,"smoothing":true,"y":-669,"density":"1","height":165,"action":0,"isStatic":true,"wireframe":false,"width":307,"graphic":true,"textureMode":true,"shapeH":17,"straightSides":true,"vertices":[{"x":0,"y":0,"length":0},{"x":67,"y":-35,"length":75.59100475585703},{"x":136,"y":-68,"length":152.0526224699857},{"x":205,"y":-103,"length":229.42101037176172},{"x":252,"y":-127,"length":282.1931962326519},{"x":294,"y":-150,"length":330.0545409474016}],"type":4,"safeId":-1},"className":"frg.game.editor.objects::DynamicPather"},{"params":{"stretchTexture":false,"x":3687,"rotation":0,"physic":true,"originOffsetRatio":0,"repeatTexture":true,"snapToGrid":true,"textureOffset":0,"id":-1,"smoothing":true,"y":-750,"density":"1","height":17,"action":0,"isStatic":true,"wireframe":false,"width":248,"graphic":true,"textureMode":true,"shapeH":17,"straightSides":true,"vertices":[{"x":0,"y":0,"length":0},{"x":86,"y":0,"length":86},{"x":165,"y":0,"length":165},{"x":235,"y":0,"length":235}],"type":4,"safeId":-1},"className":"frg.game.editor.objects::DynamicPather"}],[{"params":{"scaleX":1,"rotation":0,"scaleY":1,"x":1633,"y":163,"width":9.3,"height":128.35},"className":"SignPillar"},{"params":{"scaleX":1,"rotation":0,"scaleY":0.5013634592910011,"x":2850,"y":350,"width":9.3,"height":64.35},"className":"SignPillar"},{"params":{"scaleX":1,"rotation":0,"scaleY":1,"x":4230,"y":-290,"width":9.3,"height":128.35},"className":"SignPillar"},{"params":{"x":1080,"ag":true,"active":true,"y":-541,"sgos":true,"btg":true,"id":-1,"ad":-1,"width":301.8,"height":324.1,"scaleX":1,"scaleY":1,"safeId":-1,"rotation":0},"className":"SpikeBall137E"},{"params":{"x":1610,"ag":true,"active":true,"y":-490,"sgos":true,"btg":true,"id":-1,"ad":-1,"width":301.8,"height":324.1,"scaleX":1,"scaleY":1,"safeId":-1,"rotation":0},"className":"SpikeBall137E"},{"params":{"x":2069,"ag":true,"active":true,"y":-240,"sgos":true,"btg":true,"id":-1,"ad":-1,"width":301.8,"height":324.1,"scaleX":1,"scaleY":1,"safeId":-1,"rotation":0},"className":"SpikeBall137E"},{"params":{"x":2579,"ag":true,"active":true,"y":-130,"sgos":true,"btg":true,"id":-1,"ad":-1,"width":301.8,"height":324.1,"scaleX":1,"scaleY":1,"safeId":-1,"rotation":0},"className":"SpikeBall137E"}],[{"params":{"x":3580,"rotation":-17.999999999999993,"y":235,"safeId":-1,"width":66,"ttl":0.5,"height":18},"className":"GlassCrashed1"},{"params":{"x":3637,"rotation":-26.999999999999993,"y":211,"safeId":-1,"width":66,"ttl":0.5,"height":18},"className":"GlassCrashed1"},{"params":{"x":3670,"rotation":-147,"y":-410,"safeId":-1,"width":66,"ttl":0.5,"height":18},"className":"GlassCrashed1"},{"params":{"x":3491,"rotation":-177,"y":-468,"safeId":-1,"width":66,"ttl":0.5,"height":18},"className":"GlassCrashed1"},{"params":{"x":3614,"rotation":-156,"y":-440,"safeId":-1,"width":66,"ttl":0.5,"height":18},"className":"GlassCrashed1"},{"params":{"x":3828,"rotation":-96,"y":-151,"safeId":-1,"width":66,"ttl":0.5,"height":18},"className":"GlassCrashed1"},{"params":{"x":3735,"rotation":-47.999999999999986,"y":134,"safeId":-1,"width":66,"ttl":0.5,"height":18},"className":"GlassCrashed1"},{"params":{"x":3719,"rotation":-138,"y":-372,"safeId":-1,"width":66,"ttl":0.5,"height":18},"className":"GlassCrashed1"},{"params":{"x":3817,"rotation":-104,"y":-214,"safeId":-1,"width":66,"ttl":0.5,"height":18},"className":"GlassCrashed1"},{"params":{"x":3803,"rotation":-65.99999999999999,"y":29,"safeId":-1,"width":66,"ttl":0.5,"height":18},"className":"GlassCrashed1"},{"params":{"x":3690,"rotation":-38.99999999999999,"y":177,"safeId":-1,"width":66,"ttl":0.5,"height":18},"className":"GlassCrashed1"},{"params":{"x":3554,"rotation":-168,"y":-460,"safeId":-1,"width":66,"ttl":0.5,"height":18},"className":"GlassCrashed1"},{"params":{"x":3761,"rotation":-126,"y":-325,"safeId":-1,"width":66,"ttl":0.5,"height":18},"className":"GlassCrashed1"},{"params":{"x":3774,"rotation":-56.999999999999986,"y":83,"safeId":-1,"width":66,"ttl":0.5,"height":18},"className":"GlassCrashed1"},{"params":{"x":3830,"rotation":-86.99999999999999,"y":-89,"safeId":-1,"width":66,"ttl":0.5,"height":18},"className":"GlassCrashed1"},{"params":{"x":3794,"rotation":-118,"y":-271,"safeId":-1,"width":66,"ttl":0.5,"height":18},"className":"GlassCrashed1"},{"params":{"x":3822,"rotation":-77.99999999999999,"y":-29,"safeId":-1,"width":66,"ttl":0.5,"height":18},"className":"GlassCrashed1"},{"params":{"x":3564,"rotation":-36.99999999999999,"y":69,"safeId":-1,"width":66,"ttl":0.5,"height":18},"className":"GlassCrashed1"},{"params":{"x":3609,"rotation":-49.99999999999999,"y":27,"safeId":-1,"width":66,"ttl":0.5,"height":18},"className":"GlassCrashed1"},{"params":{"x":3553,"rotation":-147,"y":-294,"safeId":-1,"width":66,"ttl":0.5,"height":18},"className":"GlassCrashed1"},{"params":{"x":3640,"rotation":-70,"y":-25,"safeId":-1,"width":66,"ttl":0.5,"height":18},"className":"GlassCrashed1"},{"params":{"x":3654,"rotation":-85.00000000000001,"y":-85,"safeId":-1,"width":66,"ttl":0.5,"height":18},"className":"GlassCrashed1"},{"params":{"x":3634,"rotation":-116,"y":-204,"safeId":-1,"width":66,"ttl":0.5,"height":18},"className":"GlassCrashed1"},{"params":{"x":3652,"rotation":-99,"y":-147,"safeId":-1,"width":66,"ttl":0.5,"height":18},"className":"GlassCrashed1"},{"params":{"x":3600,"rotation":-132,"y":-254,"safeId":-1,"width":66,"ttl":0.5,"height":18},"className":"GlassCrashed1"},{"params":{"x":2730,"rotation":-143,"y":-335,"safeId":-1,"width":66,"ttl":0.5,"height":18},"className":"GlassCrashed1"},{"params":{"x":2676,"rotation":-159.00000000000003,"y":-364,"safeId":-1,"width":66,"ttl":0.5,"height":18},"className":"GlassCrashed1"},{"params":{"x":2614,"rotation":-171,"y":-380,"safeId":-1,"width":66,"ttl":0.5,"height":18},"className":"GlassCrashed1"},{"params":{"x":2551,"rotation":176,"y":-383,"safeId":-1,"width":66,"ttl":0.5,"height":18},"className":"GlassCrashed1"},{"params":{"x":2491,"rotation":161.00000000000006,"y":-370,"safeId":-1,"width":66,"ttl":0.5,"height":18},"className":"GlassCrashed1"},{"params":{"x":2527,"rotation":21,"y":253,"safeId":-1,"width":66,"ttl":0.5,"height":18},"className":"GlassCrashed1"},{"params":{"x":2588,"rotation":8,"y":269,"safeId":-1,"width":66,"ttl":0.5,"height":18},"className":"GlassCrashed1"},{"params":{"x":2651,"rotation":0,"y":274,"safeId":-1,"width":66,"ttl":0.5,"height":18},"className":"GlassCrashed1"},{"params":{"x":2714,"rotation":-10,"y":269,"safeId":-1,"width":66,"ttl":0.5,"height":18},"className":"GlassCrashed1"},{"params":{"x":2776,"rotation":-22,"y":251,"safeId":-1,"width":66,"ttl":0.5,"height":18},"className":"GlassCrashed1"},{"params":{"x":2547,"rotation":-35.00000000000001,"y":201,"safeId":-1,"width":132,"ttl":0.5,"height":18},"className":"GlassCrashed0"},{"params":{"x":2655,"rotation":-34,"y":128,"safeId":-1,"width":132,"ttl":0.5,"height":18},"className":"GlassCrashed0"},{"params":{"x":2012,"rotation":-28,"y":92,"safeId":-1,"width":132,"ttl":0.5,"height":18},"className":"GlassCrashed0"},{"params":{"x":2128,"rotation":-28,"y":32,"safeId":-1,"width":132,"ttl":0.5,"height":18},"className":"GlassCrashed0"}],null,[{"params":{"x":200,"rotation":0,"y":310,"width":64,"height":32},"className":"PlayerWP"},{"params":{"x":1630,"rotation":0,"y":90,"id":1,"width":128,"height":516},"className":"SafePointE"},{"params":{"x":2850,"rotation":0,"y":320,"id":2,"width":128,"height":117},"className":"SafePointE"},{"params":{"x":4230,"rotation":0,"y":-360,"id":3,"width":128,"height":299},"className":"SafePointE"}],[{"params":{"x":1276,"rotation":0,"graphic":0,"id":1,"y":-265,"height":17,"width":17,"time":0,"safeId":-1,"snd":false,"rate":33,"useWeld":false},"className":"MotorJointE"},{"params":{"x":980,"sndId":-1,"rotation":0,"y":50,"fnl":false,"safeId":-1,"id_off":-1,"off":false,"id":1,"width":446,"height":64},"className":"ToggleE"},{"params":{"x":1610,"sndId":0,"rotation":0,"y":-650,"fnl":false,"safeId":-1,"id_off":-1,"off":false,"id":0,"width":150,"height":306},"className":"ToggleE"},{"params":{"x":2980,"sndId":0,"rotation":0,"y":-270,"fnl":false,"safeId":-1,"id_off":-1,"off":false,"id":0,"width":150,"height":306},"className":"ToggleE"},{"params":{"x":3400,"sndId":0,"rotation":0,"y":-160,"fnl":false,"safeId":-1,"id_off":-1,"off":false,"id":0,"width":150,"height":56},"className":"ToggleE"},{"params":{"x":3900,"sndId":0,"rotation":0,"y":-1010,"fnl":false,"safeId":-1,"id_off":-1,"off":false,"id":0,"width":47,"height":268},"className":"ToggleE"},{"params":{"x":1080,"rotation":0,"graphic":0,"safeId":-1,"id":-1,"y":-541,"width":17,"height":17},"className":"PivotJointE"},{"params":{"x":1610,"rotation":0,"graphic":0,"safeId":-1,"id":-1,"y":-490,"width":17,"height":17},"className":"PivotJointE"},{"params":{"x":2069,"rotation":0,"graphic":0,"safeId":-1,"id":-1,"y":-240,"width":17,"height":17},"className":"PivotJointE"},{"params":{"x":2579,"rotation":0,"graphic":0,"safeId":-1,"id":-1,"y":-130,"width":17,"height":17},"className":"PivotJointE"}]],"settings":{"prizes":"33,40,47","gravityY":500,"theme":6,"countdown":0}}