{"layers":[[{"params":{"x":15920,"rotation":0,"y":-2700,"width":1339,"height":1343},"className":"FinishZone"},{"params":{"x":14255,"rotation":0,"physic":true,"line":true,"plr":false,"id":-1,"graphic":true,"density":1,"isWheel":true,"isStatic":false,"ignore":false,"layer":3,"rem":true,"safeId":3,"vertices":[{"x":0,"y":0,"length":0},{"x":38,"y":-37,"length":53.03772242470448},{"x":97,"y":-79,"length":125.09996003196804},{"x":144,"y":-112,"length":182.42806801586207},{"x":194,"y":-137,"length":237.49736840647307},{"x":257,"y":-166,"length":305.94934221207274},{"x":319,"y":-186,"length":369.2654871498283},{"x":379,"y":-198,"length":427.6037885706814},{"x":446,"y":-211,"length":493.39335220491165},{"x":506,"y":-214,"length":549.3923916473543},{"x":574,"y":-214,"length":612.5944825086168},{"x":626,"y":-210,"length":660.2847870426821},{"x":681,"y":-201,"length":710.043660629401},{"x":739,"y":-190,"length":763.0340752548342},{"x":801,"y":-171,"length":819.0494490566489},{"x":869,"y":-143,"length":880.6872316549162},{"x":924,"y":-115,"length":931.128884741527},{"x":979,"y":-77,"length":982.0234213092883},{"x":1031,"y":-38,"length":1031.7000533100693},{"x":1093,"y":18,"length":1093.1482058714637},{"x":1148,"y":77,"length":1150.5794192492754},{"x":1195,"y":139,"length":1203.0569396333658},{"x":1230,"y":203,"length":1246.6390816912487},{"x":1269,"y":295,"length":1302.8376721602733},{"x":1287,"y":361,"length":1336.6712385624223},{"x":1303,"y":447,"length":1377.5405620162333},{"x":1310,"y":561,"length":1425.0687702704035},{"x":1303,"y":664,"length":1462.4311949626895},{"x":1285,"y":752,"length":1488.868362213396},{"x":1265,"y":825,"length":1510.248323952058},{"x":1241,"y":885,"length":1524.239482496107},{"x":1207,"y":944,"length":1532.3136101986433},{"x":1173,"y":997,"length":1539.4602950384917},{"x":1130,"y":1050,"length":1542.5303886795878},{"x":1080,"y":1105,"length":1545.1294444155803},{"x":1020,"y":1160,"length":1544.6682491719703},{"x":953,"y":1207,"length":1537.874507233929},{"x":850,"y":1263,"length":1522.389240634602},{"x":725,"y":1307,"length":1494.6150005937984},{"x":588,"y":1327,"length":1451.4382522174342},{"x":462,"y":1324,"length":1402.2909826423331},{"x":329,"y":1302,"length":1342.9240484852448},{"x":216,"y":1263,"length":1281.337192155133},{"x":130,"y":1214,"length":1220.9406209967788},{"x":46,"y":1154,"length":1154.9164471943413},{"x":-27,"y":1079,"length":1079.3377599250384},{"x":-97,"y":991,"length":995.7359087629611},{"x":-130,"y":942,"length":950.9279678293199},{"x":-164,"y":874,"length":889.2536196159114},{"x":-190,"y":814,"length":835.8803742163109},{"x":-207,"y":755,"length":782.8626954964708},{"x":-219,"y":686,"length":720.1090195241273},{"x":-229,"y":621,"length":661.8776321949549},{"x":-233,"y":552,"length":599.1602456772312},{"x":-230,"y":485,"length":536.7727638395972},{"x":-223,"y":435,"length":488.8292135296335},{"x":-214,"y":389,"length":443.9786030880317},{"x":-200,"y":330,"length":385.87562763149475},{"x":-185,"y":279,"length":334.7626024513491},{"x":-155,"y":215,"length":265.04716561397146},{"x":-121,"y":155,"length":196.6367208839692},{"x":-78,"y":94,"length":122.14745187681976},{"x":-38,"y":38,"length":53.74011537017761}],"y":-2273},"className":"frg.game.editor.objects::LandscapeShaper"},{"params":{"x":9820,"bg":true,"rotation":0,"y":-1020,"vertices":[{"x":0,"y":0,"length":0},{"x":2130,"y":0,"length":2130},{"x":2145,"y":670,"length":2247.2038180814843},{"x":15,"y":670,"length":670.1678894127948}],"viscosity":1.5,"id":-1,"sf":true,"density":1.5},"className":"frg.game.editor.objects::WaterShaper"},{"params":{"x":3840,"bg":true,"rotation":0,"y":50,"vertices":[{"x":0,"y":0,"length":0},{"x":1195,"y":0,"length":1195},{"x":1195,"y":230,"length":1216.9326193343657},{"x":0,"y":230,"length":230}],"viscosity":1.5,"id":-1,"sf":true,"density":1.5},"className":"frg.game.editor.objects::WaterShaper"},{"params":{"x":4330,"rotation":0,"physic":true,"line":true,"plr":false,"id":-1,"graphic":true,"density":1,"isWheel":false,"isStatic":false,"ignore":true,"layer":1,"rem":false,"safeId":-1,"vertices":[{"x":0,"y":10,"length":10},{"x":30,"y":-10,"length":31.622776601683793},{"x":602,"y":-175,"length":626.9202501116071},{"x":615,"y":-125,"length":627.5746967493193},{"x":435,"y":-70,"length":440.5961870012041},{"x":355,"y":345,"length":495.025251881154},{"x":480,"y":470,"length":671.7886572427374},{"x":435,"y":507,"length":668.0374241013748},{"x":-5,"y":95,"length":95.13148795220224},{"x":-20,"y":65,"length":68.00735254367721},{"x":-20,"y":45,"length":49.24428900898052},{"x":-15,"y":25,"length":29.154759474226502}],"y":-820},"className":"frg.game.editor.objects::LandscapeShaper"},{"params":{"stretchTexture":false,"x":2270,"rotation":-54,"physic":false,"originOffsetRatio":0,"repeatTexture":true,"snapToGrid":true,"textureOffset":0,"id":-1,"smoothing":true,"y":550,"density":"1","height":17,"action":0,"isStatic":true,"wireframe":false,"width":383,"graphic":true,"textureMode":true,"shapeH":17,"straightSides":true,"vertices":[{"x":0,"y":0,"length":0},{"x":65,"y":0,"length":65},{"x":135,"y":0,"length":135},{"x":210,"y":0,"length":210},{"x":285,"y":0,"length":285},{"x":370,"y":0,"length":370}],"type":4,"safeId":-1},"className":"frg.game.editor.objects::DynamicPather"},{"params":{"stretchTexture":false,"x":2680,"rotation":-75,"physic":false,"originOffsetRatio":0,"repeatTexture":true,"snapToGrid":true,"textureOffset":0,"id":-1,"smoothing":true,"y":740,"density":"1","height":17,"action":0,"isStatic":true,"wireframe":false,"width":383,"graphic":true,"textureMode":true,"shapeH":17,"straightSides":true,"vertices":[{"x":0,"y":0,"length":0},{"x":65,"y":0,"length":65},{"x":135,"y":0,"length":135},{"x":210,"y":0,"length":210},{"x":285,"y":0,"length":285},{"x":370,"y":0,"length":370}],"type":4,"safeId":-1},"className":"frg.game.editor.objects::DynamicPather"},{"params":{"stretchTexture":false,"x":3140,"rotation":-102,"physic":false,"originOffsetRatio":0,"repeatTexture":true,"snapToGrid":true,"textureOffset":0,"id":-1,"smoothing":true,"y":740,"density":"1","height":17,"action":0,"isStatic":true,"wireframe":false,"width":383,"graphic":true,"textureMode":true,"shapeH":17,"straightSides":true,"vertices":[{"x":0,"y":0,"length":0},{"x":65,"y":0,"length":65},{"x":135,"y":0,"length":135},{"x":210,"y":0,"length":210},{"x":285,"y":0,"length":285},{"x":370,"y":0,"length":370}],"type":4,"safeId":-1},"className":"frg.game.editor.objects::DynamicPather"},{"params":{"stretchTexture":false,"x":3580,"rotation":-129,"physic":false,"originOffsetRatio":0,"repeatTexture":true,"snapToGrid":true,"textureOffset":0,"id":-1,"smoothing":true,"y":520,"density":"1","height":17,"action":0,"isStatic":true,"wireframe":false,"width":383,"graphic":true,"textureMode":true,"shapeH":17,"straightSides":true,"vertices":[{"x":0,"y":0,"length":0},{"x":65,"y":0,"length":65},{"x":135,"y":0,"length":135},{"x":210,"y":0,"length":210},{"x":285,"y":0,"length":285},{"x":370,"y":0,"length":370}],"type":4,"safeId":-1},"className":"frg.game.editor.objects::DynamicPather"},{"params":{"stretchTexture":false,"x":3880,"rotation":-147,"physic":false,"originOffsetRatio":0,"repeatTexture":true,"snapToGrid":true,"textureOffset":0,"id":-1,"smoothing":true,"y":150,"density":"1","height":17,"action":0,"isStatic":true,"wireframe":false,"width":383,"graphic":true,"textureMode":true,"shapeH":17,"straightSides":true,"vertices":[{"x":0,"y":0,"length":0},{"x":65,"y":0,"length":65},{"x":135,"y":0,"length":135},{"x":210,"y":0,"length":210},{"x":285,"y":0,"length":285},{"x":370,"y":0,"length":370}],"type":4,"safeId":-1},"className":"frg.game.editor.objects::DynamicPather"},{"params":{"x":1930,"bg":true,"rotation":0,"y":400,"vertices":[{"x":0,"y":0,"length":0},{"x":1665,"y":0,"length":1665},{"x":1665,"y":230,"length":1680.8108162431606},{"x":0,"y":230,"length":230}],"viscosity":1.5,"id":-1,"sf":true,"density":1.5},"className":"frg.game.editor.objects::WaterShaper"},{"params":{"x":-40,"physic":false,"lineId":-1,"y":490,"height":4283,"isRoad":false,"direction":90,"width":17633,"textureMode":true,"cameraOffsetY":120,"straightSides":true,"directed":false,"originOffsetRatio":0,"thick":128,"stretchTexture":false,"camera":true,"rotation":0,"repeatTexture":true,"textureOffset":0,"snapToGrid":true,"line":false,"wireframe":false,"vertices":[{"x":5,"y":-80,"length":80.15609770940699},{"x":2600,"y":175,"length":2605.8827678926773},{"x":2875,"y":185,"length":2880.9460251799233},{"x":3100,"y":165,"length":3104.388023427484},{"x":3305,"y":85,"length":3306.0928601598594},{"x":3425,"y":20,"length":3425.0583936628},{"x":3600,"y":-115,"length":3601.836337203566},{"x":3800,"y":-315,"length":3813.033569220182},{"x":3870,"y":-370,"length":3887.6471033261237},{"x":3945,"y":-385,"length":3963.741918944774},{"x":4370,"y":-340,"length":4383.206588788624},{"x":4605,"y":-355,"length":4618.663226519119},{"x":4770,"y":-405,"length":4787.162520742324},{"x":5170,"y":-700,"length":5217.173564297052},{"x":6645,"y":-830,"length":6696.6353491884265},{"x":7250,"y":-1190,"length":7347.012998491292},{"x":8390,"y":-1715,"length":8563.487899214899},{"x":9315,"y":-1355,"length":9413.036173307739},{"x":9725,"y":-1415,"length":9827.403014021558},{"x":9890,"y":-1515,"length":10005.364810940178},{"x":11745,"y":-1545,"length":11846.182929534729},{"x":13905,"y":-1535,"length":13989.469253692221},{"x":14155,"y":-1830,"length":14272.803683929798},{"x":14605,"y":-2590,"length":14832.873120201628},{"x":15030,"y":-2930,"length":15312.929177658989},{"x":17625,"y":-4085,"length":18092.204122217943}],"smoothing":true,"shape":false},"className":"frg.game.editor.objects::GroundPather"},{"params":{"x":10275,"rotation":0,"physic":true,"line":true,"plr":false,"id":-1,"graphic":true,"density":1,"isWheel":false,"isStatic":false,"ignore":true,"layer":1,"rem":true,"safeId":2,"vertices":[{"x":0,"y":0,"length":0},{"x":38,"y":-37,"length":53.03772242470448},{"x":97,"y":-79,"length":125.09996003196804},{"x":144,"y":-112,"length":182.42806801586207},{"x":194,"y":-137,"length":237.49736840647307},{"x":257,"y":-166,"length":305.94934221207274},{"x":319,"y":-186,"length":369.2654871498283},{"x":379,"y":-198,"length":427.6037885706814},{"x":446,"y":-211,"length":493.39335220491165},{"x":506,"y":-214,"length":549.3923916473543},{"x":574,"y":-214,"length":612.5944825086168},{"x":626,"y":-210,"length":660.2847870426821},{"x":681,"y":-201,"length":710.043660629401},{"x":739,"y":-190,"length":763.0340752548342},{"x":801,"y":-171,"length":819.0494490566489},{"x":869,"y":-143,"length":880.6872316549162},{"x":924,"y":-115,"length":931.128884741527},{"x":979,"y":-77,"length":982.0234213092883},{"x":1031,"y":-38,"length":1031.7000533100693},{"x":1093,"y":18,"length":1093.1482058714637},{"x":1148,"y":77,"length":1150.5794192492754},{"x":1195,"y":139,"length":1203.0569396333658},{"x":1230,"y":203,"length":1246.6390816912487},{"x":1269,"y":295,"length":1302.8376721602733},{"x":1287,"y":361,"length":1336.6712385624223},{"x":1303,"y":447,"length":1377.5405620162333},{"x":1310,"y":561,"length":1425.0687702704035},{"x":1303,"y":664,"length":1462.4311949626895},{"x":1285,"y":752,"length":1488.868362213396},{"x":1265,"y":825,"length":1510.248323952058},{"x":1241,"y":885,"length":1524.239482496107},{"x":1207,"y":944,"length":1532.3136101986433},{"x":1173,"y":997,"length":1539.4602950384917},{"x":1130,"y":1050,"length":1542.5303886795878},{"x":1080,"y":1105,"length":1545.1294444155803},{"x":1020,"y":1160,"length":1544.6682491719703},{"x":953,"y":1207,"length":1537.874507233929},{"x":850,"y":1263,"length":1522.389240634602},{"x":725,"y":1307,"length":1494.6150005937984},{"x":588,"y":1327,"length":1451.4382522174342},{"x":462,"y":1324,"length":1402.2909826423331},{"x":329,"y":1302,"length":1342.9240484852448},{"x":216,"y":1263,"length":1281.337192155133},{"x":130,"y":1214,"length":1220.9406209967788},{"x":46,"y":1154,"length":1154.9164471943413},{"x":-27,"y":1079,"length":1079.3377599250384},{"x":-97,"y":991,"length":995.7359087629611},{"x":-130,"y":942,"length":950.9279678293199},{"x":-164,"y":874,"length":889.2536196159114},{"x":-190,"y":814,"length":835.8803742163109},{"x":-207,"y":755,"length":782.8626954964708},{"x":-219,"y":686,"length":720.1090195241273},{"x":-229,"y":621,"length":661.8776321949549},{"x":-233,"y":552,"length":599.1602456772312},{"x":-230,"y":485,"length":536.7727638395972},{"x":-223,"y":435,"length":488.8292135296335},{"x":-214,"y":389,"length":443.9786030880317},{"x":-200,"y":330,"length":385.87562763149475},{"x":-185,"y":279,"length":334.7626024513491},{"x":-155,"y":215,"length":265.04716561397146},{"x":-121,"y":155,"length":196.6367208839692},{"x":-78,"y":94,"length":122.14745187681976},{"x":-38,"y":38,"length":53.74011537017761}],"y":-2473},"className":"frg.game.editor.objects::LandscapeShaper"},{"params":{"x":6830,"rotation":0,"physic":true,"line":true,"plr":false,"id":-1,"graphic":true,"density":1,"isWheel":false,"isStatic":true,"ignore":false,"layer":8,"rem":true,"safeId":-1,"vertices":[{"x":3140,"y":-1055,"length":3312.4952830155094},{"x":5115,"y":-1345,"length":5288.879843596374},{"x":5270,"y":-305,"length":5278.818523116702},{"x":5200,"y":-50,"length":5200.240379059414},{"x":5125,"y":0,"length":5125},{"x":5055,"y":0,"length":5055},{"x":4980,"y":0,"length":4980},{"x":4900,"y":0,"length":4900},{"x":4815,"y":0,"length":4815},{"x":4750,"y":0,"length":4750},{"x":4675,"y":0,"length":4675},{"x":4673,"y":-76,"length":4673.617977541596},{"x":4664,"y":-155,"length":4666.574868144729},{"x":4645,"y":-232,"length":4650.790147921103},{"x":4617,"y":-305,"length":4627.063215474801},{"x":4583,"y":-369,"length":4597.831010378698},{"x":4546,"y":-425,"length":4565.823145939842},{"x":4496,"y":-482,"length":4521.762930539371},{"x":4438,"y":-543,"length":4471.095279682597},{"x":4380,"y":-586,"length":4419.026589646186},{"x":4330,"y":-620,"length":4374.162777035167},{"x":4264,"y":-651,"length":4313.408976667991},{"x":4196,"y":-677,"length":4250.26410944073},{"x":4128,"y":-695,"length":4186.0971082859505},{"x":4062,"y":-706,"length":4122.897039703999},{"x":3987,"y":-707,"length":4049.199674009668},{"x":3916,"y":-705,"length":3978.9547622459845},{"x":3852,"y":-696,"length":3914.3735130924847},{"x":3768,"y":-676,"length":3828.1588263811627},{"x":3694,"y":-644,"length":3749.716255931907},{"x":3626,"y":-606,"length":3676.2905217079892},{"x":3565,"y":-561,"length":3608.870460407245},{"x":3493,"y":-500,"length":3528.6043983422114},{"x":3440,"y":-435,"length":3467.394554993706},{"x":3387,"y":-356,"length":3405.6577925563806},{"x":3348,"y":-273,"length":3359.1119362117124},{"x":3322,"y":-190,"length":3327.4290375603805},{"x":3306,"y":-112,"length":3307.89661265282},{"x":3300,"y":-45,"length":3300.3068039199024},{"x":3225,"y":-45,"length":3225.3139382081863},{"x":3165,"y":-45,"length":3165.319889047551},{"x":3085,"y":-45,"length":3085.3281835163016},{"x":3000,"y":-45,"length":3000.3374810177606},{"x":2920,"y":-45,"length":2920.346725989912},{"x":2885,"y":-95,"length":2886.5637010119835}],"y":-1900},"className":"frg.game.editor.objects::LandscapeShaper"},{"params":{"x":-40,"rotation":0,"physic":true,"line":true,"plr":false,"id":-1,"graphic":true,"density":0.5,"isWheel":false,"isStatic":true,"ignore":false,"layer":2,"rem":true,"safeId":-1,"vertices":[{"x":-265,"y":0,"length":265},{"x":1280,"y":0,"length":1280},{"x":1380,"y":-5,"length":1380.0090579412877},{"x":1425,"y":-15,"length":1425.0789451816345},{"x":1475,"y":-35,"length":1475.4151958008295},{"x":1539,"y":-73,"length":1540.7303462968464},{"x":1640,"y":-150,"length":1646.8454693747074},{"x":1691,"y":-187,"length":1701.3083200878082},{"x":1743,"y":-206,"length":1755.1310492382042},{"x":1795,"y":-210,"length":1807.242374447877},{"x":1860,"y":-200,"length":1870.721785835617},{"x":1925,"y":-165,"length":1932.0584877275326},{"x":1975,"y":-105,"length":1977.7891697549564},{"x":2020,"y":-35,"length":2020.3031950675127},{"x":2041,"y":35,"length":2041.3000759320028},{"x":2090,"y":80,"length":2091.5305400591214},{"x":2170,"y":100,"length":2172.3029254687294},{"x":2250,"y":85,"length":2251.6049831175983},{"x":2305,"y":50,"length":2305.542235570626},{"x":2360,"y":35,"length":2360.2595196291445},{"x":2390,"y":35,"length":2390.256262412045},{"x":2430,"y":45,"length":2430.41663095034},{"x":2485,"y":65,"length":2485.849955246696},{"x":2740,"y":180,"length":2745.906043549196},{"x":2835,"y":205,"length":2842.4021531092326},{"x":2945,"y":210,"length":2952.4777729900015},{"x":3055,"y":200,"length":3061.539645341866},{"x":3175,"y":180,"length":3180.09826892189},{"x":3260,"y":150,"length":3263.4490956655045},{"x":3352,"y":109,"length":3353.771757290588},{"x":3435,"y":52,"length":3435.393572794826},{"x":3508,"y":-6,"length":3508.005131125096},{"x":3570,"y":-65,"length":3570.5916876618644},{"x":3640,"y":-144,"length":3642.847238081773},{"x":3698,"y":-224,"length":3704.7779960478065},{"x":3750,"y":-310,"length":3762.7915169458965},{"x":3785,"y":-345,"length":3800.690726696925},{"x":3830,"y":-360,"length":3846.8818541774845},{"x":3910,"y":-345,"length":3925.191078151483},{"x":3970,"y":-320,"length":3982.875845416224},{"x":4055,"y":-280,"length":4064.6555819650944},{"x":4125,"y":-245,"length":4132.269352305098},{"x":4215,"y":-210,"length":4220.228074405458},{"x":4325,"y":-180,"length":4328.744044177249},{"x":4440,"y":-165,"length":4443.064820594001},{"x":4550,"y":-170,"length":4553.174716612575},{"x":4645,"y":-190,"length":4648.884274748082},{"x":4735,"y":-215,"length":4739.878690430801},{"x":4825,"y":-265,"length":4832.2717224924345},{"x":4920,"y":-345,"length":4932.081203711066},{"x":4990,"y":-440,"length":5009.361236724699},{"x":5040,"y":-520,"length":5066.754385205582},{"x":5155,"y":-755,"length":5209.995201533299},{"x":5190,"y":-770,"length":5246.808553778192},{"x":6540,"y":-770,"length":6585.172738812552},{"x":6606,"y":-777,"length":6651.538543825782},{"x":6645,"y":-772,"length":6689.694238154686},{"x":6673,"y":-770,"length":6717.278392325273},{"x":6702,"y":-762,"length":6745.179612137841},{"x":6745,"y":-772,"length":6789.03594039684},{"x":6795,"y":-801,"length":6842.048377496319},{"x":6875,"y":-848,"length":6927.101053110168},{"x":6930,"y":-898,"length":6987.939896707756},{"x":6967,"y":-943,"length":7030.528998588939},{"x":7001,"y":-987,"length":7070.231255058069},{"x":7038,"y":-1047,"length":7115.451707375998},{"x":7066,"y":-1113,"length":7153.119948665757},{"x":7087,"y":-1196,"length":7187.209820229266},{"x":7093,"y":-1280,"length":7207.56886890441},{"x":7096,"y":-1357,"length":7224.587531478874},{"x":7092,"y":-2029,"length":7376.537466860722},{"x":7432,"y":-2028,"length":7703.726890278497},{"x":7518,"y":-2025,"length":7785.945607310649},{"x":7580,"y":-2024,"length":7845.5704700168235},{"x":7654,"y":-2017,"length":7915.301952547356},{"x":7726,"y":-2004,"length":7981.672255862176},{"x":9093,"y":-1363,"length":9194.586341973194},{"x":9193,"y":-1330,"length":9288.710836278628},{"x":9300,"y":-1313,"length":9392.229181616045},{"x":9387,"y":-1310,"length":9477.96755639098},{"x":9477,"y":-1313,"length":9567.523085940269},{"x":9573,"y":-1330,"length":9664.948473737457},{"x":9656,"y":-1355,"length":9750.608237438319},{"x":9717,"y":-1390,"length":9815.915087244795},{"x":9771,"y":-1433,"length":9875.52175836801},{"x":9834,"y":-1460,"length":9941.788370308432},{"x":9860,"y":-1460,"length":9967.507210932932},{"x":10305,"y":-855,"length":10340.408599276916},{"x":11375,"y":-855,"length":11407.087708964107},{"x":11855,"y":-1440,"length":11942.13653413827},{"x":11920,"y":-1485,"length":12012.144895895986},{"x":13220,"y":-1485,"length":13303.143425521654},{"x":13220,"y":-1430,"length":13297.11622871666},{"x":13275,"y":-1430,"length":13351.798567983265},{"x":13275,"y":-1485,"length":13357.801091497058},{"x":13840,"y":-1485,"length":13919.440541918342},{"x":14120,"y":-1625,"length":14213.19897137868},{"x":15015,"y":-2885,"length":15289.651729192527},{"x":16945,"y":-2895,"length":17190.52209794688},{"x":16965,"y":-610,"length":16975.96315382429},{"x":15160,"y":30,"length":15160.029683348248},{"x":12785,"y":-180,"length":12786.267047109566},{"x":9420,"y":-115,"length":9420.701937753895},{"x":5921,"y":2180,"length":6309.567417818753},{"x":4392,"y":1952,"length":4806.242607276499},{"x":902,"y":1402,"length":1667.0956781180857},{"x":-260,"y":1400,"length":1423.938200906205}],"y":400},"className":"frg.game.editor.objects::LandscapeShaper"},{"params":{"x":4541,"rotation":-48,"physic":true,"line":true,"plr":false,"id":-1,"graphic":true,"density":1,"isWheel":false,"isStatic":false,"ignore":false,"layer":8,"rem":false,"safeId":-1,"vertices":[{"x":0,"y":0,"length":0},{"x":68,"y":29,"length":73.92563831310488},{"x":150,"y":56,"length":160.11246047700348},{"x":238,"y":71,"length":248.3646512690564},{"x":331,"y":71,"length":338.5291715642834},{"x":429,"y":56,"length":432.6395728548187},{"x":520,"y":26,"length":520.6495942570205},{"x":594,"y":-15,"length":594.1893637553604},{"x":660,"y":-63,"length":663},{"x":726,"y":-130,"length":737.5472866196445},{"x":777,"y":-196,"length":801.3395035813472},{"x":820,"y":-280,"length":866.4871608973788},{"x":850,"y":-380,"length":931.074647920348},{"x":860,"y":-470,"length":980.0510190801293},{"x":885,"y":-485,"length":1009.1828377454702},{"x":915,"y":-485,"length":1035.5916183515585},{"x":949,"y":-470,"length":1059.009442828533},{"x":942,"y":-386,"length":1018.0176815753251},{"x":917,"y":-286,"length":960.5649379401686},{"x":877,"y":-195,"length":898.4174976034249},{"x":833,"y":-122,"length":841.8865719323477},{"x":775,"y":-54,"length":776.8790124594691},{"x":707,"y":11,"length":707.0855676649044},{"x":634,"y":65,"length":637.3233088472443},{"x":560,"y":102,"length":569.2134924613084},{"x":468,"y":140,"length":488.49155571002456},{"x":374,"y":156,"length":405.2307984346698},{"x":284,"y":161,"length":326.4613300224086},{"x":188,"y":152,"length":241.76021178018522},{"x":100,"y":135,"length":168.00297616411441},{"x":22,"y":108,"length":110.21796586763884},{"x":-42,"y":73,"length":84.21995013059554},{"x":-40,"y":45,"length":60.207972893961475},{"x":-25,"y":15,"length":29.154759474226502}],"y":-217},"className":"frg.game.editor.objects::LandscapeShaper"},{"params":{"x":6560,"rotation":0,"physic":true,"line":true,"plr":false,"id":-1,"graphic":true,"density":1,"isWheel":false,"isStatic":true,"ignore":false,"layer":2,"rem":true,"safeId":-1,"vertices":[{"x":-447,"y":-2366,"length":2407.8548544295604},{"x":-280,"y":-2380,"length":2396.4139876073164},{"x":5650,"y":-3370,"length":6578.708079858841},{"x":9835,"y":-3020,"length":10288.227495540716},{"x":10644,"y":-1492,"length":10748.060290117468},{"x":8167,"y":-1480,"length":8300.017409620295},{"x":6520,"y":-523,"length":6540.9425161822055},{"x":6828,"y":-12,"length":6828.010544807324},{"x":6827,"y":260,"length":6831.949136227523},{"x":6735,"y":360,"length":6744.6145182656655},{"x":5752,"y":361,"length":5763.317187176149},{"x":5667,"y":277,"length":5673.765768869914},{"x":5667,"y":-7,"length":5667.004323273452},{"x":5580,"y":-104,"length":5580.969091475064},{"x":5112,"y":-102,"length":5113.017504370585},{"x":5050,"y":-175,"length":5053.031268456589},{"x":5053,"y":-501,"length":5077.776088013335},{"x":4661,"y":-863,"length":4740.220459008209},{"x":3905,"y":-859,"length":3998.3629149940853},{"x":3443,"y":-493,"length":3478.1170193080047},{"x":3430,"y":-182,"length":3434.82517750176},{"x":3355,"y":-127,"length":3357.4028653112214},{"x":3127,"y":-122,"length":3129.3790118807915},{"x":3010,"y":6,"length":3010.005980060505},{"x":3010,"y":580,"length":3065.371103145588},{"x":2515,"y":582,"length":2581.462569939762},{"x":1140,"y":-22,"length":1140.212260940918},{"x":452,"y":-24,"length":452.6367196770496},{"x":444,"y":-75,"length":450.28990661572686},{"x":427,"y":-120,"length":443.5414298574599},{"x":410,"y":-153,"length":437.61741281626354},{"x":383,"y":-184,"length":424.90587192930155},{"x":360,"y":-206,"length":414.77222664976017},{"x":335,"y":-225,"length":403.54677547962143},{"x":304,"y":-242,"length":388.5614494516923},{"x":275,"y":-251,"length":372.3251267373718},{"x":236,"y":-258,"length":349.6569747624091},{"x":199,"y":-259,"length":326.6221058042459},{"x":167,"y":-256,"length":305.6550343115585},{"x":134,"y":-248,"length":281.8865019826242},{"x":96,"y":-231,"length":250.15395259719563},{"x":64,"y":-210,"length":219.5358740616212},{"x":33,"y":-183,"length":185.9516066077408},{"x":10,"y":-154,"length":154.3243337908834},{"x":-7,"y":-123,"length":123.1990259701756},{"x":-21,"y":-87,"length":89.49860334105779},{"x":-28,"y":-49,"length":56.43580423808985},{"x":-29,"y":-7,"length":29.832867780352597},{"x":-26,"y":23,"length":34.713109915419565},{"x":-16,"y":58,"length":60.166435825965294},{"x":-3,"y":89,"length":89.05054744357274},{"x":15,"y":121,"length":121.92620719107111},{"x":38,"y":145,"length":149.8966310495336},{"x":65,"y":170,"length":182.00274723201295},{"x":90,"y":187,"length":207.53072061745462},{"x":117,"y":200,"length":231.70886905770354},{"x":146,"y":210,"length":255.76551761330143},{"x":177,"y":216,"length":279.2579452764057},{"x":200,"y":219,"length":296.5821977125397},{"x":226,"y":217,"length":313.31294259892934},{"x":256,"y":214,"length":333.66450215748154},{"x":279,"y":209,"length":348.6000573723418},{"x":291,"y":216,"length":362.4044701711059},{"x":292,"y":825,"length":875.1508441405973},{"x":286,"y":943,"length":985.4161557433489},{"x":281,"y":1003,"length":1041.6189322396172},{"x":267,"y":1055,"length":1088.261917003439},{"x":250,"y":1104,"length":1131.952295814625},{"x":218,"y":1159,"length":1179.3239588849199},{"x":189,"y":1190,"length":1204.9153497237887},{"x":156,"y":1219,"length":1228.9414143888227},{"x":121,"y":1248,"length":1253.8520646392062},{"x":85,"y":1267,"length":1269.8480224026812},{"x":38,"y":1289,"length":1289.5600024814667},{"x":-7,"y":1300,"length":1300.0188460172415},{"x":-60,"y":1309,"length":1310.3743739863048},{"x":-114,"y":1305,"length":1309.9698469812197},{"x":-168,"y":1299,"length":1309.8186897429734},{"x":-214,"y":1285,"length":1302.697585781136},{"x":-264,"y":1260,"length":1287.3600894854555},{"x":-309,"y":1229,"length":1267.2497780627148},{"x":-349,"y":1196,"length":1245.8800102738626},{"x":-389,"y":1148,"length":1212.1159185490471},{"x":-414,"y":1097,"length":1172.5207887282852},{"x":-434,"y":1050,"length":1136.158439655315},{"x":-450,"y":1000,"length":1096.5856099730654},{"x":-1516,"y":1000,"length":1816.110128819285},{"x":-1524,"y":934,"length":1787.4372716266157},{"x":-1537,"y":877,"length":1769.6039104839251},{"x":-1565,"y":808,"length":1761.2748223942792},{"x":-1601,"y":740,"length":1763.7462969486287},{"x":-1644,"y":673,"length":1776.419150988865},{"x":-1701,"y":602,"length":1804.3849367582295},{"x":-1749,"y":561,"length":1836.7694466099986},{"x":-1796,"y":522,"length":1870.320828093405},{"x":-1847,"y":492,"length":1911.4060269864171},{"x":-1911,"y":456,"length":1964.6518775599916},{"x":-1973,"y":431,"length":2019.527172384665},{"x":-2078,"y":406,"length":2117.2907216535004},{"x":-2162,"y":397,"length":2198.1476292551415},{"x":-2232,"y":398,"length":2267.207092437742},{"x":-2299,"y":406,"length":2334.574265256944},{"x":-2360,"y":418,"length":2396.731941623844},{"x":-2424,"y":439,"length":2463.4319556261344},{"x":-2498,"y":468,"length":2541.461784091982},{"x":-2611,"y":537,"length":2665.6500145367922},{"x":-2708,"y":628,"length":2779.8647449111622},{"x":-2784,"y":744,"length":2881.6994985598344},{"x":-2830,"y":843,"length":2952.888247123484},{"x":-2858,"y":941,"length":3008.927549809068},{"x":-2873,"y":1047,"length":3057.832238694595},{"x":-2883,"y":1143,"length":3101.3123028808304},{"x":-2900,"y":1230,"length":3150.0634914236252},{"x":-2962,"y":1346,"length":3253.4842861154257},{"x":-3244,"y":1751,"length":3686.398920355745},{"x":-3306,"y":1820,"length":3773.8622126410496},{"x":-3371,"y":1878,"length":3858.824302815561},{"x":-3447,"y":1923,"length":3947.117682562809},{"x":-3505,"y":1943,"length":4007.5271677182677},{"x":-3566,"y":1957,"length":4067.702668583337},{"x":-3628,"y":1963,"length":4125.015515122337},{"x":-3695,"y":1962,"length":4183.595224206089},{"x":-3770,"y":1951,"length":4244.914722347199},{"x":-3840,"y":1925,"length":4295.488912801428},{"x":-3903,"y":1893,"length":4337.840246021055},{"x":-3957,"y":1853,"length":4369.377301172331},{"x":-4017,"y":1797,"length":4400.624728376642},{"x":-4071,"y":1726,"length":4421.777583732587},{"x":-4111,"y":1655,"length":4431.630174100723},{"x":-4137,"y":1537,"length":4413.291062234623},{"x":-4191,"y":1446,"length":4433.440763109394},{"x":-4248,"y":1384,"length":4467.769018201367},{"x":-4377,"y":1311,"length":4569.119171131346},{"x":-4517,"y":1320,"length":4705.920632564897},{"x":-4651,"y":1362,"length":4846.322832829031},{"x":-5397,"y":1955,"length":5740.177174965944},{"x":-6582,"y":1962,"length":6868.199764130336},{"x":-6580,"y":2251,"length":6954.3799867421685},{"x":-6860,"y":2260,"length":7222.68648080477},{"x":-6871,"y":1702,"length":7078.661243483827},{"x":-6875,"y":384,"length":6885.715721695167},{"x":-4168,"y":-28,"length":4168.094048842948}],"y":-1850},"className":"frg.game.editor.objects::LandscapeShaper"},{"params":{"stretchTexture":false,"x":6650,"rotation":0,"physic":true,"originOffsetRatio":0,"repeatTexture":true,"snapToGrid":false,"textureOffset":0,"id":-1,"smoothing":true,"y":-370,"density":"1","height":1309.5,"action":0,"isStatic":true,"wireframe":false,"width":433.15,"graphic":true,"textureMode":true,"shapeH":64,"straightSides":true,"vertices":[{"x":7,"y":7,"length":9.899494936611665},{"x":50,"y":-9,"length":50.80354318352215},{"x":99,"y":-36,"length":105.34229919647663},{"x":158,"y":-72,"length":173.63179432350518},{"x":208,"y":-113,"length":236.7129062810053},{"x":251,"y":-156,"length":295.52834043455124},{"x":293,"y":-208,"length":359.3229744950913},{"x":327,"y":-261,"length":418.3897704294406},{"x":353,"y":-311,"length":470.45722441046644},{"x":375,"y":-370,"length":526.806416058119},{"x":390,"y":-444,"length":590.9619277076993},{"x":397,"y":-504,"length":641.5800807381726},{"x":393,"y":-1266,"length":1325.5960923297866}],"type":5,"safeId":-1},"className":"frg.game.editor.objects::DynamicPather"},{"params":{"x":10830,"rotation":0,"physic":true,"line":true,"plr":false,"id":-1,"graphic":true,"density":1,"isWheel":false,"isStatic":false,"ignore":false,"layer":8,"rem":true,"safeId":2,"vertices":[{"x":-137,"y":-6,"length":137.13132391981054},{"x":-55,"y":2,"length":55.036351623268054},{"x":28,"y":0,"length":28},{"x":105,"y":-10,"length":105.47511554864494},{"x":198,"y":-33,"length":200.73116349984124},{"x":275,"y":-61,"length":281.6842203603177},{"x":355,"y":-104,"length":369.92026167810815},{"x":431,"y":-163,"length":460.792795082562},{"x":491,"y":-218,"length":537.2196943523198},{"x":540,"y":-281,"length":608.737217524935},{"x":582,"y":-340,"length":674.0356073680381},{"x":618,"y":-412,"length":742.7435627455818},{"x":642,"y":-470,"length":795.6531907810086},{"x":661,"y":-544,"length":856.0706746525079},{"x":670,"y":-600,"length":899.388681271896},{"x":674,"y":-665,"length":946.8373672389572},{"x":766,"y":-666,"length":1015.0428562381},{"x":762,"y":-600,"length":969.8680322600596},{"x":753,"y":-535,"length":923.7066633948247},{"x":737,"y":-463,"length":870.366589432292},{"x":718,"y":-406,"length":824.8393783034368},{"x":694,"y":-351,"length":777.7126718782458},{"x":674,"y":-311,"length":742.2917216297108},{"x":635,"y":-248,"length":681.7103490486264},{"x":591,"y":-188,"length":620.1814250685037},{"x":547,"y":-142,"length":565.1309582742747},{"x":505,"y":-104,"length":515.59771139911},{"x":462,"y":-65,"length":466.5501044903966},{"x":407,"y":-27,"length":407.89459422747933},{"x":349,"y":9,"length":349.11602655850675},{"x":274,"y":44,"length":277.5103601669675},{"x":204,"y":66,"length":214.41082062246764},{"x":144,"y":80,"length":164.730082255792},{"x":80,"y":93,"length":122.67436570041843},{"x":0,"y":100,"length":100},{"x":-77,"y":97,"length":123.84667940643382},{"x":-157,"y":86,"length":179.0111728356641}],"y":-1234},"className":"frg.game.editor.objects::LandscapeShaper"},{"params":{"x":16018,"rotation":54,"physic":true,"line":true,"plr":false,"id":-1,"graphic":true,"density":1,"isWheel":false,"isStatic":false,"ignore":false,"layer":9,"rem":true,"safeId":3,"vertices":[{"x":-440,"y":-290,"length":526.9724850502159},{"x":60,"y":70,"length":92.19544457292888},{"x":100,"y":95,"length":137.93114224133723},{"x":130,"y":75,"length":150.08331019803634},{"x":605,"y":-215,"length":642.0669746996804},{"x":640,"y":-235,"length":681.7807565486137},{"x":705,"y":-190,"length":730.1540933255117},{"x":685,"y":-165,"length":704.5920805686081},{"x":-50,"y":855,"length":856.4607404896035},{"x":-75,"y":890,"length":893.1545219053644},{"x":-130,"y":845,"length":854.9415184677839},{"x":-123,"y":810,"length":819.2856644663082},{"x":-27,"y":291,"length":292.2498930709813},{"x":-20,"y":260,"length":260.76809620810593},{"x":-60,"y":230,"length":237.69728648009425},{"x":-555,"y":-135,"length":571.1829829397931}],"y":-3787},"className":"frg.game.editor.objects::LandscapeShaper"},{"params":{"stretchTexture":false,"x":15250,"rotation":0,"physic":true,"originOffsetRatio":0,"repeatTexture":true,"snapToGrid":false,"textureOffset":0,"id":-1,"smoothing":true,"y":-2495,"density":"1","height":69,"action":0,"isStatic":true,"wireframe":false,"width":1347,"graphic":true,"textureMode":true,"shapeH":64,"straightSides":true,"vertices":[{"x":0,"y":0,"length":0},{"x":1334,"y":-5,"length":1334.0093702819331}],"type":5,"safeId":-1},"className":"frg.game.editor.objects::DynamicPather"}],[{"params":{"scaleX":1,"rotation":0,"scaleY":1,"x":5234,"y":-433,"width":9.3,"height":128.35},"className":"SignPillar"},{"params":{"scaleX":1,"rotation":0,"scaleY":1,"x":7250,"y":-1690,"width":9.3,"height":128.35},"className":"SignPillar"},{"params":{"scaleX":1,"rotation":0,"scaleY":1,"x":12130,"y":-1146,"width":9.3,"height":128.35},"className":"SignPillar"}],[{"params":{"x":6598,"rotation":-11,"y":-375,"safeId":-1,"width":66,"ttl":0.5,"height":18},"className":"GlassCrashed1"},{"params":{"x":6716,"rotation":-27,"y":-416,"safeId":-1,"width":66,"ttl":0.5,"height":18},"className":"GlassCrashed1"},{"params":{"x":7018,"rotation":-90,"y":-902,"safeId":-1,"width":132,"ttl":0.5,"height":18},"className":"GlassCrashed0"},{"params":{"x":7018,"rotation":-90,"y":-1292,"safeId":-1,"width":132,"ttl":0.5,"height":18},"className":"GlassCrashed0"},{"params":{"x":7012,"rotation":-80.00000000000003,"y":-807,"safeId":-1,"width":66,"ttl":0.5,"height":18},"className":"GlassCrashed1"},{"params":{"x":7018,"rotation":-90,"y":-1552,"safeId":-1,"width":132,"ttl":0.5,"height":18},"className":"GlassCrashed0"},{"params":{"x":6771,"rotation":-34.00000000000001,"y":-448,"safeId":-1,"width":66,"ttl":0.5,"height":18},"className":"GlassCrashed1"},{"params":{"x":7018,"rotation":-90,"y":-1422,"safeId":-1,"width":132,"ttl":0.5,"height":18},"className":"GlassCrashed0"},{"params":{"x":7018,"rotation":-90,"y":-1812,"safeId":-1,"width":132,"ttl":0.5,"height":18},"className":"GlassCrashed0"},{"params":{"x":6996,"rotation":-72.00000000000001,"y":-745,"safeId":-1,"width":66,"ttl":0.5,"height":18},"className":"GlassCrashed1"},{"params":{"x":7018,"rotation":-90,"y":-1682,"safeId":-1,"width":132,"ttl":0.5,"height":18},"className":"GlassCrashed0"},{"params":{"x":6867,"rotation":-46.00000000000001,"y":-529,"safeId":-1,"width":66,"ttl":0.5,"height":18},"className":"GlassCrashed1"},{"params":{"x":6973,"rotation":-66.00000000000001,"y":-686,"safeId":-1,"width":66,"ttl":0.5,"height":18},"className":"GlassCrashed1"},{"params":{"x":7018,"rotation":-90,"y":-1162,"safeId":-1,"width":132,"ttl":0.5,"height":18},"className":"GlassCrashed0"},{"params":{"x":6659,"rotation":-20,"y":-391,"safeId":-1,"width":66,"ttl":0.5,"height":18},"className":"GlassCrashed1"},{"params":{"x":6908,"rotation":-53.000000000000014,"y":-577,"safeId":-1,"width":66,"ttl":0.5,"height":18},"className":"GlassCrashed1"},{"params":{"x":6944,"rotation":-59.000000000000014,"y":-630,"safeId":-1,"width":66,"ttl":0.5,"height":18},"className":"GlassCrashed1"},{"params":{"x":6821,"rotation":-40.00000000000001,"y":-486,"safeId":-1,"width":66,"ttl":0.5,"height":18},"className":"GlassCrashed1"},{"params":{"x":7018,"rotation":-90,"y":-1032,"safeId":-1,"width":132,"ttl":0.5,"height":18},"className":"GlassCrashed0"},{"params":{"x":2863,"rotation":3.999999999999986,"y":384,"safeId":-1,"width":66,"ttl":0.5,"height":18},"className":"GlassCrashed1"},{"params":{"x":2991,"rotation":-6.000000000000015,"y":381,"safeId":-1,"width":66,"ttl":0.5,"height":18},"className":"GlassCrashed1"},{"params":{"x":2927,"rotation":-2.000000000000014,"y":385,"safeId":-1,"width":66,"ttl":0.5,"height":18},"className":"GlassCrashed1"},{"params":{"x":3423,"rotation":-48.99999999999999,"y":149,"safeId":-1,"width":66,"ttl":0.5,"height":18},"className":"GlassCrashed1"},{"params":{"x":3380,"rotation":-45,"y":194,"safeId":-1,"width":66,"ttl":0.5,"height":18},"className":"GlassCrashed1"},{"params":{"x":3535,"rotation":-57,"y":-7,"safeId":-1,"width":66,"ttl":0.5,"height":18},"className":"GlassCrashed1"},{"params":{"x":3499,"rotation":-54.99999999999999,"y":47,"safeId":-1,"width":66,"ttl":0.5,"height":18},"className":"GlassCrashed1"},{"params":{"x":3054,"rotation":-11.000000000000014,"y":372,"safeId":-1,"width":66,"ttl":0.5,"height":18},"className":"GlassCrashed1"},{"params":{"x":3174,"rotation":-23.000000000000018,"y":334,"safeId":-1,"width":66,"ttl":0.5,"height":18},"className":"GlassCrashed1"},{"params":{"x":3569,"rotation":-58.00000000000001,"y":-61,"safeId":-1,"width":66,"ttl":0.5,"height":18},"className":"GlassCrashed1"},{"params":{"x":3283,"rotation":-35,"y":275,"safeId":-1,"width":66,"ttl":0.5,"height":18},"className":"GlassCrashed1"},{"params":{"x":3230,"rotation":-29.000000000000004,"y":307,"safeId":-1,"width":66,"ttl":0.5,"height":18},"className":"GlassCrashed1"},{"params":{"x":3463,"rotation":-53.999999999999986,"y":98,"safeId":-1,"width":66,"ttl":0.5,"height":18},"className":"GlassCrashed1"},{"params":{"x":3333,"rotation":-39.99999999999999,"y":237,"safeId":-1,"width":66,"ttl":0.5,"height":18},"className":"GlassCrashed1"},{"params":{"x":3115,"rotation":-18.000000000000014,"y":356,"safeId":-1,"width":66,"ttl":0.5,"height":18},"className":"GlassCrashed1"},{"params":{"x":2511,"rotation":37.99999999999999,"y":257,"safeId":-1,"width":66,"ttl":0.5,"height":18},"className":"GlassCrashed1"},{"params":{"x":2618,"rotation":24.999999999999982,"y":323,"safeId":-1,"width":66,"ttl":0.5,"height":18},"className":"GlassCrashed1"},{"params":{"x":2563,"rotation":31.999999999999982,"y":293,"safeId":-1,"width":66,"ttl":0.5,"height":18},"className":"GlassCrashed1"},{"params":{"x":2675,"rotation":18.999999999999982,"y":346,"safeId":-1,"width":66,"ttl":0.5,"height":18},"className":"GlassCrashed1"},{"params":{"x":2736,"rotation":13.999999999999986,"y":364,"safeId":-1,"width":66,"ttl":0.5,"height":18},"className":"GlassCrashed1"},{"params":{"x":2799,"rotation":8.999999999999986,"y":377,"safeId":-1,"width":66,"ttl":0.5,"height":18},"className":"GlassCrashed1"},{"params":{"speed":1000,"x":6950,"rotation":0,"y":-1090,"safeId":1,"id":42,"rate":1,"width":200,"height":128},"className":"GeyserE"},{"params":{"speed":1000,"x":6950,"rotation":0,"y":-1250,"safeId":1,"id":42,"rate":1,"width":200,"height":128},"className":"GeyserE"},{"params":{"speed":1000,"x":6950,"rotation":0,"y":-1410,"safeId":1,"id":42,"rate":1,"width":200,"height":128},"className":"GeyserE"},{"params":{"speed":1000,"x":6950,"rotation":0,"y":-1570,"safeId":1,"id":42,"rate":1,"width":200,"height":128},"className":"GeyserE"},{"params":{"speed":1000,"x":11160,"rotation":-33,"y":-2140,"safeId":-1,"id":43,"rate":1,"width":571,"height":128},"className":"GeyserE"},{"params":{"speed":1000,"x":10816,"rotation":-90,"y":-2320,"safeId":-1,"id":43,"rate":1,"width":571,"height":128},"className":"GeyserE"},{"params":{"speed":1000,"x":10490,"rotation":-141,"y":-2170,"safeId":-1,"id":43,"rate":1,"width":571,"height":128},"className":"GeyserE"},{"params":{"speed":3000,"x":13704,"rotation":-117,"y":-1423,"safeId":-1,"id":44,"rate":1,"width":689,"height":128},"className":"GeyserE"},{"params":{"x":13207,"stones":false,"physic":true,"impulse":5000,"id":31,"radius":64,"y":-1058,"height":53.2,"width":53.2,"safeId":3,"rotation":0,"count":20},"className":"Tnt1"},{"params":{"speed":1400,"x":13664,"rotation":-30,"y":-2434,"safeId":-1,"id":44,"rate":1,"width":1068,"height":128},"className":"GeyserE"},{"params":{"speed":1400,"x":13745,"rotation":-30,"y":-2305,"safeId":-1,"id":44,"rate":1,"width":1070,"height":128},"className":"GeyserE"},{"params":{"speed":1400,"x":13574,"rotation":-30,"y":-2564,"safeId":-1,"id":44,"rate":1,"width":1068,"height":128},"className":"GeyserE"},{"params":{"speed":1900,"x":13843,"rotation":-117,"y":-1491,"safeId":-1,"id":44,"rate":1,"width":689,"height":128},"className":"GeyserE"},{"params":{"speed":1000,"x":6950,"rotation":0,"y":-931,"safeId":1,"id":42,"rate":1,"width":200,"height":128},"className":"GeyserE"}],null,[{"params":{"x":277,"rotation":0,"y":300,"width":64,"height":32},"className":"PlayerWP"},{"params":{"x":5231,"rotation":0,"y":-510,"id":1,"width":128,"height":889},"className":"SafePointE"},{"params":{"x":7250,"rotation":0,"y":-1750,"id":2,"width":128,"height":505},"className":"SafePointE"},{"params":{"x":12130,"rotation":0,"y":-1220,"id":3,"width":128,"height":2003},"className":"SafePointE"}],[{"params":{"x":4770,"rotation":0,"graphic":0,"safeId":-1,"id":-1,"y":-340,"width":17,"height":17},"className":"PivotJointE"},{"params":{"x":4920,"rotation":0,"graphic":0,"safeId":-1,"id":-1,"y":-970,"width":17,"height":17},"className":"PivotJointE"},{"params":{"x":4810,"rotation":0,"graphic":0,"safeId":-1,"id":12,"y":-1190,"width":17,"height":17},"className":"PivotJointE"},{"params":{"x":4370,"rotation":0,"graphic":0,"id":12,"y":-770,"height":17,"width":17,"time":0,"safeId":-1,"snd":false,"rate":23,"useWeld":false},"className":"MotorJointE"},{"params":{"x":3620,"sndId":-1,"rotation":0,"y":-360,"fnl":false,"safeId":-1,"id_off":-1,"off":false,"id":12,"width":64,"height":1608},"className":"ToggleE"},{"params":{"x":10870,"rotation":0,"graphic":0,"safeId":2,"id":-1,"y":-1190,"width":17,"height":17},"className":"PivotJointE"},{"params":{"x":11550,"rotation":0,"graphic":0,"safeId":2,"id":-1,"y":-1840,"width":17,"height":17},"className":"PivotJointE"},{"params":{"x":10816,"rotation":0,"graphic":2,"id":25,"y":-1920,"height":17,"width":17,"time":2.5,"safeId":2,"snd":false,"rate":33,"useWeld":false},"className":"MotorJointE"},{"params":{"x":11200,"rotation":0,"graphic":0,"safeId":2,"id":25,"y":-1800,"width":17,"height":17},"className":"PivotJointE"},{"params":{"x":11530,"sndId":-1,"rotation":0,"y":-2140,"fnl":false,"safeId":2,"id_off":-1,"off":false,"id":25,"width":889,"height":64},"className":"ToggleE"},{"params":{"x":13320,"sndId":-1,"rotation":0,"y":-1220,"fnl":false,"safeId":3,"id_off":-1,"off":false,"id":31,"width":64,"height":1138},"className":"ToggleE"},{"params":{"x":11550,"sndId":-1,"rotation":0,"y":-1240,"fnl":false,"safeId":2,"id_off":-1,"off":false,"id":9,"width":64,"height":1138},"className":"ToggleE"},{"params":{"x":14796,"rotation":0,"graphic":2,"id":31,"y":-1720,"height":17,"width":17,"time":0,"safeId":3,"snd":false,"rate":180,"useWeld":false},"className":"MotorJointE"},{"params":{"x":15581,"sndId":-1,"rotation":0,"y":-2973,"fnl":false,"safeId":3,"id_off":-1,"off":false,"id":41,"width":64,"height":762},"className":"ToggleE"},{"params":{"x":15891,"active":0,"y":-3543,"cycle":0,"body":false,"id":41,"position":0,"width":13,"height":845,"stopOnEnd":true,"accelDist":0,"snapToGrid":true,"vertices":[{"x":0,"y":-96,"length":96},{"x":0,"y":736,"length":736}],"sideWait":0,"safeId":3,"startTime":"0","rotation":0,"speed":2000},"className":"frg.game.editor.objects::MoverPather"},{"params":{"x":6470,"sndId":0,"rotation":0,"y":-1860,"fnl":false,"safeId":1,"id_off":-1,"off":false,"id":0,"width":414,"height":64},"className":"ToggleE"},{"params":{"x":10840,"sndId":0,"rotation":0,"y":-1380,"fnl":false,"safeId":-1,"id_off":-1,"off":false,"id":0,"width":129,"height":954},"className":"ToggleE"},{"params":{"x":13720,"sndId":0,"rotation":0,"y":-2580,"fnl":false,"safeId":-1,"id_off":-1,"off":false,"id":0,"width":129,"height":954},"className":"ToggleE"},{"params":{"x":5880,"sndId":-1,"rotation":0,"y":-550,"fnl":false,"safeId":-1,"id_off":11,"off":false,"id":0,"width":64,"height":1694},"className":"ToggleE"},{"params":{"x":8170,"sndId":-1,"rotation":0,"y":-1610,"fnl":false,"safeId":2,"id_off":12,"off":false,"id":0,"width":64,"height":3097},"className":"ToggleE"},{"params":{"x":6260,"sndId":-1,"rotation":0,"y":-650,"fnl":false,"safeId":-1,"id_off":-1,"off":false,"id":42,"width":64,"height":1419},"className":"ToggleE"},{"params":{"x":8330,"sndId":-1,"rotation":0,"y":-1450,"fnl":false,"safeId":-1,"id_off":42,"off":false,"id":43,"width":64,"height":2929},"className":"ToggleE"},{"params":{"x":12450,"sndId":-1,"rotation":0,"y":-1420,"fnl":false,"safeId":-1,"id_off":43,"off":false,"id":44,"width":64,"height":971},"className":"ToggleE"}]],"settings":{"prizes":"34,41,49","gravityY":500,"theme":6,"countdown":0}}