{"layers":[[{"params":{"x":5210,"rotation":0,"physic":false,"line":true,"plr":false,"id":-1,"graphic":true,"density":1,"isWheel":false,"isStatic":true,"ignore":false,"layer":1,"rem":true,"safeId":-1,"vertices":[{"x":0,"y":0,"length":0},{"x":830,"y":0,"length":830},{"x":1580,"y":-330,"length":1614.094173212951},{"x":1570,"y":-265,"length":1592.2075869684832},{"x":1570,"y":-205,"length":1583.3271929705495},{"x":1580,"y":-130,"length":1585.3390804493529},{"x":1600,"y":-80,"length":1601.9987515600628},{"x":1630,"y":-30,"length":1630.2760502442522},{"x":1655,"y":5,"length":1655.0075528528564},{"x":1685,"y":35,"length":1685.363462283433},{"x":1730,"y":60,"length":1731.040149736568},{"x":1765,"y":105,"length":1768.1204710086922},{"x":615,"y":670,"length":909.4641279346866},{"x":-5,"y":900,"length":900.0138887817232}],"y":510},"className":"frg.game.editor.objects::LandscapeShaper"},{"params":{"x":5919,"rotation":-24,"physic":true,"line":true,"plr":true,"id":-1,"graphic":true,"density":1,"isWheel":true,"isStatic":true,"ignore":false,"layer":8,"rem":true,"safeId":-1,"vertices":[{"x":0,"y":0,"length":0},{"x":100,"y":0,"length":100},{"x":195,"y":0,"length":195},{"x":285,"y":0,"length":285},{"x":370,"y":0,"length":370},{"x":465,"y":0,"length":465},{"x":565,"y":0,"length":565},{"x":670,"y":0,"length":670},{"x":750,"y":0,"length":750},{"x":740,"y":70,"length":743.3034373659252},{"x":645,"y":70,"length":648.7873303325213},{"x":550,"y":70,"length":554.4366510251645},{"x":445,"y":70,"length":450.4719747109691},{"x":370,"y":70,"length":376.5634076752546},{"x":280,"y":70,"length":288.61739379323626},{"x":205,"y":70,"length":216.6217902243447},{"x":95,"y":70,"length":118.00423721205946},{"x":0,"y":70,"length":70}],"y":230},"className":"frg.game.editor.objects::LandscapeShaper"},{"params":{"x":7129,"rotation":-24,"physic":true,"line":true,"plr":false,"id":-1,"graphic":true,"density":1,"isWheel":true,"isStatic":false,"ignore":false,"layer":8,"rem":true,"safeId":-1,"vertices":[{"x":0,"y":0,"length":0},{"x":100,"y":0,"length":100},{"x":195,"y":0,"length":195},{"x":285,"y":0,"length":285},{"x":370,"y":0,"length":370},{"x":465,"y":0,"length":465},{"x":565,"y":0,"length":565},{"x":670,"y":0,"length":670},{"x":750,"y":0,"length":750},{"x":865,"y":0,"length":865},{"x":865,"y":70,"length":867.8277478854891},{"x":740,"y":70,"length":743.3034373659252},{"x":645,"y":70,"length":648.7873303325213},{"x":550,"y":70,"length":554.4366510251645},{"x":445,"y":70,"length":450.4719747109691},{"x":370,"y":70,"length":376.5634076752546},{"x":280,"y":70,"length":288.61739379323626},{"x":205,"y":70,"length":216.6217902243447},{"x":95,"y":70,"length":118.00423721205946},{"x":0,"y":70,"length":70}],"y":180},"className":"frg.game.editor.objects::LandscapeShaper"},{"params":{"x":-90,"rotation":0,"physic":true,"line":true,"plr":false,"id":-1,"graphic":true,"density":1,"isWheel":false,"isStatic":true,"ignore":false,"layer":2,"rem":true,"safeId":-1,"vertices":[{"x":0,"y":0,"length":0},{"x":285,"y":0,"length":285},{"x":280,"y":915,"length":956.8829604502318},{"x":-5,"y":915,"length":915.0136611002046}],"y":-570},"className":"frg.game.editor.objects::LandscapeShaper"},{"params":{"x":5190,"rotation":0,"y":530,"vertices":[{"x":0,"y":0,"length":0},{"x":770,"y":5,"length":770.0162335951106},{"x":775,"y":535,"length":941.727136701497},{"x":5,"y":795,"length":795.0157231149583}]},"className":"frg.game.editor.objects::FinishShaper"},{"params":{"x":3890,"bg":true,"rotation":0,"y":1190,"vertices":[{"x":0,"y":0,"length":0},{"x":625,"y":0,"length":625},{"x":625,"y":630,"length":887.4260532573968},{"x":0,"y":630,"length":630}],"viscosity":1.5,"id":-1,"sf":true,"density":1.5},"className":"frg.game.editor.objects::WaterShaper"},{"params":{"x":-30,"physic":true,"lineId":0,"y":300,"height":3257.65,"isRoad":true,"direction":90,"width":9055.6,"textureMode":true,"cameraOffsetY":100,"straightSides":true,"directed":false,"originOffsetRatio":0,"thick":128,"stretchTexture":false,"camera":false,"rotation":0,"repeatTexture":true,"textureOffset":0,"snapToGrid":false,"line":true,"wireframe":false,"vertices":[{"x":0,"y":0,"length":0},{"x":1960,"y":-5,"length":1960.0063775406447},{"x":2570,"y":815,"length":2696.1314878914936},{"x":2613,"y":864,"length":2752.138259608336},{"x":2668,"y":916,"length":2820.8651155275043},{"x":2744,"y":980,"length":2913.749474474427},{"x":2842,"y":1041,"length":3026.655745207902},{"x":2943,"y":1087,"length":3137.326568911818},{"x":3058,"y":1119,"length":3256.305421793232},{"x":3170,"y":1140,"length":3368.753478662397},{"x":3285,"y":1144,"length":3478.499820324848},{"x":3390,"y":1137,"length":3575.5935171660662},{"x":3494,"y":1117,"length":3668.2046017091247},{"x":3581,"y":1092,"length":3743.7982050318897},{"x":3676,"y":1051,"length":3823.2939986352085},{"x":3753,"y":1004,"length":3884.9742598889893},{"x":3817,"y":960,"length":3935.8720761732084},{"x":3875,"y":914,"length":3981.334072895667},{"x":3917,"y":875,"length":4013.541329050942},{"x":3935,"y":875,"length":4031.110268896151},{"x":3930,"y":1505,"length":4208.316171582169},{"x":4527,"y":1502,"length":4769.668017797465},{"x":4528,"y":797,"length":4597.60731250506},{"x":4745,"y":794,"length":4810.972978514845},{"x":4747,"y":155,"length":4749.529871471491},{"x":5249,"y":161,"length":5251.468556508741},{"x":5250,"y":971,"length":5339.039333063581},{"x":6131,"y":614,"length":6161.668361734507},{"x":9017,"y":-563,"length":9034.559092728323},{"x":9011,"y":-1714,"length":9172.563273153257}],"smoothing":true,"shape":true},"className":"frg.game.editor.objects::GroundPather"},{"params":{"stretchTexture":false,"x":1600,"rotation":0,"physic":true,"originOffsetRatio":0,"repeatTexture":true,"snapToGrid":false,"textureOffset":0,"id":-1,"smoothing":true,"y":310,"density":"1","height":150.75,"action":0,"isStatic":true,"wireframe":false,"width":395,"graphic":true,"textureMode":true,"shapeH":17,"straightSides":true,"vertices":[{"x":0,"y":0,"length":0},{"x":75,"y":-11,"length":75.8023746329889},{"x":128,"y":-19,"length":129.40247292845683},{"x":194,"y":-36,"length":197.3119357768303},{"x":244,"y":-60,"length":251.26878039263056},{"x":298,"y":-94,"length":312.47399891831},{"x":342,"y":-127,"length":364.81913327017264},{"x":382,"y":-134,"length":404.82094807457776}],"type":4,"safeId":-1},"className":"frg.game.editor.objects::DynamicPather"},{"params":{"stretchTexture":false,"x":2497,"rotation":0,"physic":true,"originOffsetRatio":0,"repeatTexture":true,"snapToGrid":false,"textureOffset":0,"id":-1,"smoothing":true,"y":662,"density":"1","height":904.25,"action":0,"isStatic":true,"wireframe":false,"width":386,"graphic":true,"textureMode":true,"shapeH":17,"straightSides":true,"vertices":[{"x":0,"y":0,"length":0},{"x":52,"y":-13,"length":53.600373133029585},{"x":104,"y":-31,"length":108.52188719332152},{"x":150,"y":-55,"length":159.76545308670458},{"x":195,"y":-86,"length":213.12203077110541},{"x":236,"y":-123,"length":266.1296676434253},{"x":275,"y":-167,"length":321.73591655269075},{"x":310,"y":-215,"length":377.25985739275256},{"x":334,"y":-262,"length":424.4997055358225},{"x":354,"y":-319,"length":476.5259699113995},{"x":367,"y":-384,"length":531.1732297471325},{"x":371,"y":-443,"length":577.8321555607649},{"x":367,"y":-499,"length":619.4271547163556},{"x":358,"y":-553,"length":658.7662711462997},{"x":338,"y":-612,"length":699.1337497217539},{"x":316,"y":-657,"length":729.0438944261175},{"x":282,"y":-708,"length":762.0944823314233},{"x":251,"y":-746,"length":787.0940223378653},{"x":208,"y":-787,"length":814.0227269554579},{"x":158,"y":-823,"length":838.0292357668675},{"x":105,"y":-852,"length":858.4456884392862},{"x":5,"y":-888,"length":888.0140764650074}],"type":4,"safeId":-1},"className":"frg.game.editor.objects::DynamicPather"},{"params":{"stretchTexture":false,"x":2600,"rotation":0,"physic":true,"originOffsetRatio":0,"repeatTexture":true,"snapToGrid":false,"textureOffset":0,"id":-1,"smoothing":true,"y":810,"density":"1","height":1163.5,"action":0,"isStatic":true,"wireframe":false,"width":544,"graphic":true,"textureMode":true,"shapeH":17,"straightSides":true,"vertices":[{"x":114,"y":-49,"length":124.08464852672147},{"x":178,"y":-89,"length":199.01004999748127},{"x":232,"y":-131,"length":266.4301034042512},{"x":281,"y":-179,"length":333.16962646675944},{"x":320,"y":-225,"length":391.184099881373},{"x":356,"y":-279,"length":452.30189033432083},{"x":387,"y":-337,"length":513.1646909131609},{"x":411,"y":-398,"length":572.1232384722719},{"x":431,"y":-474,"length":640.6535725335495},{"x":437,"y":-529,"length":686.1559589481097},{"x":440,"y":-587,"length":733.600027262813},{"x":437,"y":-662,"length":793.2294749944684},{"x":429,"y":-715,"length":833.826120962878},{"x":412,"y":-778,"length":880.3567458706726},{"x":386,"y":-846,"length":929.8989192379997},{"x":346,"y":-917,"length":980.1045862559771},{"x":303,"y":-977,"length":1022.9066428565219},{"x":252,"y":-1032,"length":1062.3219850873838},{"x":206,"y":-1072,"length":1091.613484709675},{"x":153,"y":-1112,"length":1122.4762803729975},{"x":93,"y":-1145,"length":1148.770647257319},{"x":21,"y":-1173,"length":1173.1879644796907},{"x":-89,"y":-1197,"length":1200.304128127534}],"type":4,"safeId":-1},"className":"frg.game.editor.objects::DynamicPather"},{"params":{"stretchTexture":false,"x":2990,"rotation":0,"physic":false,"originOffsetRatio":0,"repeatTexture":true,"snapToGrid":false,"textureOffset":0,"id":-1,"smoothing":true,"y":480,"density":"1","height":34.7,"action":0,"isStatic":true,"wireframe":false,"width":201,"graphic":true,"textureMode":true,"shapeH":17,"straightSides":true,"vertices":[{"x":0,"y":-6,"length":6},{"x":34,"y":4,"length":34.23448553724738},{"x":83,"y":12,"length":83.86298349093002},{"x":136,"y":9,"length":136.2974687952788},{"x":188,"y":-2,"length":188.01063799689632}],"type":4,"safeId":-1},"className":"frg.game.editor.objects::DynamicPather"},{"params":{"stretchTexture":false,"x":2905,"rotation":0,"physic":true,"originOffsetRatio":0,"repeatTexture":true,"snapToGrid":false,"textureOffset":0,"id":-1,"smoothing":true,"y":614,"density":"1","height":51.5,"action":0,"isStatic":true,"wireframe":false,"width":375,"graphic":true,"textureMode":true,"shapeH":17,"straightSides":true,"vertices":[{"x":0,"y":0,"length":0},{"x":57,"y":17,"length":59.481089431852205},{"x":125,"y":31,"length":128.7866452703851},{"x":207,"y":34,"length":209.77368757782756},{"x":270,"y":26,"length":271.2489631316588},{"x":317,"y":15,"length":317.35469115801646},{"x":362,"y":-1,"length":362.0013812128346}],"type":4,"safeId":-1},"className":"frg.game.editor.objects::DynamicPather"},{"params":{"stretchTexture":false,"x":2776,"rotation":0,"physic":true,"originOffsetRatio":0,"repeatTexture":true,"snapToGrid":false,"textureOffset":0,"id":-1,"smoothing":true,"y":728,"density":"1","height":100.1,"action":0,"isStatic":true,"wireframe":false,"width":632,"graphic":true,"textureMode":true,"shapeH":17,"straightSides":true,"vertices":[{"x":0,"y":0,"length":0},{"x":52,"y":26,"length":58.137767414994535},{"x":116,"y":52,"length":127.12198865656563},{"x":180,"y":69,"length":192.77188591700815},{"x":245,"y":80,"length":257.73047937719747},{"x":311,"y":84,"length":322.1443775700579},{"x":378,"y":80,"length":386.37287689484623},{"x":440,"y":72,"length":445.85199337896876},{"x":502,"y":56,"length":505.11384855297723},{"x":565,"y":31,"length":565.8498033930912},{"x":619,"y":0,"length":619}],"type":4,"safeId":-1},"className":"frg.game.editor.objects::DynamicPather"},{"params":{"stretchTexture":false,"x":4560,"rotation":0,"physic":true,"originOffsetRatio":0,"repeatTexture":true,"snapToGrid":false,"textureOffset":0,"id":-1,"smoothing":true,"y":390,"density":"1","height":537.2,"action":0,"isStatic":true,"wireframe":false,"width":832.3,"graphic":true,"textureMode":true,"shapeH":17,"straightSides":true,"vertices":[{"x":170,"y":78,"length":187.040102651811},{"x":104,"y":47,"length":114.12712210513327},{"x":49,"y":19,"length":52.55473337388365},{"x":22,"y":-4,"length":22.360679774997898},{"x":16,"y":-36,"length":39.395431207184416},{"x":28,"y":-66,"length":71.69379331573968},{"x":84,"y":-113,"length":140.80127840328723},{"x":148,"y":-165,"length":221.65062598603234},{"x":217,"y":-221,"length":309.7256850827842},{"x":274,"y":-269,"length":383.97525961967915},{"x":328,"y":-315,"length":454.7625754171071},{"x":392,"y":-372,"length":540.4146556117811},{"x":435,"y":-407,"length":595.7130181555546},{"x":480,"y":-428,"length":643.1049681039635},{"x":530,"y":-441,"length":689.4787886512536},{"x":596,"y":-443,"length":742.6068946623105},{"x":648,"y":-433,"length":779.3542198512818},{"x":690,"y":-415,"length":805.1863138429514},{"x":736,"y":-385,"length":830.614832518659},{"x":775,"y":-345,"length":848.3218728760918},{"x":804,"y":-302,"length":858.848065725248},{"x":820,"y":-261,"length":860.5352985206359},{"x":831,"y":-199,"length":854.4951726019287},{"x":831,"y":-151,"length":844.6076011971477},{"x":823,"y":-109,"length":830.1867259839801},{"x":806,"y":-64,"length":808.5369502997373},{"x":776,"y":-17,"length":776.1861890036437},{"x":743,"y":16,"length":743.1722545951242},{"x":707,"y":45,"length":708.4306599802129},{"x":655,"y":70,"length":658.729838401146}],"type":4,"safeId":-1},"className":"frg.game.editor.objects::DynamicPather"},{"params":{"stretchTexture":false,"x":3730,"rotation":0,"physic":true,"originOffsetRatio":0,"repeatTexture":true,"snapToGrid":false,"textureOffset":0,"id":-1,"smoothing":true,"y":-400,"density":"1","height":1236,"action":0,"isStatic":true,"wireframe":false,"width":1073,"graphic":true,"textureMode":true,"shapeH":17,"straightSides":true,"vertices":[{"x":0,"y":0,"length":0},{"x":-68,"y":3,"length":68.06614430096654},{"x":-130,"y":12,"length":130.5526713629407},{"x":-197,"y":30,"length":199.27117202445515},{"x":-274,"y":62,"length":280.9270367906941},{"x":-344,"y":104,"length":359.3772391234592},{"x":-402,"y":148,"length":428.37833745417146},{"x":-453,"y":198,"length":494.3814316901475},{"x":-498,"y":254,"length":559.0348826325599},{"x":-535,"y":312,"length":619.3294761272065},{"x":-566,"y":374,"length":678.4040094221142},{"x":-589,"y":441,"length":735.8002446316527},{"x":-604,"y":505,"length":787.2998158262201},{"x":-610,"y":575,"length":838.2869437131894},{"x":-609,"y":638,"length":882.0005668932419},{"x":-601,"y":709,"length":929.4525270286805},{"x":-586,"y":782,"length":977.2000818665541},{"x":-558,"y":860,"length":1025.1653525163636},{"x":-530,"y":920,"length":1061.7438485811915},{"x":-488,"y":980,"length":1094.7803432652597},{"x":-444,"y":1031,"length":1122.5404224347558},{"x":-386,"y":1082,"length":1148.7906684857776},{"x":-330,"y":1124,"length":1171.4418466146751},{"x":-269,"y":1160,"length":1190.781676043094},{"x":-194,"y":1189,"length":1204.7227896906409},{"x":-124,"y":1207,"length":1213.352792884246},{"x":-46,"y":1218,"length":1218.8683275891617},{"x":31,"y":1219,"length":1219.3941118440748},{"x":112,"y":1211,"length":1216.168162714351},{"x":189,"y":1191,"length":1205.9029811722003},{"x":269,"y":1159,"length":1189.807547463034},{"x":336,"y":1121,"length":1170.2721905608114},{"x":396,"y":1074,"length":1144.6798679106748},{"x":448,"y":1016,"length":1110.3873198123256}],"type":4,"safeId":-1},"className":"frg.game.editor.objects::DynamicPather"},{"params":{"x":4579,"rotation":0,"physic":true,"line":true,"plr":false,"id":-1,"graphic":true,"density":1,"isWheel":false,"isStatic":false,"ignore":false,"layer":9,"rem":true,"safeId":-1,"vertices":[{"x":55,"y":0,"length":55},{"x":51,"y":18,"length":54.08326913195984},{"x":42,"y":35,"length":54.67174773134658},{"x":27,"y":47,"length":54.20332093147061},{"x":9,"y":54,"length":54.74486277268398},{"x":-9,"y":54,"length":54.74486277268398},{"x":-27,"y":47,"length":54.20332093147061},{"x":-42,"y":35,"length":54.67174773134658},{"x":-51,"y":18,"length":54.08326913195984},{"x":-55,"y":0,"length":55},{"x":-51,"y":-18,"length":54.08326913195984},{"x":-42,"y":-35,"length":54.67174773134658},{"x":-27,"y":-47,"length":54.20332093147061},{"x":-9,"y":-54,"length":54.74486277268398},{"x":9,"y":-54,"length":54.74486277268398},{"x":27,"y":-47,"length":54.20332093147061},{"x":42,"y":-35,"length":54.67174773134658},{"x":51,"y":-18,"length":54.08326913195984}],"y":975},"className":"frg.game.editor.objects::LandscapeShaper"},{"params":{"stretchTexture":false,"x":2978,"rotation":0,"physic":true,"originOffsetRatio":0,"repeatTexture":true,"snapToGrid":false,"textureOffset":0,"id":-1,"smoothing":true,"y":-52,"density":"1","height":36.65,"action":0,"isStatic":true,"wireframe":false,"width":210,"graphic":true,"textureMode":true,"shapeH":17,"straightSides":true,"vertices":[{"x":0,"y":0,"length":0},{"x":43,"y":-13,"length":44.9221548904324},{"x":83,"y":-19,"length":85.14693182963201},{"x":128,"y":-20,"length":129.55307792561317},{"x":164,"y":-16,"length":164.77863939236784},{"x":197,"y":-7,"length":197.12432625122653}],"type":4,"safeId":-1},"className":"frg.game.editor.objects::DynamicPather"},{"params":{"stretchTexture":false,"x":2894,"rotation":0,"physic":true,"originOffsetRatio":0,"repeatTexture":true,"snapToGrid":false,"textureOffset":0,"id":-1,"smoothing":true,"y":-188,"density":"1","height":57.45,"action":0,"isStatic":true,"wireframe":false,"width":383,"graphic":true,"textureMode":true,"shapeH":17,"straightSides":true,"vertices":[{"x":0,"y":0,"length":0},{"x":39,"y":-15,"length":41.78516483155236},{"x":88,"y":-30,"length":92.97311439335567},{"x":139,"y":-39,"length":144.3675863897433},{"x":189,"y":-41,"length":193.3959668659096},{"x":241,"y":-39,"length":244.13520843991347},{"x":283,"y":-32,"length":284.80344099044873},{"x":333,"y":-21,"length":333.66150512158276},{"x":370,"y":-7,"length":370.0662102921584}],"type":4,"safeId":-1},"className":"frg.game.editor.objects::DynamicPather"},{"params":{"stretchTexture":false,"x":2766,"rotation":0,"physic":true,"originOffsetRatio":0,"repeatTexture":true,"snapToGrid":false,"textureOffset":0,"id":-1,"smoothing":true,"y":-300,"density":"1","height":106.85,"action":0,"isStatic":true,"wireframe":false,"width":641,"graphic":true,"textureMode":true,"shapeH":17,"straightSides":true,"vertices":[{"x":0,"y":0,"length":0},{"x":45,"y":-26,"length":51.97114584074513},{"x":104,"y":-53,"length":116.72617529928752},{"x":168,"y":-73,"length":183.17477992343814},{"x":232,"y":-86,"length":247.42675683927152},{"x":293,"y":-91,"length":306.8061277093403},{"x":361,"y":-91,"length":372.29289544658246},{"x":432,"y":-84,"length":440.09089970141395},{"x":495,"y":-70,"length":499.9249943741561},{"x":558,"y":-45,"length":559.8115754430235},{"x":628,"y":-11,"length":628.0963301914762}],"type":4,"safeId":-1},"className":"frg.game.editor.objects::DynamicPather"},{"params":{"stretchTexture":false,"x":3914,"rotation":0,"physic":true,"originOffsetRatio":0,"repeatTexture":true,"snapToGrid":false,"textureOffset":0,"id":-1,"smoothing":true,"y":1184,"density":"1","height":632,"action":0,"isStatic":true,"wireframe":false,"width":64,"graphic":true,"textureMode":true,"shapeH":64,"straightSides":true,"vertices":[{"x":0,"y":0,"length":0},{"x":0,"y":619,"length":619}],"type":5,"safeId":-1},"className":"frg.game.editor.objects::DynamicPather"},{"params":{"stretchTexture":false,"x":4486,"rotation":0,"physic":true,"originOffsetRatio":0,"repeatTexture":true,"snapToGrid":false,"textureOffset":0,"id":-1,"smoothing":true,"y":1800,"density":"1","height":714,"action":0,"isStatic":true,"wireframe":false,"width":67,"graphic":true,"textureMode":true,"shapeH":64,"straightSides":true,"vertices":[{"x":0,"y":0,"length":0},{"x":3,"y":-701,"length":701.0064193714634}],"type":5,"safeId":-1},"className":"frg.game.editor.objects::DynamicPather"},{"params":{"stretchTexture":false,"x":4706,"rotation":0,"physic":true,"originOffsetRatio":0,"repeatTexture":true,"snapToGrid":false,"textureOffset":0,"id":-1,"smoothing":true,"y":1093,"density":"1","height":645,"action":0,"isStatic":true,"wireframe":false,"width":67,"graphic":true,"textureMode":true,"shapeH":64,"straightSides":true,"vertices":[{"x":0,"y":0,"length":0},{"x":3,"y":-632,"length":632.0071202130558}],"type":5,"safeId":-1},"className":"frg.game.editor.objects::DynamicPather"},{"params":{"x":5915,"rotation":-24,"physic":true,"line":true,"plr":false,"id":-1,"graphic":true,"density":1,"isWheel":false,"isStatic":false,"ignore":false,"layer":8,"rem":true,"safeId":-1,"vertices":[{"x":95,"y":0,"length":95},{"x":89,"y":32,"length":94.57801012920498},{"x":72,"y":61,"length":94.36630754670864},{"x":47,"y":82,"length":94.51454914456292},{"x":16,"y":93,"length":94.36630754670864},{"x":-16,"y":93,"length":94.36630754670864},{"x":-47,"y":82,"length":94.51454914456292},{"x":-72,"y":61,"length":94.36630754670864},{"x":-89,"y":32,"length":94.57801012920498},{"x":-95,"y":0,"length":95},{"x":-89,"y":-32,"length":94.57801012920498},{"x":-72,"y":-61,"length":94.36630754670864},{"x":-47,"y":-82,"length":94.51454914456292},{"x":-16,"y":-93,"length":94.36630754670864},{"x":16,"y":-93,"length":94.36630754670864},{"x":47,"y":-82,"length":94.51454914456292},{"x":72,"y":-61,"length":94.36630754670864},{"x":89,"y":-32,"length":94.57801012920498}],"y":271},"className":"frg.game.editor.objects::LandscapeShaper"},{"params":{"x":6655,"rotation":-24,"physic":true,"line":true,"plr":false,"id":-1,"graphic":true,"density":1,"isWheel":false,"isStatic":false,"ignore":false,"layer":8,"rem":true,"safeId":-1,"vertices":[{"x":95,"y":0,"length":95},{"x":89,"y":32,"length":94.57801012920498},{"x":72,"y":61,"length":94.36630754670864},{"x":47,"y":82,"length":94.51454914456292},{"x":16,"y":93,"length":94.36630754670864},{"x":-16,"y":93,"length":94.36630754670864},{"x":-47,"y":82,"length":94.51454914456292},{"x":-72,"y":61,"length":94.36630754670864},{"x":-89,"y":32,"length":94.57801012920498},{"x":-95,"y":0,"length":95},{"x":-89,"y":-32,"length":94.57801012920498},{"x":-72,"y":-61,"length":94.36630754670864},{"x":-47,"y":-82,"length":94.51454914456292},{"x":-16,"y":-93,"length":94.36630754670864},{"x":16,"y":-93,"length":94.36630754670864},{"x":47,"y":-82,"length":94.51454914456292},{"x":72,"y":-61,"length":94.36630754670864},{"x":89,"y":-32,"length":94.57801012920498}],"y":-58},"className":"frg.game.editor.objects::LandscapeShaper"},{"params":{"stretchTexture":false,"x":5225,"rotation":0,"physic":true,"originOffsetRatio":0,"repeatTexture":true,"snapToGrid":false,"textureOffset":0,"id":-1,"smoothing":true,"y":912,"density":"1","height":1587.3,"action":0,"isStatic":true,"wireframe":false,"width":3780.1,"graphic":true,"textureMode":true,"shapeH":64,"straightSides":true,"vertices":[{"x":1,"y":356,"length":356.00140449161154},{"x":3757,"y":-1172,"length":3935.5600617955256}],"type":5,"safeId":-1},"className":"frg.game.editor.objects::DynamicPather"},{"params":{"x":7905,"rotation":-24,"physic":true,"line":true,"plr":false,"id":-1,"graphic":true,"density":1,"isWheel":false,"isStatic":false,"ignore":false,"layer":8,"rem":true,"safeId":-1,"vertices":[{"x":95,"y":0,"length":95},{"x":89,"y":32,"length":94.57801012920498},{"x":72,"y":61,"length":94.36630754670864},{"x":47,"y":82,"length":94.51454914456292},{"x":16,"y":93,"length":94.36630754670864},{"x":-16,"y":93,"length":94.36630754670864},{"x":-47,"y":82,"length":94.51454914456292},{"x":-72,"y":61,"length":94.36630754670864},{"x":-89,"y":32,"length":94.57801012920498},{"x":-95,"y":0,"length":95},{"x":-89,"y":-32,"length":94.57801012920498},{"x":-72,"y":-61,"length":94.36630754670864},{"x":-47,"y":-82,"length":94.51454914456292},{"x":-16,"y":-93,"length":94.36630754670864},{"x":16,"y":-93,"length":94.36630754670864},{"x":47,"y":-82,"length":94.51454914456292},{"x":72,"y":-61,"length":94.36630754670864},{"x":89,"y":-32,"length":94.57801012920498}],"y":-128},"className":"frg.game.editor.objects::LandscapeShaper"},{"params":{"x":7165,"rotation":-24,"physic":true,"line":true,"plr":false,"id":-1,"graphic":true,"density":1,"isWheel":false,"isStatic":false,"ignore":false,"layer":8,"rem":true,"safeId":-1,"vertices":[{"x":95,"y":0,"length":95},{"x":89,"y":32,"length":94.57801012920498},{"x":72,"y":61,"length":94.36630754670864},{"x":47,"y":82,"length":94.51454914456292},{"x":16,"y":93,"length":94.36630754670864},{"x":-16,"y":93,"length":94.36630754670864},{"x":-47,"y":82,"length":94.51454914456292},{"x":-72,"y":61,"length":94.36630754670864},{"x":-89,"y":32,"length":94.57801012920498},{"x":-95,"y":0,"length":95},{"x":-89,"y":-32,"length":94.57801012920498},{"x":-72,"y":-61,"length":94.36630754670864},{"x":-47,"y":-82,"length":94.51454914456292},{"x":-16,"y":-93,"length":94.36630754670864},{"x":16,"y":-93,"length":94.36630754670864},{"x":47,"y":-82,"length":94.51454914456292},{"x":72,"y":-61,"length":94.36630754670864},{"x":89,"y":-32,"length":94.57801012920498}],"y":201},"className":"frg.game.editor.objects::LandscapeShaper"},{"params":{"x":5220,"rotation":0,"physic":true,"line":true,"plr":false,"id":-1,"graphic":true,"density":1,"isWheel":false,"isStatic":true,"ignore":false,"layer":9,"rem":true,"safeId":-1,"vertices":[{"x":0,"y":0,"length":0},{"x":40,"y":0,"length":40},{"x":755,"y":5,"length":755.0165561098644},{"x":1525,"y":-335,"length":1561.3615852838188},{"x":1550,"y":-339,"length":1586.6382700540157},{"x":1573,"y":-334,"length":1608.0687174371621},{"x":1593,"y":-318,"length":1624.430053895827},{"x":1601,"y":-295,"length":1627.9514734782483},{"x":1598,"y":-270,"length":1620.6492526145194},{"x":1589,"y":-250,"length":1608.546238067156},{"x":1575,"y":-240,"length":1593.180780702554},{"x":795,"y":105,"length":801.9039842774196},{"x":44,"y":101,"length":110.16805344563369},{"x":0,"y":100,"length":100},{"x":0,"y":52,"length":52}],"y":460},"className":"frg.game.editor.objects::LandscapeShaper"},{"params":{"x":-30,"physic":false,"lineId":0,"y":300,"height":2871,"isRoad":false,"direction":90,"width":9030,"textureMode":true,"cameraOffsetY":100,"straightSides":true,"directed":false,"originOffsetRatio":0,"thick":128,"stretchTexture":false,"camera":true,"rotation":0,"repeatTexture":true,"textureOffset":0,"snapToGrid":false,"line":false,"wireframe":false,"vertices":[{"x":0,"y":0,"length":0},{"x":1960,"y":-5,"length":1960.0063775406447},{"x":2570,"y":815,"length":2696.1314878914936},{"x":2613,"y":864,"length":2752.138259608336},{"x":2668,"y":916,"length":2820.8651155275043},{"x":2744,"y":980,"length":2913.749474474427},{"x":2842,"y":1041,"length":3026.655745207902},{"x":2943,"y":1087,"length":3137.326568911818},{"x":3058,"y":1119,"length":3256.305421793232},{"x":3170,"y":1140,"length":3368.753478662397},{"x":3285,"y":1144,"length":3478.499820324848},{"x":3390,"y":1137,"length":3575.5935171660662},{"x":3494,"y":1117,"length":3668.2046017091247},{"x":3581,"y":1092,"length":3743.7982050318897},{"x":4528,"y":797,"length":4597.60731250506},{"x":4826,"y":212,"length":4830.654200002315},{"x":5059,"y":215,"length":5063.566529631066},{"x":5455,"y":655,"length":5494.183287805386},{"x":5576,"y":682,"length":5617.55284799351},{"x":5716,"y":666,"length":5754.668713314433},{"x":6139,"y":579,"length":6166.243751263812},{"x":9017,"y":-563,"length":9034.559092728323},{"x":9011,"y":-1714,"length":9172.563273153257}],"smoothing":true,"shape":false},"className":"frg.game.editor.objects::GroundPather"}],[{"params":{"x":4546,"active":false,"y":1086,"safeId":-1,"id":11,"rotation":180,"width":85.95,"height":17.05},"className":"PlankBone"},{"params":{"x":2940,"ag":true,"active":true,"y":330,"sgos":true,"btg":true,"id":7,"ad":-1,"width":301.8,"height":324.1,"scaleX":1,"scaleY":1,"safeId":-1,"rotation":0},"className":"SpikeBall137E"},{"params":{"x":2950,"ag":true,"active":true,"y":178,"sgos":true,"btg":true,"id":7,"ad":-1,"width":301.8,"height":324.1,"scaleX":1,"scaleY":1,"safeId":-1,"rotation":0},"className":"SpikeBall137E"},{"params":{"x":2920,"ag":true,"active":true,"y":30,"sgos":true,"btg":true,"id":7,"ad":-1,"width":301.8,"height":324.1,"scaleX":1,"scaleY":1,"safeId":-1,"rotation":0},"className":"SpikeBall137E"},{"params":{"x":2840,"ag":true,"active":true,"y":-110,"sgos":true,"btg":true,"id":7,"ad":-1,"width":301.8,"height":324.1,"scaleX":1,"scaleY":1,"safeId":-1,"rotation":0},"className":"SpikeBall137E"},{"params":{"x":2730,"ag":true,"active":true,"y":-220,"sgos":true,"btg":true,"id":7,"ad":-1,"width":301.8,"height":324.1,"scaleX":1,"scaleY":1,"safeId":-1,"rotation":0},"className":"SpikeBall137E"},{"params":{"x":2590,"ag":true,"active":true,"y":-280,"sgos":true,"btg":true,"id":7,"ad":-1,"width":301.8,"height":324.1,"scaleX":1,"scaleY":1,"safeId":-1,"rotation":0},"className":"SpikeBall137E"},{"params":{"x":2512,"active":true,"y":700,"safeId":-1,"id":-1,"rotation":82.00000000000007,"width":85.95,"height":17.05},"className":"PlankBone"},{"params":{"x":2547,"active":true,"y":759,"safeId":-1,"id":-1,"rotation":39.00000000000006,"width":85.95,"height":17.05},"className":"PlankBone"},{"params":{"x":2684,"active":true,"y":774,"safeId":-1,"id":-1,"rotation":-17.999999999999943,"width":85.95,"height":17.05},"className":"PlankBone"},{"params":{"x":2614,"active":true,"y":783,"safeId":-1,"id":-1,"rotation":3,"width":85.95,"height":17.05},"className":"PlankBone"},{"params":{"x":4545,"active":false,"y":1071,"safeId":-1,"id":11,"rotation":0,"width":85.95,"height":17.05},"className":"PlankBone"},{"params":{"x":4546,"active":false,"y":1079,"safeId":-1,"id":11,"rotation":-10,"width":85.95,"height":17.05},"className":"PlankBone"},{"params":{"x":4546,"active":false,"y":1063,"safeId":-1,"id":11,"rotation":-10,"width":85.95,"height":17.05},"className":"PlankBone"},{"params":{"x":4545,"active":false,"y":1055,"safeId":-1,"id":11,"rotation":0,"width":85.95,"height":17.05},"className":"PlankBone"},{"params":{"x":4546,"active":false,"y":1046,"safeId":-1,"id":11,"rotation":-10,"width":85.95,"height":17.05},"className":"PlankBone"},{"params":{"x":4545,"active":false,"y":1038,"safeId":-1,"id":11,"rotation":0,"width":85.95,"height":17.05},"className":"PlankBone"},{"params":{"x":4546,"active":false,"y":1029,"safeId":-1,"id":11,"rotation":-10,"width":85.95,"height":17.05},"className":"PlankBone"},{"params":{"x":5896,"active":false,"y":172,"safeId":-1,"id":12,"rotation":-24,"width":85.95,"height":17.05},"className":"PlankBone"},{"params":{"x":5838,"active":false,"y":213,"safeId":-1,"id":12,"rotation":-48,"width":85.95,"height":17.05},"className":"PlankBone"},{"params":{"x":5818,"active":false,"y":276,"safeId":-1,"id":12,"rotation":-96,"width":85.95,"height":17.05},"className":"PlankBone"},{"params":{"x":5849,"active":false,"y":338,"safeId":-1,"id":12,"rotation":-134,"width":85.95,"height":17.05},"className":"PlankBone"},{"params":{"x":5909,"active":false,"y":365,"safeId":-1,"id":12,"rotation":180,"width":85.95,"height":17.05},"className":"PlankBone"},{"params":{"x":5974,"active":false,"y":351,"safeId":-1,"id":12,"rotation":-24,"width":85.95,"height":17.05},"className":"PlankBone"},{"params":{"x":6681,"active":false,"y":36,"safeId":-1,"id":12,"rotation":156,"width":85.95,"height":17.05},"className":"PlankBone"},{"params":{"x":6736,"active":false,"y":-4,"safeId":-1,"id":12,"rotation":132,"width":85.95,"height":17.05},"className":"PlankBone"},{"params":{"x":6757,"active":false,"y":-68,"safeId":-1,"id":12,"rotation":84,"width":85.95,"height":17.05},"className":"PlankBone"},{"params":{"x":6727,"active":false,"y":-129,"safeId":-1,"id":12,"rotation":46,"width":85.95,"height":17.05},"className":"PlankBone"},{"params":{"x":6665,"active":false,"y":-156,"safeId":-1,"id":12,"rotation":0,"width":85.95,"height":17.05},"className":"PlankBone"},{"params":{"x":6601,"active":false,"y":-142,"safeId":-1,"id":12,"rotation":156,"width":85.95,"height":17.05},"className":"PlankBone"},{"params":{"x":5958,"active":false,"y":144,"safeId":-1,"id":12,"rotation":-24,"width":85.95,"height":17.05},"className":"PlankBone"},{"params":{"x":6039,"active":false,"y":323,"safeId":-1,"id":12,"rotation":-24,"width":85.95,"height":17.05},"className":"PlankBone"},{"params":{"x":6023,"active":false,"y":115,"safeId":-1,"id":12,"rotation":-24,"width":85.95,"height":17.05},"className":"PlankBone"},{"params":{"x":6103,"active":false,"y":294,"safeId":-1,"id":12,"rotation":-24,"width":85.95,"height":17.05},"className":"PlankBone"},{"params":{"x":6087,"active":false,"y":86,"safeId":-1,"id":12,"rotation":-24,"width":85.95,"height":17.05},"className":"PlankBone"},{"params":{"x":6166,"active":false,"y":265,"safeId":-1,"id":12,"rotation":-24,"width":85.95,"height":17.05},"className":"PlankBone"},{"params":{"x":6150,"active":false,"y":58,"safeId":-1,"id":12,"rotation":-24,"width":85.95,"height":17.05},"className":"PlankBone"},{"params":{"x":6230,"active":false,"y":238,"safeId":-1,"id":12,"rotation":-24,"width":85.95,"height":17.05},"className":"PlankBone"},{"params":{"x":6214,"active":false,"y":30,"safeId":-1,"id":12,"rotation":-24,"width":85.95,"height":17.05},"className":"PlankBone"},{"params":{"x":6294,"active":false,"y":210,"safeId":-1,"id":12,"rotation":-24,"width":85.95,"height":17.05},"className":"PlankBone"},{"params":{"x":6279,"active":false,"y":2,"safeId":-1,"id":12,"rotation":-24,"width":85.95,"height":17.05},"className":"PlankBone"},{"params":{"x":6359,"active":false,"y":181,"safeId":-1,"id":12,"rotation":-24,"width":85.95,"height":17.05},"className":"PlankBone"},{"params":{"x":6534,"active":false,"y":-111,"safeId":-1,"id":12,"rotation":-24,"width":85.95,"height":17.05},"className":"PlankBone"},{"params":{"x":6614,"active":false,"y":66,"safeId":-1,"id":12,"rotation":-24,"width":85.95,"height":17.05},"className":"PlankBone"},{"params":{"x":6342,"active":false,"y":-27,"safeId":-1,"id":12,"rotation":-24,"width":85.95,"height":17.05},"className":"PlankBone"},{"params":{"x":6423,"active":false,"y":152,"safeId":-1,"id":12,"rotation":-24,"width":85.95,"height":17.05},"className":"PlankBone"},{"params":{"x":6407,"active":false,"y":-55,"safeId":-1,"id":12,"rotation":-24,"width":85.95,"height":17.05},"className":"PlankBone"},{"params":{"x":6486,"active":false,"y":124,"safeId":-1,"id":12,"rotation":-24,"width":85.95,"height":17.05},"className":"PlankBone"},{"params":{"x":6470,"active":false,"y":-83,"safeId":-1,"id":12,"rotation":-24,"width":85.95,"height":17.05},"className":"PlankBone"},{"params":{"x":6550,"active":false,"y":95,"safeId":-1,"id":12,"rotation":-24,"width":85.95,"height":17.05},"className":"PlankBone"},{"params":{"x":7864,"active":false,"y":-4,"safeId":-1,"id":17,"rotation":-24,"width":85.95,"height":17.05},"className":"PlankBone"},{"params":{"x":8007,"active":false,"y":-138,"safeId":-1,"id":17,"rotation":84,"width":85.95,"height":17.05},"className":"PlankBone"},{"params":{"x":7673,"active":false,"y":82,"safeId":-1,"id":17,"rotation":-24,"width":85.95,"height":17.05},"className":"PlankBone"},{"params":{"x":7159,"active":false,"y":295,"safeId":-1,"id":17,"rotation":180,"width":85.95,"height":17.05},"className":"PlankBone"},{"params":{"x":7986,"active":false,"y":-74,"safeId":-1,"id":17,"rotation":132,"width":85.95,"height":17.05},"className":"PlankBone"},{"params":{"x":7784,"active":false,"y":-181,"safeId":-1,"id":17,"rotation":-24,"width":85.95,"height":17.05},"className":"PlankBone"},{"params":{"x":7736,"active":false,"y":54,"safeId":-1,"id":17,"rotation":-24,"width":85.95,"height":17.05},"className":"PlankBone"},{"params":{"x":7657,"active":false,"y":-125,"safeId":-1,"id":17,"rotation":-24,"width":85.95,"height":17.05},"className":"PlankBone"},{"params":{"x":7931,"active":false,"y":-34,"safeId":-1,"id":17,"rotation":156,"width":85.95,"height":17.05},"className":"PlankBone"},{"params":{"x":7592,"active":false,"y":-97,"safeId":-1,"id":17,"rotation":-24,"width":85.95,"height":17.05},"className":"PlankBone"},{"params":{"x":7800,"active":false,"y":25,"safeId":-1,"id":17,"rotation":-24,"width":85.95,"height":17.05},"className":"PlankBone"},{"params":{"x":7544,"active":false,"y":140,"safeId":-1,"id":17,"rotation":-24,"width":85.95,"height":17.05},"className":"PlankBone"},{"params":{"x":7720,"active":false,"y":-153,"safeId":-1,"id":17,"rotation":-24,"width":85.95,"height":17.05},"className":"PlankBone"},{"params":{"x":7146,"active":false,"y":102,"safeId":-1,"id":17,"rotation":-24,"width":85.95,"height":17.05},"className":"PlankBone"},{"params":{"x":7088,"active":false,"y":143,"safeId":-1,"id":17,"rotation":-48,"width":85.95,"height":17.05},"className":"PlankBone"},{"params":{"x":7099,"active":false,"y":268,"safeId":-1,"id":17,"rotation":-134,"width":85.95,"height":17.05},"className":"PlankBone"},{"params":{"x":7289,"active":false,"y":253,"safeId":-1,"id":17,"rotation":-24,"width":85.95,"height":17.05},"className":"PlankBone"},{"params":{"x":7224,"active":false,"y":281,"safeId":-1,"id":17,"rotation":-24,"width":85.95,"height":17.05},"className":"PlankBone"},{"params":{"x":7464,"active":false,"y":-40,"safeId":-1,"id":17,"rotation":-24,"width":85.95,"height":17.05},"className":"PlankBone"},{"params":{"x":7353,"active":false,"y":224,"safeId":-1,"id":17,"rotation":-24,"width":85.95,"height":17.05},"className":"PlankBone"},{"params":{"x":7273,"active":false,"y":45,"safeId":-1,"id":17,"rotation":-24,"width":85.95,"height":17.05},"className":"PlankBone"},{"params":{"x":7208,"active":false,"y":74,"safeId":-1,"id":17,"rotation":-24,"width":85.95,"height":17.05},"className":"PlankBone"},{"params":{"x":7480,"active":false,"y":168,"safeId":-1,"id":17,"rotation":-24,"width":85.95,"height":17.05},"className":"PlankBone"},{"params":{"x":7529,"active":false,"y":-68,"safeId":-1,"id":17,"rotation":-24,"width":85.95,"height":17.05},"className":"PlankBone"},{"params":{"x":7416,"active":false,"y":195,"safeId":-1,"id":17,"rotation":-24,"width":85.95,"height":17.05},"className":"PlankBone"},{"params":{"x":7851,"active":false,"y":-212,"safeId":-1,"id":17,"rotation":156,"width":85.95,"height":17.05},"className":"PlankBone"},{"params":{"x":7915,"active":false,"y":-226,"safeId":-1,"id":17,"rotation":0,"width":85.95,"height":17.05},"className":"PlankBone"},{"params":{"x":7068,"active":false,"y":206,"safeId":-1,"id":17,"rotation":-96,"width":85.95,"height":17.05},"className":"PlankBone"},{"params":{"x":7337,"active":false,"y":16,"safeId":-1,"id":17,"rotation":-24,"width":85.95,"height":17.05},"className":"PlankBone"},{"params":{"x":7609,"active":false,"y":111,"safeId":-1,"id":17,"rotation":-24,"width":85.95,"height":17.05},"className":"PlankBone"},{"params":{"x":7400,"active":false,"y":-12,"safeId":-1,"id":17,"rotation":-24,"width":85.95,"height":17.05},"className":"PlankBone"},{"params":{"x":7977,"active":false,"y":-199,"safeId":-1,"id":17,"rotation":46,"width":85.95,"height":17.05},"className":"PlankBone"},{"params":{"scaleX":1,"rotation":0,"scaleY":1,"x":3740,"y":750,"width":9.3,"height":128.35},"className":"SignPillar"},{"params":{"scaleX":1,"rotation":90.00000000000006,"scaleY":1,"x":6870,"y":160,"width":9.3,"height":128.35},"className":"SignPillar"},{"params":{"x":6970,"rotation":-42,"y":160,"width":68.8,"height":69.8},"className":"Sign1"},{"params":{"scaleX":1,"rotation":-51,"scaleY":1,"x":4453,"y":1067,"width":9.3,"height":128.35},"className":"SignPillar"},{"params":{"x":4380,"rotation":90.00000000000006,"y":1020,"width":68.8,"height":69.8},"className":"Sign1"},{"params":{"x":930,"rotation":0,"y":260,"width":92.7,"height":85.5},"className":"Dec27"},{"params":{"x":1000,"rotation":0,"y":270,"width":71.6,"height":72.35},"className":"Dec28"},{"params":{"x":350,"rotation":0,"y":270,"width":95,"height":72.35},"className":"Dec26"},{"params":{"scaleX":1,"rotation":0,"scaleY":1,"x":3710,"y":750,"width":77.3,"height":79.6},"className":"Dec23"},{"params":{"x":2041,"ag":true,"active":true,"y":268,"sgos":true,"btg":true,"id":-1,"ad":-1,"width":273,"height":324.1,"scaleX":1,"scaleY":1,"safeId":-1,"rotation":0},"className":"SpikeBall200E"},{"params":{"x":2414,"ag":true,"active":true,"y":-307,"sgos":true,"btg":true,"id":-1,"ad":-1,"width":273,"height":324.1,"scaleX":1,"scaleY":1,"safeId":-1,"rotation":0},"className":"SpikeBall200E"}],[{"params":{"x":2165,"rotation":30.000000000000004,"y":591,"safeId":-1,"width":66,"ttl":0.5,"height":18},"className":"GlassCrashed1"},{"params":{"x":2222,"rotation":26.000000000000004,"y":621,"safeId":-1,"width":66,"ttl":0.5,"height":18},"className":"GlassCrashed1"},{"params":{"x":2280,"rotation":18.000000000000014,"y":644,"safeId":-1,"width":66,"ttl":0.5,"height":18},"className":"GlassCrashed1"},{"params":{"x":2341,"rotation":9.000000000000009,"y":659,"safeId":-1,"width":66,"ttl":0.5,"height":18},"className":"GlassCrashed1"},{"params":{"x":2404,"rotation":3.0000000000000098,"y":666,"safeId":-1,"width":66,"ttl":0.5,"height":18},"className":"GlassCrashed1"},{"params":{"x":2465,"rotation":-4.999999999999989,"y":665,"safeId":-1,"width":66,"ttl":0.5,"height":18},"className":"GlassCrashed1"},{"params":{"x":4547,"stones":false,"physic":false,"impulse":1,"id":11,"radius":1,"y":1061,"height":53.2,"width":53.2,"safeId":-1,"rotation":0,"count":1},"className":"Tnt1"},{"params":{"x":7330,"stones":false,"physic":false,"impulse":1,"id":13,"radius":1,"y":130,"height":53.2,"width":53.2,"safeId":-1,"rotation":-27,"count":1},"className":"Tnt1"},{"params":{"x":7690,"stones":false,"physic":false,"impulse":1,"id":13,"radius":1,"y":-30,"height":53.2,"width":53.2,"safeId":-1,"rotation":-24,"count":1},"className":"Tnt1"}],null,[{"params":{"x":620,"rotation":0,"y":220,"width":64,"height":32},"className":"PlayerWP"},{"params":{"x":3740,"rotation":0,"y":680,"id":0,"width":128,"height":591},"className":"SafePointE"}],[{"params":{"x":4580,"rotation":0,"graphic":0,"safeId":-1,"id":-1,"y":1022,"width":17,"height":17},"className":"PivotJointE"},{"params":{"x":4580,"rotation":0,"graphic":0,"safeId":-1,"id":-1,"y":1086,"width":17,"height":17},"className":"PivotJointE"},{"params":{"x":2940,"rotation":0,"graphic":0,"safeId":-1,"id":1,"y":310,"width":17,"height":17},"className":"PivotJointE"},{"params":{"x":2490,"sndId":-1,"rotation":0,"y":120,"fnl":false,"safeId":-1,"id_off":-1,"off":false,"id":1,"width":64,"height":743},"className":"ToggleE"},{"params":{"x":2506,"rotation":0,"graphic":0,"safeId":-1,"id":-1,"y":665,"width":17,"height":17},"className":"PivotJointE"},{"params":{"x":2518,"rotation":0,"graphic":0,"safeId":-1,"id":-1,"y":737,"width":17,"height":17},"className":"PivotJointE"},{"params":{"x":2577,"rotation":0,"graphic":0,"safeId":-1,"id":2,"y":781,"width":17,"height":17},"className":"PivotJointE"},{"params":{"x":2650,"rotation":0,"graphic":0,"safeId":-1,"id":-1,"y":788,"width":17,"height":17},"className":"PivotJointE"},{"params":{"x":2719,"rotation":0,"graphic":0,"safeId":-1,"id":-1,"y":764,"width":17,"height":17},"className":"PivotJointE"},{"params":{"x":2460,"sndId":-1,"rotation":0,"y":770,"fnl":false,"safeId":-1,"id_off":-1,"off":false,"id":2,"width":455,"height":64},"className":"ToggleE"},{"params":{"x":4580,"rotation":0,"graphic":0,"safeId":-1,"id":-1,"y":1072,"width":17,"height":17},"className":"PivotJointE"},{"params":{"x":4510,"rotation":0,"graphic":0,"safeId":-1,"id":-1,"y":1085,"width":17,"height":17},"className":"PivotJointE"},{"params":{"x":4510,"rotation":0,"graphic":0,"safeId":-1,"id":-1,"y":1069,"width":17,"height":17},"className":"PivotJointE"},{"params":{"x":4580,"rotation":0,"graphic":0,"safeId":-1,"id":-1,"y":1056,"width":17,"height":17},"className":"PivotJointE"},{"params":{"x":4510,"rotation":0,"graphic":0,"safeId":-1,"id":-1,"y":1053,"width":17,"height":17},"className":"PivotJointE"},{"params":{"x":4580,"rotation":0,"graphic":0,"safeId":-1,"id":-1,"y":1039,"width":17,"height":17},"className":"PivotJointE"},{"params":{"x":4510,"rotation":0,"graphic":0,"safeId":-1,"id":-1,"y":1036,"width":17,"height":17},"className":"PivotJointE"},{"params":{"x":4578,"active":0,"y":977,"cycle":0,"body":false,"id":11,"position":0,"width":13,"height":525,"stopOnEnd":true,"accelDist":0,"snapToGrid":true,"vertices":[{"x":0,"y":0,"length":0},{"x":0,"y":-512,"length":512}],"sideWait":0,"safeId":-1,"startTime":"0","rotation":0,"speed":1000},"className":"frg.game.editor.objects::MoverPather"},{"params":{"x":4280,"sndId":-1,"rotation":0,"y":980,"fnl":false,"safeId":-1,"id_off":-1,"off":false,"id":11,"width":64,"height":782},"className":"ToggleE"},{"params":{"x":5875,"rotation":-24,"graphic":0,"safeId":-1,"id":14,"y":366,"width":17,"height":17},"className":"PivotJointE"},{"params":{"x":5822,"rotation":-24,"graphic":0,"safeId":-1,"id":14,"y":313,"width":17,"height":17},"className":"PivotJointE"},{"params":{"x":5814,"rotation":-24,"graphic":0,"safeId":-1,"id":14,"y":240,"width":17,"height":17},"className":"PivotJointE"},{"params":{"x":5862,"rotation":-24,"graphic":0,"safeId":-1,"id":14,"y":184,"width":17,"height":17},"className":"PivotJointE"},{"params":{"x":5943,"rotation":-24,"graphic":0,"safeId":-1,"id":14,"y":367,"width":17,"height":17},"className":"PivotJointE"},{"params":{"x":6007,"rotation":-24,"graphic":0,"safeId":-1,"id":14,"y":337,"width":17,"height":17},"className":"PivotJointE"},{"params":{"x":5927,"rotation":-24,"graphic":0,"safeId":-1,"id":14,"y":156,"width":17,"height":17},"className":"PivotJointE"},{"params":{"x":6713,"rotation":156,"graphic":0,"safeId":-1,"id":14,"y":23,"width":17,"height":17},"className":"PivotJointE"},{"params":{"x":6760,"rotation":156,"graphic":0,"safeId":-1,"id":14,"y":-31,"width":17,"height":17},"className":"PivotJointE"},{"params":{"x":6753,"rotation":156,"graphic":0,"safeId":-1,"id":14,"y":-104,"width":17,"height":17},"className":"PivotJointE"},{"params":{"x":6700,"rotation":156,"graphic":0,"safeId":-1,"id":14,"y":-157,"width":17,"height":17},"className":"PivotJointE"},{"params":{"x":6631,"rotation":156,"graphic":0,"safeId":-1,"id":14,"y":-158,"width":17,"height":17},"className":"PivotJointE"},{"params":{"x":5991,"rotation":-24,"graphic":0,"safeId":-1,"id":14,"y":128,"width":17,"height":17},"className":"PivotJointE"},{"params":{"x":6071,"rotation":-24,"graphic":0,"safeId":-1,"id":14,"y":308,"width":17,"height":17},"className":"PivotJointE"},{"params":{"x":6056,"rotation":-24,"graphic":0,"safeId":-1,"id":14,"y":99,"width":17,"height":17},"className":"PivotJointE"},{"params":{"x":6135,"rotation":-24,"graphic":0,"safeId":-1,"id":14,"y":279,"width":17,"height":17},"className":"PivotJointE"},{"params":{"x":6118,"rotation":-24,"graphic":0,"safeId":-1,"id":14,"y":72,"width":17,"height":17},"className":"PivotJointE"},{"params":{"x":6199,"rotation":-24,"graphic":0,"safeId":-1,"id":14,"y":250,"width":17,"height":17},"className":"PivotJointE"},{"params":{"x":6183,"rotation":-24,"graphic":0,"safeId":-1,"id":14,"y":43,"width":17,"height":17},"className":"PivotJointE"},{"params":{"x":6263,"rotation":-24,"graphic":0,"safeId":-1,"id":14,"y":222,"width":17,"height":17},"className":"PivotJointE"},{"params":{"x":6247,"rotation":-24,"graphic":0,"safeId":-1,"id":14,"y":15,"width":17,"height":17},"className":"PivotJointE"},{"params":{"x":6327,"rotation":-24,"graphic":0,"safeId":-1,"id":14,"y":195,"width":17,"height":17},"className":"PivotJointE"},{"params":{"x":6311,"rotation":-24,"graphic":0,"safeId":-1,"id":14,"y":-13,"width":17,"height":17},"className":"PivotJointE"},{"params":{"x":6391,"rotation":-24,"graphic":0,"safeId":-1,"id":14,"y":166,"width":17,"height":17},"className":"PivotJointE"},{"params":{"x":6566,"rotation":-24,"graphic":0,"safeId":-1,"id":14,"y":-128,"width":17,"height":17},"className":"PivotJointE"},{"params":{"x":6646,"rotation":-24,"graphic":0,"safeId":-1,"id":14,"y":53,"width":17,"height":17},"className":"PivotJointE"},{"params":{"x":6655,"rotation":-24,"graphic":1,"id":12,"y":-58,"height":17,"width":17,"time":0,"safeId":-1,"snd":false,"rate":-120,"useWeld":false},"className":"MotorJointE"},{"params":{"x":5915,"rotation":-24,"graphic":1,"id":12,"y":271,"height":17,"width":17,"time":0,"safeId":-1,"snd":false,"rate":-120,"useWeld":false},"className":"MotorJointE"},{"params":{"x":4730,"sndId":-1,"rotation":0,"y":-160,"fnl":false,"safeId":-1,"id_off":-1,"off":false,"id":12,"width":64,"height":2161},"className":"ToggleE"},{"params":{"x":6374,"rotation":-24,"graphic":0,"safeId":-1,"id":14,"y":-42,"width":17,"height":17},"className":"PivotJointE"},{"params":{"x":6456,"rotation":-24,"graphic":0,"safeId":-1,"id":14,"y":137,"width":17,"height":17},"className":"PivotJointE"},{"params":{"x":6438,"rotation":-24,"graphic":0,"safeId":-1,"id":14,"y":-70,"width":17,"height":17},"className":"PivotJointE"},{"params":{"x":6519,"rotation":-24,"graphic":0,"safeId":-1,"id":14,"y":109,"width":17,"height":17},"className":"PivotJointE"},{"params":{"x":6502,"rotation":-24,"graphic":0,"safeId":-1,"id":14,"y":-99,"width":17,"height":17},"className":"PivotJointE"},{"params":{"x":6583,"rotation":-24,"graphic":0,"safeId":-1,"id":14,"y":80,"width":17,"height":17},"className":"PivotJointE"},{"params":{"x":7561,"rotation":-24,"graphic":0,"safeId":-1,"id":16,"y":-83,"width":17,"height":17},"className":"PivotJointE"},{"params":{"x":7816,"rotation":-24,"graphic":0,"safeId":-1,"id":16,"y":-198,"width":17,"height":17},"className":"PivotJointE"},{"params":{"x":8010,"rotation":156,"graphic":0,"safeId":-1,"id":16,"y":-101,"width":17,"height":17},"className":"PivotJointE"},{"params":{"x":7624,"rotation":-24,"graphic":0,"safeId":-1,"id":16,"y":-112,"width":17,"height":17},"className":"PivotJointE"},{"params":{"x":7064,"rotation":-24,"graphic":0,"safeId":-1,"id":16,"y":170,"width":17,"height":17},"className":"PivotJointE"},{"params":{"x":7905,"rotation":-24,"graphic":1,"id":17,"y":-128,"height":17,"width":17,"time":0,"safeId":-1,"snd":false,"rate":140,"useWeld":false},"className":"MotorJointE"},{"params":{"x":7706,"rotation":-24,"graphic":0,"safeId":-1,"id":16,"y":67,"width":17,"height":17},"className":"PivotJointE"},{"params":{"x":7963,"rotation":156,"graphic":0,"safeId":-1,"id":16,"y":-47,"width":17,"height":17},"className":"PivotJointE"},{"params":{"x":7577,"rotation":-24,"graphic":0,"safeId":-1,"id":16,"y":125,"width":17,"height":17},"className":"PivotJointE"},{"params":{"x":7193,"rotation":-24,"graphic":0,"safeId":-1,"id":16,"y":297,"width":17,"height":17},"className":"PivotJointE"},{"params":{"x":7688,"rotation":-24,"graphic":0,"safeId":-1,"id":16,"y":-140,"width":17,"height":17},"className":"PivotJointE"},{"params":{"x":7769,"rotation":-24,"graphic":0,"safeId":-1,"id":16,"y":39,"width":17,"height":17},"className":"PivotJointE"},{"params":{"x":7752,"rotation":-24,"graphic":0,"safeId":-1,"id":16,"y":-169,"width":17,"height":17},"className":"PivotJointE"},{"params":{"x":7165,"rotation":-24,"graphic":1,"id":17,"y":201,"height":17,"width":17,"time":0,"safeId":-1,"snd":false,"rate":140,"useWeld":false},"className":"MotorJointE"},{"params":{"x":7497,"rotation":-24,"graphic":0,"safeId":-1,"id":16,"y":-55,"width":17,"height":17},"className":"PivotJointE"},{"params":{"x":7177,"rotation":-24,"graphic":0,"safeId":-1,"id":16,"y":86,"width":17,"height":17},"className":"PivotJointE"},{"params":{"x":7321,"rotation":-24,"graphic":0,"safeId":-1,"id":16,"y":238,"width":17,"height":17},"className":"PivotJointE"},{"params":{"x":7833,"rotation":-24,"graphic":0,"safeId":-1,"id":16,"y":10,"width":17,"height":17},"className":"PivotJointE"},{"params":{"x":7125,"rotation":-24,"graphic":0,"safeId":-1,"id":16,"y":296,"width":17,"height":17},"className":"PivotJointE"},{"params":{"x":7241,"rotation":-24,"graphic":0,"safeId":-1,"id":16,"y":58,"width":17,"height":17},"className":"PivotJointE"},{"params":{"x":7385,"rotation":-24,"graphic":0,"safeId":-1,"id":16,"y":209,"width":17,"height":17},"className":"PivotJointE"},{"params":{"x":7306,"rotation":-24,"graphic":0,"safeId":-1,"id":16,"y":29,"width":17,"height":17},"className":"PivotJointE"},{"params":{"x":7449,"rotation":-24,"graphic":0,"safeId":-1,"id":16,"y":180,"width":17,"height":17},"className":"PivotJointE"},{"params":{"x":7513,"rotation":-24,"graphic":0,"safeId":-1,"id":16,"y":152,"width":17,"height":17},"className":"PivotJointE"},{"params":{"x":7257,"rotation":-24,"graphic":0,"safeId":-1,"id":16,"y":267,"width":17,"height":17},"className":"PivotJointE"},{"params":{"x":7433,"rotation":-24,"graphic":0,"safeId":-1,"id":16,"y":-27,"width":17,"height":17},"className":"PivotJointE"},{"params":{"x":7881,"rotation":156,"graphic":0,"safeId":-1,"id":16,"y":-228,"width":17,"height":17},"className":"PivotJointE"},{"params":{"x":7368,"rotation":-24,"graphic":0,"safeId":-1,"id":16,"y":2,"width":17,"height":17},"className":"PivotJointE"},{"params":{"x":7072,"rotation":-24,"graphic":0,"safeId":-1,"id":16,"y":243,"width":17,"height":17},"className":"PivotJointE"},{"params":{"x":7641,"rotation":-24,"graphic":0,"safeId":-1,"id":16,"y":96,"width":17,"height":17},"className":"PivotJointE"},{"params":{"x":7112,"rotation":-24,"graphic":0,"safeId":-1,"id":16,"y":114,"width":17,"height":17},"className":"PivotJointE"},{"params":{"x":7950,"rotation":156,"graphic":0,"safeId":-1,"id":16,"y":-227,"width":17,"height":17},"className":"PivotJointE"},{"params":{"x":7896,"rotation":-24,"graphic":0,"safeId":-1,"id":16,"y":-17,"width":17,"height":17},"className":"PivotJointE"},{"params":{"x":8003,"rotation":156,"graphic":0,"safeId":-1,"id":16,"y":-174,"width":17,"height":17},"className":"PivotJointE"},{"params":{"x":7470,"sndId":-1,"rotation":-24,"y":-80,"fnl":false,"safeId":-1,"id_off":12,"off":false,"id":13,"width":733,"height":64},"className":"ToggleE"},{"params":{"x":7290,"rotation":0,"graphic":0,"safeId":-1,"id":13,"y":150,"width":17,"height":17},"className":"PivotJointE"},{"params":{"x":7750,"rotation":0,"graphic":0,"safeId":-1,"id":13,"y":-60,"width":17,"height":17},"className":"PivotJointE"},{"params":{"x":4720,"sndId":-1,"rotation":0,"y":-160,"fnl":false,"safeId":-1,"id_off":7,"off":false,"id":14,"width":64,"height":2161},"className":"ToggleE"},{"params":{"x":5940,"sndId":-1,"rotation":0,"y":-300,"fnl":false,"safeId":-1,"id_off":-1,"off":false,"id":16,"width":64,"height":1151},"className":"ToggleE"},{"params":{"x":5950,"sndId":-1,"rotation":0,"y":-300,"fnl":false,"safeId":-1,"id_off":-1,"off":false,"id":17,"width":64,"height":1151},"className":"ToggleE"},{"params":{"x":7420,"sndId":0,"rotation":-24,"y":-50,"fnl":false,"safeId":-1,"id_off":14,"off":false,"id":0,"width":622,"height":64},"className":"ToggleE"},{"params":{"x":2041,"rotation":0,"graphic":1,"id":31,"y":268,"height":17,"width":17,"time":0,"safeId":-1,"snd":false,"rate":90,"useWeld":false},"className":"MotorJointE"},{"params":{"x":2414,"rotation":0,"graphic":1,"id":31,"y":-307,"height":17,"width":17,"time":0,"safeId":-1,"snd":false,"rate":90,"useWeld":false},"className":"MotorJointE"},{"params":{"x":1270,"sndId":-1,"rotation":0,"y":20,"fnl":false,"safeId":-1,"id_off":-1,"off":false,"id":31,"width":64,"height":934},"className":"ToggleE"},{"params":{"x":1330,"sndId":-1,"rotation":0,"y":-70,"fnl":false,"safeId":-1,"id_off":-1,"off":false,"id":7,"width":64,"height":1137},"className":"ToggleE"}]],"settings":{"prizes":"27,34,45","gravityY":500,"theme":6,"countdown":0}}