{"layers":[[{"params":{"x":3020,"rotation":0,"physic":false,"line":true,"plr":false,"id":-1,"graphic":true,"density":1,"isWheel":false,"isStatic":true,"ignore":false,"layer":1,"rem":true,"safeId":-1,"vertices":[{"x":-10,"y":5,"length":11.180339887498949},{"x":1600,"y":470,"length":1667.6030702778164},{"x":1570,"y":525,"length":1655.4531101786001},{"x":1550,"y":575,"length":1653.216561736544},{"x":1530,"y":605,"length":1645.2735334891886},{"x":1510,"y":635,"length":1638.0857730900418},{"x":1500,"y":675,"length":1644.878414959598},{"x":1510,"y":710,"length":1668.5922210054798},{"x":1525,"y":750,"length":1699.448439935734},{"x":1520,"y":800,"length":1717.672844286711},{"x":-145,"y":385,"length":411.40004861448426},{"x":-110,"y":315,"length":333.65401241405743},{"x":-85,"y":290,"length":302.2002647252315},{"x":-55,"y":250,"length":255.9785147234041},{"x":-40,"y":215,"length":218.68927728629038},{"x":-45,"y":170,"length":175.85505395068975},{"x":-40,"y":135,"length":140.80127840328723},{"x":-25,"y":95,"length":98.2344135219425},{"x":-20,"y":40,"length":44.721359549995796}],"y":30},"className":"frg.game.editor.objects::LandscapeShaper"},{"params":{"x":700,"rotation":0,"physic":true,"line":true,"plr":false,"id":-1,"graphic":true,"density":1,"isWheel":false,"isStatic":true,"ignore":false,"layer":2,"rem":true,"safeId":-1,"vertices":[{"x":-465,"y":-495,"length":679.1538853603063},{"x":100,"y":-495,"length":505},{"x":100,"y":445,"length":456.0975772792484},{"x":-465,"y":445,"length":643.622560201241}],"y":-130},"className":"frg.game.editor.objects::LandscapeShaper"},{"params":{"x":4550,"bg":true,"rotation":0,"y":890,"vertices":[{"x":0,"y":0,"length":0},{"x":1070,"y":0,"length":1070},{"x":1070,"y":885,"length":1388.5694076998816},{"x":0,"y":885,"length":885}],"viscosity":1.5,"id":-1,"sf":true,"density":1.5},"className":"frg.game.editor.objects::WaterShaper"},{"params":{"x":2195,"rotation":0,"physic":true,"line":true,"plr":true,"id":-1,"graphic":true,"density":1,"isWheel":false,"isStatic":false,"ignore":false,"layer":8,"rem":true,"safeId":-1,"vertices":[{"x":0,"y":0,"length":0},{"x":220,"y":0,"length":220},{"x":220,"y":25,"length":221.41589825484527},{"x":0,"y":25,"length":25}],"y":296},"className":"frg.game.editor.objects::LandscapeShaper"},{"params":{"x":-10,"physic":true,"lineId":0,"y":290,"height":3153.05,"isRoad":true,"direction":90,"width":9527,"textureMode":true,"cameraOffsetY":100,"straightSides":true,"directed":true,"originOffsetRatio":0,"thick":128,"stretchTexture":false,"camera":false,"rotation":0,"repeatTexture":true,"textureOffset":0,"snapToGrid":false,"line":true,"wireframe":false,"vertices":[{"x":0,"y":0,"length":0},{"x":2705,"y":5,"length":2705.0046210681417},{"x":4575,"y":495,"length":4601.700772540518},{"x":4575,"y":1410,"length":4787.350519859602},{"x":5605,"y":1410,"length":5779.630178480281},{"x":5605,"y":475,"length":5625.091110373235},{"x":5960,"y":295,"length":5967.296288940243},{"x":5960,"y":-480,"length":5979.297617613627},{"x":7240,"y":-475,"length":7255.565105489716},{"x":7296,"y":-479,"length":7311.706845873951},{"x":7341,"y":-489,"length":7357.268650796979},{"x":7391,"y":-509,"length":7408.506057229082},{"x":7426,"y":-528,"length":7444.747141441407},{"x":7457,"y":-549,"length":7477.181955790564},{"x":7486,"y":-575,"length":7508.050412723665},{"x":7513,"y":-605,"length":7537.320080771415},{"x":7536,"y":-637,"length":7562.874122977322},{"x":7557,"y":-673,"length":7586.908329484415},{"x":7575,"y":-718,"length":7608.951898914856},{"x":7586,"y":-763,"length":7624.274719604482},{"x":7591,"y":-800,"length":7633.038778887475},{"x":8119,"y":-800,"length":8158.3185154785415},{"x":8177,"y":-802,"length":8216.235938676542},{"x":8228,"y":-814,"length":8268.166664986864},{"x":8280,"y":-837,"length":8322.197366080667},{"x":8325,"y":-868,"length":8370.128374164879},{"x":8360,"y":-900,"length":8408.305417859177},{"x":8389,"y":-932,"length":8440.612833201154},{"x":8411,"y":-964,"length":8466.062662182463},{"x":8429,"y":-998,"length":8487.876353953325},{"x":8447,"y":-1043,"length":8511.149041110724},{"x":8457,"y":-1086,"length":8526.443865997126},{"x":8462,"y":-1130,"length":8537.115672169377},{"x":8462,"y":-1679,"length":8626.962675240922},{"x":9514,"y":-1677,"length":9660.668972695421}],"smoothing":true,"shape":true},"className":"frg.game.editor.objects::GroundPather"},{"params":{"x":2970,"rotation":0,"physic":true,"line":true,"plr":false,"id":-1,"graphic":true,"density":1,"isWheel":false,"isStatic":true,"ignore":false,"layer":2,"rem":true,"safeId":-1,"vertices":[{"x":25,"y":-1480,"length":1480.211133588719},{"x":1305,"y":-1465,"length":1961.9505600294824},{"x":1168,"y":-1292,"length":1741.6911322045594},{"x":1152,"y":70,"length":1154.1247766164627},{"x":1162,"y":132,"length":1169.4733857595904},{"x":1178,"y":172,"length":1190.49065515022},{"x":1208,"y":229,"length":1229.5141316796648},{"x":1240,"y":269,"length":1268.8423857989612},{"x":1282,"y":311,"length":1319.183459568835},{"x":1324,"y":339,"length":1366.710283856824},{"x":1372,"y":364,"length":1419.4646878312965},{"x":1655,"y":455,"length":1716.406129096491},{"x":1670,"y":560,"length":1761.3914953808537},{"x":1650,"y":570,"length":1745.6803831171387},{"x":25,"y":130,"length":132.38202294873727}],"y":-60},"className":"frg.game.editor.objects::LandscapeShaper"},{"params":{"x":4460,"rotation":0,"physic":true,"line":true,"plr":false,"id":-1,"graphic":false,"density":1,"isWheel":false,"isStatic":false,"ignore":false,"layer":0,"rem":true,"safeId":-1,"vertices":[{"x":-140,"y":-60,"length":152.31546211727817},{"x":100,"y":0,"length":100},{"x":95,"y":25,"length":98.2344135219425},{"x":-145,"y":-35,"length":149.164338901763}],"y":790},"className":"frg.game.editor.objects::LandscapeShaper"},{"params":{"x":-10,"physic":false,"lineId":0,"y":290,"height":1553,"isRoad":false,"direction":90,"width":9148,"textureMode":true,"cameraOffsetY":100,"straightSides":true,"directed":false,"originOffsetRatio":0,"thick":128,"stretchTexture":false,"camera":true,"rotation":0,"repeatTexture":true,"textureOffset":0,"snapToGrid":true,"line":false,"wireframe":false,"vertices":[{"x":0,"y":0,"length":0},{"x":2705,"y":5,"length":2705.0046210681417},{"x":4575,"y":495,"length":4601.700772540518},{"x":5605,"y":475,"length":5625.091110373235},{"x":5805,"y":385,"length":5817.753002663485},{"x":5935,"y":275,"length":5941.367687662497},{"x":6185,"y":-325,"length":6193.532917487401},{"x":7340,"y":-475,"length":7355.35349252502},{"x":7455,"y":-530,"length":7473.815959735696},{"x":7650,"y":-735,"length":7685.227712956852},{"x":8255,"y":-805,"length":8294.157582298518},{"x":8655,"y":-1030,"length":8716.072796850654},{"x":9135,"y":-1045,"length":9194.577206157986}],"smoothing":true,"shape":false},"className":"frg.game.editor.objects::GroundPather"},{"params":{"stretchTexture":false,"x":5950,"rotation":0,"physic":true,"originOffsetRatio":0,"repeatTexture":true,"snapToGrid":true,"textureOffset":0,"id":-1,"smoothing":true,"y":350,"density":"1","height":899.65,"action":0,"isStatic":true,"wireframe":false,"width":497,"graphic":true,"textureMode":true,"shapeH":17,"straightSides":true,"vertices":[{"x":-201,"y":344,"length":398.41812207779907},{"x":-154,"y":314,"length":349.7313254485506},{"x":-114,"y":280,"length":302.3177136722227},{"x":-77,"y":243,"length":254.9078264785136},{"x":-49,"y":204,"length":209.80228788075692},{"x":-20,"y":150,"length":151.32745950421557},{"x":-3,"y":85,"length":85.05292469985967},{"x":0,"y":31,"length":31},{"x":0,"y":-19,"length":19},{"x":-8,"y":-69,"length":69.46221994724903},{"x":-26,"y":-126,"length":128.65457628860312},{"x":-55,"y":-177,"length":185.34832073693033},{"x":-87,"y":-218,"length":234.71898091121648},{"x":-123,"y":-253,"length":281.31477031965454},{"x":-162,"y":-281,"length":324.35320254315354},{"x":-240,"y":-320,"length":400},{"x":-310,"y":-355,"length":471.3013897709193},{"x":-397,"y":-398,"length":562.1503357643754},{"x":-480,"y":-440,"length":651.1528238439882},{"x":-480,"y":-490,"length":685.9300255857007},{"x":-480,"y":-540,"length":722.4956747275377},{"x":-400,"y":-540,"length":672.0119046564577},{"x":-320,"y":-540,"length":627.6941930590086},{"x":-240,"y":-540,"length":590.9314681077662},{"x":-160,"y":-540,"length":563.2051136131489},{"x":-70,"y":-540,"length":544.5181356024792},{"x":0,"y":-540,"length":540}],"type":4,"safeId":-1},"className":"frg.game.editor.objects::DynamicPather"},{"params":{"x":4470.4,"rotation":3,"physic":true,"line":true,"plr":false,"id":-1,"graphic":false,"density":1,"isWheel":false,"isStatic":false,"ignore":false,"layer":0,"rem":true,"safeId":-1,"vertices":[{"x":-140,"y":-60,"length":152.31546211727817},{"x":100,"y":0,"length":100},{"x":95,"y":25,"length":98.2344135219425},{"x":-145,"y":-35,"length":149.164338901763}],"y":370.8},"className":"frg.game.editor.objects::LandscapeShaper"},{"params":{"x":8460,"rotation":0,"physic":true,"line":true,"plr":false,"id":-1,"graphic":false,"density":1,"isWheel":false,"isStatic":false,"ignore":false,"layer":0,"rem":true,"safeId":-1,"vertices":[{"x":0,"y":0,"length":0},{"x":50,"y":0,"length":50},{"x":50,"y":215,"length":220.73740054644117},{"x":0,"y":215,"length":215}],"y":-1180},"className":"frg.game.editor.objects::LandscapeShaper"},{"params":{"x":7061,"rotation":0,"physic":true,"line":true,"plr":false,"id":-1,"graphic":true,"density":1,"isWheel":false,"isStatic":false,"ignore":false,"layer":8,"rem":true,"safeId":-1,"vertices":[{"x":0,"y":0,"length":0},{"x":340,"y":0,"length":340},{"x":335,"y":23,"length":335.78862398836566},{"x":325,"y":48,"length":328.5254936835192},{"x":309,"y":77,"length":318.4493680320311},{"x":289,"y":100,"length":305.81203377238114},{"x":258,"y":122,"length":285.3909599128886},{"x":227,"y":135,"length":264.1098256407739},{"x":196,"y":144,"length":243.21184181696418},{"x":165,"y":145,"length":219.65882636488797},{"x":133,"y":141,"length":193.82982226685345},{"x":104,"y":133,"length":168.8342382338369},{"x":77,"y":117,"length":140.06427096158393},{"x":53,"y":100,"length":113.17685275708986},{"x":33,"y":78,"length":84.69356528095862},{"x":17,"y":53,"length":55.65968020030299},{"x":6,"y":25,"length":25.709920264364882}],"y":-510},"className":"frg.game.editor.objects::LandscapeShaper"},{"params":{"stretchTexture":false,"x":7070,"rotation":0,"physic":true,"originOffsetRatio":0,"repeatTexture":true,"snapToGrid":true,"textureOffset":0,"id":-1,"smoothing":true,"y":-500,"density":"1","height":1869.5,"action":0,"isStatic":true,"wireframe":false,"width":336,"graphic":true,"textureMode":true,"shapeH":16,"straightSides":true,"vertices":[{"x":0,"y":0,"length":0},{"x":0,"y":-1855,"length":1855},{"x":320,"y":-1855,"length":1882.398735656184},{"x":320,"y":0,"length":320}],"type":7,"safeId":-1},"className":"frg.game.editor.objects::DynamicPather"},{"params":{"x":7070,"rotation":0,"y":-595,"vertices":[{"x":0,"y":-1750,"length":1750},{"x":320,"y":-1750,"length":1779.016582272352},{"x":320,"y":100,"length":335.2610922848042},{"x":0,"y":100,"length":100}]},"className":"frg.game.editor.objects::FinishShaper"},{"params":{"x":8460,"rotation":0,"physic":true,"line":true,"plr":true,"id":-1,"graphic":true,"density":1,"isWheel":false,"isStatic":false,"ignore":false,"layer":3,"rem":true,"safeId":-1,"vertices":[{"x":196,"y":34,"length":198.92712233378333},{"x":173,"y":99,"length":199.32385707686876},{"x":128,"y":153,"length":199.4818287463798},{"x":68,"y":187,"length":198.97989848223364},{"x":0,"y":200,"length":200},{"x":-68,"y":187,"length":198.97989848223364},{"x":-128,"y":153,"length":199.4818287463798},{"x":-173,"y":99,"length":199.32385707686876},{"x":-196,"y":34,"length":198.92712233378333},{"x":-196,"y":-34,"length":198.92712233378333},{"x":-173,"y":-100,"length":199.82242116439286},{"x":-128,"y":-153,"length":199.4818287463798},{"x":-68,"y":-187,"length":198.97989848223364},{"x":0,"y":-200,"length":200},{"x":68,"y":-187,"length":198.97989848223364},{"x":128,"y":-153,"length":199.4818287463798},{"x":173,"y":-100,"length":199.82242116439286},{"x":196,"y":-34,"length":198.92712233378333}],"y":-1390},"className":"frg.game.editor.objects::LandscapeShaper"}],[{"params":{"x":7230,"ag":true,"active":true,"y":-609,"sgos":true,"btg":true,"id":-1,"ad":-1,"width":273,"height":324.1,"scaleX":1,"scaleY":1,"safeId":-1,"rotation":0},"className":"SpikeBall200E"},{"params":{"scaleX":1,"rotation":0,"scaleY":1,"x":6308,"y":-252,"width":9.3,"height":128.35},"className":"SignPillar"},{"params":{"x":1010,"rotation":-12,"y":260,"width":95,"height":72.35},"className":"Dec26"},{"params":{"x":1070,"rotation":0,"y":260,"width":71.6,"height":72.35},"className":"Dec28"},{"params":{"x":2280,"rotation":0,"y":260,"width":71.6,"height":72.35},"className":"Dec28"},{"params":{"scaleX":1,"rotation":0,"scaleY":1,"x":6277,"y":-229,"width":77.3,"height":79.6},"className":"Dec23"},{"params":{"x":7920,"rotation":0,"y":-540,"width":95,"height":72.35},"className":"Dec26"},{"params":{"x":7981,"rotation":15,"y":-533,"width":71.6,"height":72.35},"className":"Dec28"},{"params":{"x":3475,"rotation":18,"y":399,"width":20.15,"height":54.65},"className":"Dec25"},{"params":{"scaleX":1,"rotation":18,"scaleY":1,"x":3478,"y":389,"width":19.15,"height":37.65},"className":"Dec12"},{"params":{"scaleX":1,"rotation":18,"scaleY":1,"x":4148,"y":559,"width":19.15,"height":37.65},"className":"Dec12"},{"params":{"x":4145,"rotation":18,"y":569,"width":20.15,"height":54.65},"className":"Dec25"},{"params":{"x":3209,"ag":true,"active":true,"y":322,"sgos":true,"btg":true,"id":-1,"ad":-1,"width":273,"height":324.1,"scaleX":1,"scaleY":1,"safeId":-1,"rotation":0},"className":"SpikeBall200E"},{"params":{"x":4728,"ag":true,"active":true,"y":380,"sgos":true,"btg":true,"id":-1,"ad":-1,"width":273,"height":324.1,"scaleX":1,"scaleY":1,"safeId":-1,"rotation":0},"className":"SpikeBall200E"}],[{"params":{"x":3322,"stones":false,"physic":false,"impulse":7000,"id":1,"radius":64,"y":368,"height":53.2,"width":53.2,"safeId":-1,"rotation":0,"count":40},"className":"Tnt1"},{"params":{"x":2400,"stones":false,"physic":false,"impulse":1,"id":1,"radius":1,"y":320,"height":53.2,"width":53.2,"safeId":-1,"rotation":0,"count":1},"className":"Tnt1"},{"params":{"x":4437,"stones":false,"physic":false,"impulse":1,"id":2,"radius":1,"y":777,"height":53.2,"width":53.2,"safeId":-1,"rotation":15,"count":1},"className":"Tnt1"},{"params":{"x":5720,"rotation":0,"y":100,"time":1,"safeId":-1,"force":6000,"width":64.1,"height":64.1},"className":"BoostE"},{"params":{"x":4447.9,"stones":false,"physic":false,"impulse":1,"id":3,"radius":1,"y":356.65,"height":53.2,"width":53.2,"safeId":-1,"rotation":21,"count":1},"className":"Tnt1"},{"params":{"x":8484,"stones":false,"physic":false,"impulse":1,"id":6,"radius":1,"y":-1088,"height":53.2,"width":53.2,"safeId":-1,"rotation":-87,"count":1},"className":"Tnt1"},{"params":{"x":7100,"stones":false,"physic":false,"impulse":10000,"id":11,"radius":64,"y":-580,"height":53.2,"width":53.2,"safeId":-1,"rotation":0,"count":40},"className":"Tnt1"}],null,[{"params":{"x":1220,"rotation":0,"y":200,"width":64,"height":32},"className":"PlayerWP"},{"params":{"x":6310,"rotation":0,"y":-330,"id":0,"width":128,"height":3027},"className":"SafePointE"}],[{"params":{"x":2206,"rotation":0,"graphic":0,"id":1,"y":308,"height":17,"width":17,"time":0.3,"safeId":-1,"snd":false,"rate":-100,"useWeld":false},"className":"MotorJointE"},{"params":{"x":2290,"sndId":-1,"rotation":0,"y":110,"fnl":false,"safeId":-1,"id_off":-1,"off":false,"id":1,"width":64,"height":806},"className":"ToggleE"},{"params":{"x":3262,"rotation":0,"graphic":0,"safeId":-1,"id":1,"y":378,"width":17,"height":17},"className":"PivotJointE"},{"params":{"x":4440,"active":0,"y":770,"cycle":0,"body":false,"id":2,"position":0,"width":22,"height":45,"stopOnEnd":true,"accelDist":0,"snapToGrid":false,"vertices":[{"x":0,"y":0,"length":0},{"x":9,"y":-32,"length":33.24154027718932}],"sideWait":0,"safeId":-1,"startTime":"0","rotation":0,"speed":550},"className":"frg.game.editor.objects::MoverPather"},{"params":{"x":4450,"sndId":-1,"rotation":12,"y":740,"fnl":false,"safeId":-1,"id_off":-1,"off":false,"id":2,"width":64,"height":557},"className":"ToggleE"},{"params":{"x":4451.5,"active":0,"y":349.85,"cycle":0,"body":false,"id":3,"position":0,"width":30,"height":78,"stopOnEnd":true,"accelDist":0,"snapToGrid":false,"vertices":[{"x":0,"y":0,"length":0},{"x":17,"y":-65,"length":67.1863081289633}],"sideWait":0,"safeId":-1,"startTime":"0","rotation":3,"speed":1000},"className":"frg.game.editor.objects::MoverPather"},{"params":{"x":4500,"sndId":-1,"rotation":18,"y":379,"fnl":false,"safeId":-1,"id_off":-1,"off":false,"id":3,"width":144,"height":70},"className":"ToggleE"},{"params":{"x":7071,"rotation":0,"graphic":1,"safeId":-1,"id":-1,"y":-504,"width":17,"height":17},"className":"PivotJointE"},{"params":{"x":7391,"rotation":0,"graphic":1,"safeId":-1,"id":-1,"y":-504,"width":17,"height":17},"className":"PivotJointE"},{"params":{"x":8460,"rotation":0,"graphic":0,"id":5,"y":-1390,"height":17,"width":17,"time":0,"safeId":-1,"snd":false,"rate":180,"useWeld":false},"className":"MotorJointE"},{"params":{"x":8433,"sndId":-1,"rotation":-90,"y":-1100,"fnl":false,"safeId":-1,"id_off":-1,"off":false,"id":6,"width":98,"height":259},"className":"ToggleE"},{"params":{"x":7220,"sndId":-1,"rotation":0,"y":-410,"fnl":false,"safeId":-1,"id_off":-1,"off":false,"id":5,"width":64,"height":772},"className":"ToggleE"},{"params":{"x":8485,"active":0,"y":-1070,"cycle":0,"body":false,"id":6,"position":0,"width":93,"height":13,"stopOnEnd":true,"accelDist":0,"snapToGrid":true,"vertices":[{"x":0,"y":0,"length":0},{"x":-80,"y":0,"length":80}],"sideWait":0,"safeId":-1,"startTime":"0","rotation":0,"speed":1000},"className":"frg.game.editor.objects::MoverPather"},{"params":{"x":7160,"rotation":0,"graphic":0,"safeId":-1,"id":11,"y":-590,"width":17,"height":17},"className":"PivotJointE"},{"params":{"x":7990,"sndId":-1,"rotation":0,"y":-920,"fnl":false,"safeId":-1,"id_off":-1,"off":false,"id":11,"width":104,"height":1132},"className":"ToggleE"},{"params":{"x":4728,"rotation":0,"graphic":1,"id":1,"y":380,"height":17,"width":17,"time":0,"safeId":-1,"snd":false,"rate":180,"useWeld":false},"className":"MotorJointE"}]],"settings":{"prizes":"20,27,36","gravityY":500,"theme":6,"countdown":0}}