{"layers":[[{"params":{"x":9740,"rotation":0,"physic":false,"line":true,"plr":false,"id":-1,"graphic":true,"density":1,"isWheel":false,"isStatic":true,"ignore":false,"layer":2,"rem":true,"safeId":-1,"vertices":[{"x":0,"y":0,"length":0},{"x":100,"y":0,"length":100},{"x":90,"y":1230,"length":1233.288287465668},{"x":-10,"y":1230,"length":1230.0406497347963}],"y":-1741},"className":"frg.game.editor.objects::LandscapeShaper"},{"params":{"x":9939,"rotation":18,"physic":true,"line":true,"plr":false,"id":-1,"graphic":true,"density":1,"isWheel":false,"isStatic":false,"ignore":false,"layer":8,"rem":true,"safeId":-1,"vertices":[{"x":0,"y":-675,"length":675},{"x":50,"y":-675,"length":676.8493185340442},{"x":100,"y":-675,"length":682.367203197809},{"x":100,"y":-595,"length":603.3448433524562},{"x":100,"y":-510,"length":519.7114584074513},{"x":100,"y":-430,"length":441.47480109288233},{"x":100,"y":-355,"length":368.81567211820055},{"x":100,"y":-275,"length":292.61749776799064},{"x":100,"y":-195,"length":219.14607000811125},{"x":100,"y":-100,"length":141.4213562373095},{"x":100,"y":-10,"length":100.4987562112089},{"x":100,"y":80,"length":128.06248474865697},{"x":100,"y":170,"length":197.2308292331602},{"x":100,"y":255,"length":273.9069184960467},{"x":100,"y":325,"length":340.03676271838606},{"x":100,"y":405,"length":417.163037672323},{"x":100,"y":475,"length":485.41219597368996},{"x":100,"y":565,"length":573.7813172280883},{"x":100,"y":645,"length":652.7059062089143},{"x":0,"y":645,"length":645},{"x":0,"y":570,"length":570},{"x":0,"y":485,"length":485},{"x":0,"y":400,"length":400},{"x":0,"y":320,"length":320},{"x":0,"y":230,"length":230},{"x":0,"y":140,"length":140},{"x":0,"y":55,"length":55},{"x":0,"y":-35,"length":35},{"x":0,"y":-125,"length":125},{"x":0,"y":-215,"length":215},{"x":0,"y":-305,"length":305},{"x":0,"y":-410,"length":410},{"x":0,"y":-485,"length":485},{"x":0,"y":-560,"length":560},{"x":0,"y":-615,"length":615}],"y":-2348},"className":"frg.game.editor.objects::LandscapeShaper"},{"params":{"x":0,"rotation":0,"physic":true,"line":true,"plr":false,"id":-1,"graphic":true,"density":1,"isWheel":false,"isStatic":true,"ignore":false,"layer":0,"rem":true,"safeId":-1,"vertices":[{"x":0,"y":0,"length":0},{"x":460,"y":0,"length":460},{"x":460,"y":1015,"length":1114.3720204671329},{"x":0,"y":1015,"length":1015}],"y":-690},"className":"frg.game.editor.objects::LandscapeShaper"},{"params":{"x":10920,"rotation":0,"physic":true,"line":true,"plr":false,"id":-1,"graphic":true,"density":1,"isWheel":false,"isStatic":true,"ignore":false,"layer":2,"rem":true,"safeId":-1,"vertices":[{"x":0,"y":0,"length":0},{"x":100,"y":0,"length":100},{"x":100,"y":535,"length":544.2655601817921},{"x":0,"y":535,"length":535}],"y":-1951},"className":"frg.game.editor.objects::LandscapeShaper"},{"params":{"x":11770,"rotation":0,"y":-2270,"vertices":[{"x":10,"y":-1645,"length":1645.0303948559736},{"x":510,"y":-1645,"length":1722.2441754873205},{"x":505,"y":390,"length":638.0634764660958},{"x":5,"y":390,"length":390.03204996512784}]},"className":"frg.game.editor.objects::FinishShaper"},{"params":{"x":11750,"rotation":0,"physic":true,"line":true,"plr":false,"id":-1,"graphic":true,"density":1,"isWheel":false,"isStatic":true,"ignore":false,"layer":8,"rem":true,"safeId":-1,"vertices":[{"x":0,"y":0,"length":0},{"x":50,"y":25,"length":55.90169943749474},{"x":110,"y":25,"length":112.80514172678478},{"x":170,"y":25,"length":171.82840277439584},{"x":235,"y":25,"length":236.32604596192948},{"x":310,"y":25,"length":311.0064308016797},{"x":390,"y":25,"length":390.80046059338264},{"x":460,"y":25,"length":460.6788469204984},{"x":515,"y":25,"length":515.6064390598706},{"x":555,"y":-5,"length":555.0225220655465},{"x":555,"y":55,"length":557.718567021038},{"x":555,"y":135,"length":571.1829829397931},{"x":555,"y":210,"length":593.4012133455744},{"x":550,"y":615,"length":825.0606038346516},{"x":-5,"y":615,"length":615.0203248673981},{"x":0,"y":240,"length":240},{"x":0,"y":140,"length":140},{"x":0,"y":65,"length":65}],"y":-1950},"className":"frg.game.editor.objects::LandscapeShaper"},{"params":{"x":9082,"bg":true,"rotation":0,"y":-1920,"vertices":[{"x":0,"y":0,"length":0},{"x":4635,"y":0,"length":4635},{"x":4635,"y":1405,"length":4843.268524457425},{"x":0,"y":1405,"length":1405}],"viscosity":1.5,"id":-1,"sf":true,"density":1.5},"className":"frg.game.editor.objects::WaterShaper"},{"params":{"x":8555,"rotation":0,"physic":true,"line":true,"plr":false,"id":-1,"graphic":true,"density":1,"isWheel":false,"isStatic":false,"ignore":false,"layer":0,"rem":true,"safeId":-1,"vertices":[{"x":100,"y":0,"length":100},{"x":98,"y":17,"length":99.46356116689167},{"x":93,"y":34,"length":99.02019995940222},{"x":86,"y":49,"length":98.97979591815695},{"x":76,"y":64,"length":99.35793878699377},{"x":64,"y":76,"length":99.35793878699377},{"x":50,"y":86,"length":99.4786409235671},{"x":34,"y":93,"length":99.02019995940222},{"x":17,"y":98,"length":99.46356116689167},{"x":0,"y":100,"length":100},{"x":-17,"y":98,"length":99.46356116689167},{"x":-34,"y":93,"length":99.02019995940222},{"x":-49,"y":86,"length":98.97979591815695},{"x":-64,"y":76,"length":99.35793878699377},{"x":-76,"y":64,"length":99.35793878699377},{"x":-86,"y":49,"length":98.97979591815695},{"x":-93,"y":34,"length":99.02019995940222},{"x":-98,"y":17,"length":99.46356116689167},{"x":-100,"y":0,"length":100},{"x":-98,"y":-17,"length":99.46356116689167},{"x":-93,"y":-34,"length":99.02019995940222},{"x":-86,"y":-50,"length":99.4786409235671},{"x":-76,"y":-64,"length":99.35793878699377},{"x":-64,"y":-76,"length":99.35793878699377},{"x":-50,"y":-86,"length":99.4786409235671},{"x":-34,"y":-93,"length":99.02019995940222},{"x":-17,"y":-98,"length":99.46356116689167},{"x":0,"y":-100,"length":100},{"x":17,"y":-98,"length":99.46356116689167},{"x":34,"y":-93,"length":99.02019995940222},{"x":50,"y":-86,"length":99.4786409235671},{"x":64,"y":-76,"length":99.35793878699377},{"x":76,"y":-64,"length":99.35793878699377},{"x":86,"y":-50,"length":99.4786409235671},{"x":93,"y":-34,"length":99.02019995940222},{"x":98,"y":-17,"length":99.46356116689167}],"y":-618},"className":"frg.game.editor.objects::LandscapeShaper"},{"params":{"x":7965,"rotation":0,"physic":true,"line":true,"plr":false,"id":-1,"graphic":true,"density":1,"isWheel":false,"isStatic":false,"ignore":false,"layer":0,"rem":true,"safeId":-1,"vertices":[{"x":100,"y":0,"length":100},{"x":98,"y":17,"length":99.46356116689167},{"x":93,"y":34,"length":99.02019995940222},{"x":86,"y":49,"length":98.97979591815695},{"x":76,"y":64,"length":99.35793878699377},{"x":64,"y":76,"length":99.35793878699377},{"x":50,"y":86,"length":99.4786409235671},{"x":34,"y":93,"length":99.02019995940222},{"x":17,"y":98,"length":99.46356116689167},{"x":0,"y":100,"length":100},{"x":-17,"y":98,"length":99.46356116689167},{"x":-34,"y":93,"length":99.02019995940222},{"x":-49,"y":86,"length":98.97979591815695},{"x":-64,"y":76,"length":99.35793878699377},{"x":-76,"y":64,"length":99.35793878699377},{"x":-86,"y":49,"length":98.97979591815695},{"x":-93,"y":34,"length":99.02019995940222},{"x":-98,"y":17,"length":99.46356116689167},{"x":-100,"y":0,"length":100},{"x":-98,"y":-17,"length":99.46356116689167},{"x":-93,"y":-34,"length":99.02019995940222},{"x":-86,"y":-50,"length":99.4786409235671},{"x":-76,"y":-64,"length":99.35793878699377},{"x":-64,"y":-76,"length":99.35793878699377},{"x":-50,"y":-86,"length":99.4786409235671},{"x":-34,"y":-93,"length":99.02019995940222},{"x":-17,"y":-98,"length":99.46356116689167},{"x":0,"y":-100,"length":100},{"x":17,"y":-98,"length":99.46356116689167},{"x":34,"y":-93,"length":99.02019995940222},{"x":50,"y":-86,"length":99.4786409235671},{"x":64,"y":-76,"length":99.35793878699377},{"x":76,"y":-64,"length":99.35793878699377},{"x":86,"y":-50,"length":99.4786409235671},{"x":93,"y":-34,"length":99.02019995940222},{"x":98,"y":-17,"length":99.46356116689167}],"y":-618},"className":"frg.game.editor.objects::LandscapeShaper"},{"params":{"x":4510,"bg":true,"rotation":0,"y":130,"vertices":[{"x":0,"y":0,"length":0},{"x":1680,"y":0,"length":1680},{"x":1680,"y":175,"length":1689.0899916819114},{"x":0,"y":175,"length":175}],"viscosity":1.5,"id":-1,"sf":true,"density":1.5},"className":"frg.game.editor.objects::WaterShaper"},{"params":{"x":3365,"rotation":0,"y":-694,"width":126.1,"height":126.1},"className":"OvalTemplate"},{"params":{"x":-10,"physic":true,"lineId":0,"y":290,"height":876,"isRoad":true,"direction":90,"width":9633,"textureMode":true,"cameraOffsetY":100,"straightSides":true,"directed":true,"originOffsetRatio":0,"thick":128,"stretchTexture":false,"camera":false,"rotation":0,"repeatTexture":true,"textureOffset":0,"snapToGrid":true,"line":true,"wireframe":false,"vertices":[{"x":0,"y":0,"length":0},{"x":6200,"y":0,"length":6200},{"x":7807,"y":-812,"length":7849.114153839272},{"x":9620,"y":-810,"length":9654.040604845206}],"smoothing":true,"shape":true},"className":"frg.game.editor.objects::GroundPather"},{"params":{"x":3365,"rotation":0,"y":97,"width":126.1,"height":126.1},"className":"OvalTemplate"},{"params":{"x":3365,"rotation":0,"physic":true,"line":true,"plr":false,"id":-1,"graphic":true,"density":1,"isWheel":false,"isStatic":false,"ignore":false,"layer":8,"rem":true,"safeId":-1,"vertices":[{"x":200,"y":0,"length":200},{"x":196,"y":34,"length":198.92712233378333},{"x":187,"y":68,"length":198.97989848223364},{"x":173,"y":99,"length":199.32385707686876},{"x":153,"y":128,"length":199.4818287463798},{"x":128,"y":153,"length":199.4818287463798},{"x":100,"y":173,"length":199.82242116439286},{"x":68,"y":187,"length":198.97989848223364},{"x":25,"y":197,"length":198.57995870681412},{"x":25,"y":338,"length":338.92329515688357},{"x":42,"y":349,"length":351.51813608973293},{"x":54,"y":363,"length":366.9945503682582},{"x":60,"y":378,"length":382.7322824116095},{"x":62,"y":396,"length":400.8241509689754},{"x":60,"y":417,"length":421.2944338583172},{"x":49,"y":436,"length":438.74480053899214},{"x":33,"y":449,"length":450.2110616144388},{"x":15,"y":457,"length":457.2461044120551},{"x":-2,"y":459,"length":459.0043572777932},{"x":-22,"y":456,"length":456.5303932927139},{"x":-39,"y":445,"length":446.7057196857905},{"x":-50,"y":433,"length":435.8772763060722},{"x":-59,"y":418,"length":422.14334058468813},{"x":-63,"y":399,"length":403.9430652950982},{"x":-61,"y":381,"length":385.85230334935153},{"x":-53,"y":363,"length":366.84874267196284},{"x":-40,"y":347,"length":349.2978671563856},{"x":-25,"y":336,"length":336.92877585626314},{"x":-25,"y":198,"length":199.5720421301541},{"x":-68,"y":187,"length":198.97989848223364},{"x":-99,"y":173,"length":199.32385707686876},{"x":-128,"y":153,"length":199.4818287463798},{"x":-153,"y":128,"length":199.4818287463798},{"x":-173,"y":99,"length":199.32385707686876},{"x":-187,"y":68,"length":198.97989848223364},{"x":-196,"y":34,"length":198.92712233378333},{"x":-200,"y":0,"length":200},{"x":-196,"y":-34,"length":198.92712233378333},{"x":-187,"y":-68,"length":198.97989848223364},{"x":-173,"y":-100,"length":199.82242116439286},{"x":-153,"y":-128,"length":199.4818287463798},{"x":-128,"y":-153,"length":199.4818287463798},{"x":-100,"y":-173,"length":199.82242116439286},{"x":-68,"y":-187,"length":198.97989848223364},{"x":-25,"y":-195,"length":196.596032513375},{"x":-25,"y":-337,"length":337.9260274083664},{"x":-42,"y":-349,"length":351.51813608973293},{"x":-55,"y":-365,"length":369.120576505835},{"x":-62,"y":-385,"length":389.96025438498214},{"x":-62,"y":-407,"length":411.6952756590729},{"x":-55,"y":-426,"length":429.5357959472062},{"x":-43,"y":-442,"length":444.0867032461116},{"x":-24,"y":-454,"length":454.63391866423694},{"x":0,"y":-460,"length":460},{"x":22,"y":-455,"length":455.531557633497},{"x":40,"y":-444,"length":445.79816060634437},{"x":54,"y":-427,"length":430.40097583532497},{"x":62,"y":-406,"length":410.7067080046295},{"x":62,"y":-385,"length":389.96025438498214},{"x":58,"y":-369,"length":373.5304539123952},{"x":45,"y":-351,"length":353.872858524075},{"x":25,"y":-338,"length":338.92329515688357},{"x":25,"y":-195,"length":196.596032513375},{"x":68,"y":-187,"length":198.97989848223364},{"x":100,"y":-173,"length":199.82242116439286},{"x":128,"y":-153,"length":199.4818287463798},{"x":153,"y":-128,"length":199.4818287463798},{"x":173,"y":-100,"length":199.82242116439286},{"x":187,"y":-68,"length":198.97989848223364},{"x":196,"y":-34,"length":198.92712233378333}],"y":-299},"className":"frg.game.editor.objects::LandscapeShaper"},{"params":{"x":2830,"bg":true,"rotation":0,"y":-50,"vertices":[{"x":0,"y":0,"length":0},{"x":1070,"y":0,"length":1070},{"x":1050,"y":40,"length":1050.7616285342742},{"x":1026,"y":76,"length":1028.8109641717472},{"x":997,"y":116,"length":1003.7255601009671},{"x":957,"y":159,"length":970.1185494567146},{"x":908,"y":203,"length":930.4154985811447},{"x":863,"y":236,"length":894.687096140321},{"x":827,"y":259,"length":866.6083313700601},{"x":792,"y":278,"length":839.3735759481591},{"x":746,"y":298,"length":803.3181188047485},{"x":701,"y":313,"length":767.7043701842526},{"x":651,"y":323,"length":726.7255327838702},{"x":596,"y":333,"length":682.7188293873254},{"x":540,"y":335,"length":635.4722653271344},{"x":486,"y":333,"length":589.1392025659131},{"x":432,"y":326,"length":541.2023651093923},{"x":377,"y":316,"length":491.91970889566926},{"x":325,"y":298,"length":440.9410391424232},{"x":278,"y":279,"length":393.8591118661596},{"x":234,"y":254,"length":345.35778549208936},{"x":189,"y":226,"length":294.61330587738223},{"x":150,"y":193,"length":244.43608571567333},{"x":114,"y":162,"length":198.09088823063013},{"x":77,"y":120,"length":142.57980221616245},{"x":50,"y":86,"length":99.4786409235671},{"x":26,"y":51,"length":57.245087125446844}],"viscosity":1.5,"id":-1,"sf":true,"density":1.5},"className":"frg.game.editor.objects::WaterShaper"},{"params":{"stretchTexture":false,"x":2270,"rotation":0,"physic":true,"originOffsetRatio":0,"repeatTexture":true,"snapToGrid":true,"textureOffset":0,"id":-1,"smoothing":true,"y":300,"density":"1","height":401.95,"action":0,"isStatic":true,"wireframe":false,"width":2255,"graphic":true,"textureMode":true,"shapeH":17,"straightSides":true,"vertices":[{"x":0,"y":0,"length":0},{"x":55,"y":-6,"length":55.326304774492215},{"x":105,"y":-12,"length":105.68348972285122},{"x":154,"y":-20,"length":155.2932709424333},{"x":207,"y":-35,"length":209.9380861111199},{"x":250,"y":-52,"length":255.3507391804457},{"x":295,"y":-73,"length":303.8980092070364},{"x":331,"y":-94,"length":344.0886513676381},{"x":363,"y":-117,"length":381.3895646186455},{"x":389,"y":-138,"length":412.7529527453438},{"x":419,"y":-164,"length":449.95221968560173},{"x":445,"y":-189,"length":483.47285342612565},{"x":471,"y":-219,"length":519.4246817393259},{"x":499,"y":-253,"length":559.4729662816604},{"x":526,"y":-293,"length":602.100489951636},{"x":554,"y":-345,"length":652.641555526462},{"x":571,"y":-315,"length":652.1242212952989},{"x":590,"y":-283,"length":654.3615208735918},{"x":612,"y":-250,"length":661.0930343000144},{"x":634,"y":-222,"length":671.7439988567073},{"x":661,"y":-193,"length":688.6000290444374},{"x":692,"y":-162,"length":710.7095046501066},{"x":722,"y":-135,"length":734.5127636739882},{"x":755,"y":-111,"length":763.1159807001817},{"x":789,"y":-89,"length":794.0037783285417},{"x":821,"y":-70,"length":823.9787618622217},{"x":856,"y":-53,"length":857.6392015294077},{"x":892,"y":-39,"length":892.852171414731},{"x":925,"y":-28,"length":925.4236867511011},{"x":963,"y":-18,"length":963.1682096082699},{"x":999,"y":-12,"length":999.072069472468},{"x":1039,"y":-7,"length":1039.0235800981611},{"x":1087,"y":-5,"length":1087.0114994791913},{"x":1129,"y":-6,"length":1129.0159432000949},{"x":1174,"y":-10,"length":1174.0425886653345},{"x":1217,"y":-16,"length":1217.1051721194845},{"x":1260,"y":-27,"length":1260.2892525130887},{"x":1300,"y":-40,"length":1300.6152390311288},{"x":1335,"y":-53,"length":1336.0516457083536},{"x":1370,"y":-72,"length":1371.8906661975655},{"x":1407,"y":-92,"length":1410.0046099215422},{"x":1440,"y":-115,"length":1444.5847154113185},{"x":1470,"y":-137,"length":1476.3702110243216},{"x":1501,"y":-165,"length":1510.0417212779255},{"x":1530,"y":-195,"length":1542.3764132013948},{"x":1555,"y":-224,"length":1571.050922153703},{"x":1579,"y":-254,"length":1599.2989088972706},{"x":1600,"y":-284,"length":1625.009538433544},{"x":1618,"y":-313,"length":1647.9966626179798},{"x":1636,"y":-347,"length":1672.3949892295182},{"x":1650,"y":-385,"length":1694.3213980824298},{"x":1715,"y":-385,"length":1757.6831341285608},{"x":1785,"y":-385,"length":1826.0476445043814},{"x":1860,"y":-385,"length":1899.4275453409641},{"x":1935,"y":-385,"length":1972.9292942221725},{"x":2005,"y":-385,"length":2041.6292513578462},{"x":2070,"y":-385,"length":2105.4987532648884},{"x":2145,"y":-385,"length":2179.2774031774843},{"x":2240,"y":-385,"length":2272.845133307591},{"x":2240,"y":-345,"length":2266.412363185482},{"x":2240,"y":-280,"length":2257.432169523594},{"x":2240,"y":-220,"length":2250.7776433935005},{"x":2240,"y":-155,"length":2245.3563191618387},{"x":2240,"y":-95,"length":2242.0136038837945},{"x":2240,"y":-10,"length":2240.0223213173567}],"type":4,"safeId":-1},"className":"frg.game.editor.objects::DynamicPather"},{"params":{"x":6020,"rotation":0,"physic":true,"line":true,"plr":false,"id":-1,"graphic":true,"density":1,"isWheel":true,"isStatic":false,"ignore":false,"layer":8,"rem":true,"safeId":-1,"vertices":[{"x":35,"y":-5,"length":35.35533905932738},{"x":110,"y":-5,"length":110.11357772772621},{"x":110,"y":65,"length":127.76932339180638},{"x":-15,"y":65,"length":66.70832032063167},{"x":-15,"y":20,"length":25}],"y":152},"className":"frg.game.editor.objects::LandscapeShaper"},{"params":{"x":6166,"rotation":0,"physic":false,"line":true,"plr":false,"id":-1,"graphic":true,"density":1,"isWheel":false,"isStatic":true,"ignore":false,"layer":0,"rem":true,"safeId":-1,"vertices":[{"x":0,"y":0,"length":0},{"x":0,"y":0,"length":0},{"x":0,"y":0,"length":0},{"x":0,"y":0,"length":0},{"x":0,"y":0,"length":0},{"x":0,"y":0,"length":0},{"x":0,"y":0,"length":0},{"x":0,"y":0,"length":0},{"x":0,"y":0,"length":0},{"x":0,"y":0,"length":0},{"x":0,"y":0,"length":0},{"x":0,"y":0,"length":0},{"x":0,"y":0,"length":0},{"x":0,"y":0,"length":0},{"x":0,"y":0,"length":0},{"x":0,"y":0,"length":0},{"x":0,"y":0,"length":0},{"x":0,"y":0,"length":0}],"y":-93},"className":"frg.game.editor.objects::LandscapeShaper"},{"params":{"stretchTexture":false,"x":6178,"rotation":0,"physic":true,"originOffsetRatio":0,"repeatTexture":true,"snapToGrid":true,"textureOffset":0,"id":-1,"smoothing":true,"y":300,"density":"1","height":913,"action":0,"isStatic":true,"wireframe":false,"width":64,"graphic":true,"textureMode":true,"shapeH":64,"straightSides":true,"vertices":[{"x":0,"y":0,"length":0},{"x":0,"y":-900,"length":900}],"type":5,"safeId":-1},"className":"frg.game.editor.objects::DynamicPather"},{"params":{"x":6193,"rotation":0,"physic":true,"line":true,"plr":false,"id":-1,"graphic":true,"density":1,"isWheel":false,"isStatic":true,"ignore":false,"layer":2,"rem":true,"safeId":-1,"vertices":[{"x":0,"y":0,"length":0},{"x":665,"y":-630,"length":916.0376629811681},{"x":1600,"y":-630,"length":1719.5638982020994},{"x":1600,"y":85,"length":1602.2562217073773},{"x":-5,"y":905,"length":905.0138120492968}],"y":-605},"className":"frg.game.editor.objects::LandscapeShaper"},{"params":{"x":7793,"rotation":0,"physic":true,"line":true,"plr":false,"id":-1,"graphic":true,"density":1,"isWheel":false,"isStatic":false,"ignore":false,"layer":2,"rem":true,"safeId":-1,"vertices":[{"x":-5,"y":-1315,"length":1315.0095056690654},{"x":900,"y":-1315,"length":1593.4945873770641},{"x":900,"y":100,"length":905.5385138137417},{"x":0,"y":100,"length":100}],"y":-624},"className":"frg.game.editor.objects::LandscapeShaper"},{"params":{"stretchTexture":false,"x":7792,"rotation":0,"physic":false,"originOffsetRatio":0,"repeatTexture":true,"snapToGrid":false,"textureOffset":0,"id":-1,"smoothing":true,"y":-515,"density":"1","height":75,"action":0,"isStatic":true,"wireframe":false,"width":1841,"graphic":true,"textureMode":true,"shapeH":64,"straightSides":true,"vertices":[{"x":0,"y":0,"length":0},{"x":292,"y":-10,"length":292.1711826994579},{"x":1828,"y":1,"length":1828.0002735229555}],"type":5,"safeId":-1},"className":"frg.game.editor.objects::DynamicPather"},{"params":{"x":7790,"rotation":0,"physic":true,"line":true,"plr":true,"id":-1,"graphic":false,"density":1,"isWheel":false,"isStatic":false,"ignore":false,"layer":0,"rem":true,"safeId":-1,"vertices":[{"x":0,"y":0,"length":0},{"x":345,"y":0,"length":345},{"x":345,"y":40,"length":347.3110997362451},{"x":0,"y":40,"length":40}],"y":-520},"className":"frg.game.editor.objects::LandscapeShaper"},{"params":{"x":-10,"physic":false,"lineId":0,"y":290,"height":2150.5,"isRoad":false,"direction":90,"width":14073,"textureMode":true,"cameraOffsetY":100,"straightSides":true,"directed":false,"originOffsetRatio":0,"thick":128,"stretchTexture":false,"camera":true,"rotation":0,"repeatTexture":true,"textureOffset":0,"snapToGrid":true,"line":false,"wireframe":false,"vertices":[{"x":0,"y":0,"length":0},{"x":6200,"y":0,"length":6200},{"x":7807,"y":-812,"length":7849.114153839272},{"x":8255,"y":-930,"length":8307.221256232435},{"x":9105,"y":-1805,"length":9282.18993557016},{"x":9420,"y":-1915,"length":9612.68042743542},{"x":9830,"y":-1990,"length":10029.406762117089},{"x":14060,"y":-2110,"length":14217.443511405276}],"smoothing":true,"shape":false},"className":"frg.game.editor.objects::GroundPather"},{"params":{"stretchTexture":false,"x":9082,"rotation":0,"physic":true,"originOffsetRatio":0,"repeatTexture":true,"snapToGrid":true,"textureOffset":0,"id":-1,"smoothing":true,"y":-525,"density":"1","height":1408,"action":0,"isStatic":true,"wireframe":false,"width":17,"graphic":true,"textureMode":true,"shapeH":17,"straightSides":true,"vertices":[{"x":5,"y":-5,"length":7.0710678118654755},{"x":5,"y":-100,"length":100.12492197250393},{"x":5,"y":-200,"length":200.06249023742558},{"x":5,"y":-330,"length":330.037876614185},{"x":5,"y":-435,"length":435.0287346831241},{"x":5,"y":-545,"length":545.0229352972221},{"x":5,"y":-650,"length":650.0192304847603},{"x":5,"y":-730,"length":730.0171230868492},{"x":5,"y":-835,"length":835.0149699256895},{"x":5,"y":-930,"length":930.0134407630892},{"x":5,"y":-1040,"length":1040.012019161317},{"x":5,"y":-1115,"length":1115.011210705973},{"x":5,"y":-1200,"length":1200.0104166214558},{"x":5,"y":-1295,"length":1295.0096524736794},{"x":5,"y":-1400,"length":1400.0089285429576}],"type":4,"safeId":-1},"className":"frg.game.editor.objects::DynamicPather"},{"params":{"x":7390,"rotation":0,"physic":true,"line":true,"plr":false,"id":-1,"graphic":true,"density":1,"isWheel":false,"isStatic":true,"ignore":false,"layer":2,"rem":true,"safeId":-1,"vertices":[{"x":-210,"y":-1115,"length":1134.6034549568408},{"x":-85,"y":-1115,"length":1118.2352167589786},{"x":-90,"y":0,"length":90},{"x":100,"y":0,"length":100},{"x":100,"y":100,"length":141.4213562373095},{"x":-215,"y":100,"length":237.11811402758752}],"y":-2100},"className":"frg.game.editor.objects::LandscapeShaper"}],[{"params":{"x":4546,"active":true,"y":-70,"safeId":-1,"id":-1,"rotation":9,"width":85.95,"height":17.05},"className":"PlankBone"},{"params":{"x":4616,"active":true,"y":-58,"safeId":-1,"id":-1,"rotation":9,"width":85.95,"height":17.05},"className":"PlankBone"},{"params":{"x":4684,"active":true,"y":-48,"safeId":-1,"id":-1,"rotation":9,"width":85.95,"height":17.05},"className":"PlankBone"},{"params":{"x":4754,"active":true,"y":-37,"safeId":-1,"id":-1,"rotation":9,"width":85.95,"height":17.05},"className":"PlankBone"},{"params":{"x":4822,"active":true,"y":-26,"safeId":-1,"id":-1,"rotation":9,"width":85.95,"height":17.05},"className":"PlankBone"},{"params":{"x":5099,"active":true,"y":18,"safeId":-1,"id":-1,"rotation":9,"width":85.95,"height":17.05},"className":"PlankBone"},{"params":{"x":4961,"active":true,"y":-4,"safeId":-1,"id":-1,"rotation":9,"width":85.95,"height":17.05},"className":"PlankBone"},{"params":{"x":5169,"active":true,"y":29,"safeId":-1,"id":-1,"rotation":9,"width":85.95,"height":17.05},"className":"PlankBone"},{"params":{"x":5030,"active":true,"y":7,"safeId":-1,"id":-1,"rotation":9,"width":85.95,"height":17.05},"className":"PlankBone"},{"params":{"x":4892,"active":true,"y":-15,"safeId":-1,"id":-1,"rotation":9,"width":85.95,"height":17.05},"className":"PlankBone"},{"params":{"x":5445,"active":true,"y":73,"safeId":-1,"id":-1,"rotation":9,"width":85.95,"height":17.05},"className":"PlankBone"},{"params":{"x":5307,"active":true,"y":51,"safeId":-1,"id":-1,"rotation":9,"width":85.95,"height":17.05},"className":"PlankBone"},{"params":{"x":5514,"active":true,"y":84,"safeId":-1,"id":-1,"rotation":9,"width":85.95,"height":17.05},"className":"PlankBone"},{"params":{"x":5375,"active":true,"y":61,"safeId":-1,"id":-1,"rotation":9,"width":85.95,"height":17.05},"className":"PlankBone"},{"params":{"x":5237,"active":true,"y":40,"safeId":-1,"id":-1,"rotation":9,"width":85.95,"height":17.05},"className":"PlankBone"},{"params":{"x":5998,"active":true,"y":160,"safeId":-1,"id":-1,"rotation":9,"width":85.95,"height":17.05},"className":"PlankBone"},{"params":{"x":5721,"active":true,"y":117,"safeId":-1,"id":-1,"rotation":9,"width":85.95,"height":17.05},"className":"PlankBone"},{"params":{"x":5860,"active":true,"y":138,"safeId":-1,"id":-1,"rotation":9,"width":85.95,"height":17.05},"className":"PlankBone"},{"params":{"x":5652,"active":true,"y":105,"safeId":-1,"id":-1,"rotation":9,"width":85.95,"height":17.05},"className":"PlankBone"},{"params":{"x":5790,"active":true,"y":127,"safeId":-1,"id":-1,"rotation":9,"width":85.95,"height":17.05},"className":"PlankBone"},{"params":{"x":5583,"active":true,"y":94,"safeId":-1,"id":-1,"rotation":9,"width":85.95,"height":17.05},"className":"PlankBone"},{"params":{"x":5928,"active":true,"y":150,"safeId":-1,"id":-1,"rotation":9,"width":85.95,"height":17.05},"className":"PlankBone"},{"params":{"x":9284,"active":true,"y":-2059,"safeId":-1,"id":-1,"rotation":-36,"width":85.95,"height":17.05},"className":"PlankBone"},{"params":{"x":9170,"active":true,"y":-1977,"safeId":-1,"id":-1,"rotation":-36,"width":85.95,"height":17.05},"className":"PlankBone"},{"params":{"x":9341,"active":true,"y":-2102,"safeId":-1,"id":-1,"rotation":-36,"width":85.95,"height":17.05},"className":"PlankBone"},{"params":{"x":9227,"active":true,"y":-2018,"safeId":-1,"id":-1,"rotation":-36,"width":85.95,"height":17.05},"className":"PlankBone"},{"params":{"x":9567,"active":true,"y":-2266,"safeId":-1,"id":-1,"rotation":-36,"width":85.95,"height":17.05},"className":"PlankBone"},{"params":{"x":9113,"active":true,"y":-1937,"safeId":-1,"id":-1,"rotation":-36,"width":85.95,"height":17.05},"className":"PlankBone"},{"params":{"x":9623,"active":true,"y":-2307,"safeId":-1,"id":-1,"rotation":-36,"width":85.95,"height":17.05},"className":"PlankBone"},{"params":{"x":9454,"active":true,"y":-2183,"safeId":-1,"id":-1,"rotation":-36,"width":85.95,"height":17.05},"className":"PlankBone"},{"params":{"x":9509,"active":true,"y":-2225,"safeId":-1,"id":-1,"rotation":-36,"width":85.95,"height":17.05},"className":"PlankBone"},{"params":{"x":9396,"active":true,"y":-2143,"safeId":-1,"id":-1,"rotation":-36,"width":85.95,"height":17.05},"className":"PlankBone"},{"params":{"x":10020,"active":true,"y":-2595,"safeId":-1,"id":-1,"rotation":-36,"width":85.95,"height":17.05},"className":"PlankBone"},{"params":{"x":9906,"active":true,"y":-2512,"safeId":-1,"id":-1,"rotation":-36,"width":85.95,"height":17.05},"className":"PlankBone"},{"params":{"x":9794,"active":true,"y":-2429,"safeId":-1,"id":-1,"rotation":-36,"width":85.95,"height":17.05},"className":"PlankBone"},{"params":{"x":9737,"active":true,"y":-2389,"safeId":-1,"id":-1,"rotation":-36,"width":85.95,"height":17.05},"className":"PlankBone"},{"params":{"x":9679,"active":true,"y":-2347,"safeId":-1,"id":-1,"rotation":-36,"width":85.95,"height":17.05},"className":"PlankBone"},{"params":{"x":9963,"active":true,"y":-2553,"safeId":-1,"id":-1,"rotation":-36,"width":85.95,"height":17.05},"className":"PlankBone"},{"params":{"x":9849,"active":true,"y":-2470,"safeId":-1,"id":-1,"rotation":-36,"width":85.95,"height":17.05},"className":"PlankBone"},{"params":{"x":11880,"ag":true,"active":true,"y":-2720,"sgos":true,"btg":true,"id":-1,"ad":-1,"width":260.3,"height":260.3,"scaleX":1,"scaleY":1,"safeId":-1,"rotation":0},"className":"SpikeBall200E"},{"params":{"x":12160,"ag":true,"active":true,"y":-2720,"sgos":true,"btg":true,"id":-1,"ad":-1,"width":260.3,"height":260.3,"scaleX":1,"scaleY":1,"safeId":-1,"rotation":0},"className":"SpikeBall200E"},{"params":{"scaleX":1,"rotation":0,"scaleY":1,"x":4200,"y":-150,"width":9.3,"height":128.35},"className":"SignPillar"},{"params":{"scaleX":1,"rotation":0,"scaleY":1,"x":6990,"y":-1299,"width":9.3,"height":128.35},"className":"SignPillar"},{"params":{"x":1090,"rotation":0,"y":250,"width":95,"height":72.35},"className":"Dec26"},{"params":{"x":1750,"rotation":0,"y":250,"width":92.7,"height":85.5},"className":"Dec27"},{"params":{"x":1820,"rotation":0,"y":260,"width":71.6,"height":72.35},"className":"Dec28"},{"params":{"scaleX":1,"rotation":0,"scaleY":1,"x":4170,"y":-130,"width":77.3,"height":79.6},"className":"Dec23"},{"params":{"scaleX":-1,"rotation":0,"scaleY":1,"x":7022,"y":-1280,"width":77.3,"height":79.6},"className":"Dec23"},{"params":{"x":3365,"ag":true,"active":true,"y":-694,"sgos":true,"btg":true,"id":-1,"ad":-1,"width":260.3,"height":260.3,"scaleX":1,"scaleY":1,"safeId":-1,"rotation":0},"className":"SpikeBall200E"},{"params":{"x":3365,"ag":true,"active":true,"y":97,"sgos":true,"btg":true,"id":-1,"ad":-1,"width":260.3,"height":260.3,"scaleX":1,"scaleY":1,"safeId":-1,"rotation":0},"className":"SpikeBall200E"},{"params":{"x":6122,"ag":true,"active":true,"y":210,"sgos":true,"btg":false,"id":-1,"ad":-1,"width":128,"height":128,"scaleX":1,"scaleY":1,"safeId":-1,"rotation":0},"className":"SpikeBall52E"}],[{"params":{"x":7766,"stones":false,"physic":true,"impulse":14000,"id":11,"radius":64,"y":-1260,"height":53.2,"width":53.2,"safeId":-1,"rotation":0,"count":200},"className":"Tnt1"},{"params":{"x":7820,"stones":false,"physic":false,"impulse":1,"id":12,"radius":1,"y":-500,"height":53.2,"width":53.2,"safeId":-1,"rotation":0,"count":1},"className":"Tnt1"},{"params":{"x":7910,"stones":false,"physic":false,"impulse":1,"id":12,"radius":1,"y":-500,"height":53.2,"width":53.2,"safeId":-1,"rotation":0,"count":1},"className":"Tnt1"},{"params":{"x":8010,"stones":false,"physic":false,"impulse":1,"id":12,"radius":1,"y":-500,"height":53.2,"width":53.2,"safeId":-1,"rotation":0,"count":1},"className":"Tnt1"},{"params":{"x":8110,"stones":false,"physic":false,"impulse":1,"id":12,"radius":1,"y":-500,"height":53.2,"width":53.2,"safeId":-1,"rotation":0,"count":1},"className":"Tnt1"},{"params":{"x":7220,"active":false,"y":-1270,"safeId":-1,"id":31,"rotation":0,"width":12.3,"type":0,"height":72},"className":"Removed0"},{"params":{"x":7235,"active":false,"y":-1310,"safeId":-1,"id":31,"rotation":90.00000000000006,"width":12.3,"type":0,"height":72},"className":"Removed0"},{"params":{"x":7252,"active":false,"y":-1270,"safeId":-1,"id":31,"rotation":0,"width":12.3,"type":0,"height":72},"className":"Removed0"},{"params":{"x":7235,"active":false,"y":-1390,"safeId":-1,"id":31,"rotation":90.00000000000006,"width":12.3,"type":0,"height":72},"className":"Removed0"},{"params":{"x":7220,"active":false,"y":-1350,"safeId":-1,"id":31,"rotation":0,"width":12.3,"type":0,"height":72},"className":"Removed0"},{"params":{"x":7252,"active":false,"y":-1350,"safeId":-1,"id":31,"rotation":0,"width":12.3,"type":0,"height":72},"className":"Removed0"},{"params":{"x":7235,"active":false,"y":-1550,"safeId":-1,"id":31,"rotation":90.00000000000006,"width":12.3,"type":0,"height":72},"className":"Removed0"},{"params":{"x":7235,"active":false,"y":-1470,"safeId":-1,"id":31,"rotation":90.00000000000006,"width":12.3,"type":0,"height":72},"className":"Removed0"},{"params":{"x":7252,"active":false,"y":-1510,"safeId":-1,"id":31,"rotation":0,"width":12.3,"type":0,"height":72},"className":"Removed0"},{"params":{"x":7220,"active":false,"y":-1510,"safeId":-1,"id":31,"rotation":0,"width":12.3,"type":0,"height":72},"className":"Removed0"},{"params":{"x":7220,"active":false,"y":-1430,"safeId":-1,"id":31,"rotation":0,"width":12.3,"type":0,"height":72},"className":"Removed0"},{"params":{"x":7252,"active":false,"y":-1430,"safeId":-1,"id":31,"rotation":0,"width":12.3,"type":0,"height":72},"className":"Removed0"},{"params":{"x":7235,"active":false,"y":-1630,"safeId":-1,"id":31,"rotation":90.00000000000006,"width":12.3,"type":0,"height":72},"className":"Removed0"},{"params":{"x":7220,"active":false,"y":-1590,"safeId":-1,"id":31,"rotation":0,"width":12.3,"type":0,"height":72},"className":"Removed0"},{"params":{"x":7252,"active":false,"y":-1590,"safeId":-1,"id":31,"rotation":0,"width":12.3,"type":0,"height":72},"className":"Removed0"},{"params":{"speed":1000,"x":7780,"rotation":0,"y":-2050,"safeId":-1,"id":-1,"rate":1,"width":590,"height":128},"className":"GeyserE"},{"params":{"x":10083,"stones":false,"physic":false,"impulse":1,"id":16,"radius":1,"y":-2600,"height":53.2,"width":53.2,"safeId":-1,"rotation":12,"count":1},"className":"Tnt1"}],null,[{"params":{"x":1220,"rotation":0,"y":200,"width":64,"height":32},"className":"PlayerWP"},{"params":{"x":4200,"rotation":0,"y":-230,"id":0,"width":128,"height":4080},"className":"SafePointE"},{"params":{"x":6990,"rotation":0,"y":-1380,"id":0,"width":128,"height":1905},"className":"SafePointE"}],[{"params":{"x":3365,"rotation":0,"graphic":1,"id":1,"y":-299,"height":17,"width":17,"time":0,"safeId":-1,"snd":false,"rate":80,"useWeld":false},"className":"MotorJointE"},{"params":{"x":1820,"sndId":-1,"rotation":0,"y":-180,"fnl":false,"safeId":-1,"id_off":-1,"off":false,"id":1,"width":64,"height":985},"className":"ToggleE"},{"params":{"x":3420,"rotation":0,"graphic":0,"safeId":-1,"id":1,"y":130,"width":17,"height":17},"className":"PivotJointE"},{"params":{"x":3290,"rotation":0,"graphic":0,"safeId":-1,"id":1,"y":90,"width":17,"height":17},"className":"PivotJointE"},{"params":{"x":3320,"rotation":0,"graphic":0,"safeId":-1,"id":1,"y":-740,"width":17,"height":17},"className":"PivotJointE"},{"params":{"x":3420,"rotation":0,"graphic":0,"safeId":-1,"id":1,"y":-750,"width":17,"height":17},"className":"PivotJointE"},{"params":{"x":3365,"rotation":0,"graphic":0,"safeId":-1,"id":-1,"y":-694,"width":17,"height":17},"className":"PivotJointE"},{"params":{"x":3365,"rotation":0,"graphic":0,"safeId":-1,"id":-1,"y":97,"width":17,"height":17},"className":"PivotJointE"},{"params":{"x":4509,"rotation":9,"graphic":0,"safeId":-1,"id":-1,"y":-76,"width":17,"height":17},"className":"PivotJointE"},{"params":{"x":4581,"rotation":9,"graphic":0,"safeId":-1,"id":-1,"y":-64,"width":17,"height":17},"className":"PivotJointE"},{"params":{"x":4649,"rotation":9,"graphic":0,"safeId":-1,"id":-1,"y":-54,"width":17,"height":17},"className":"PivotJointE"},{"params":{"x":4719,"rotation":9,"graphic":0,"safeId":-1,"id":-1,"y":-42,"width":17,"height":17},"className":"PivotJointE"},{"params":{"x":4788,"rotation":9,"graphic":0,"safeId":-1,"id":-1,"y":-31,"width":17,"height":17},"className":"PivotJointE"},{"params":{"x":4857,"rotation":9,"graphic":0,"safeId":-1,"id":-1,"y":-21,"width":17,"height":17},"className":"PivotJointE"},{"params":{"x":4926,"rotation":9,"graphic":0,"safeId":-1,"id":-1,"y":-9,"width":17,"height":17},"className":"PivotJointE"},{"params":{"x":4995,"rotation":9,"graphic":0,"safeId":-1,"id":-1,"y":2,"width":17,"height":17},"className":"PivotJointE"},{"params":{"x":5064,"rotation":9,"graphic":0,"safeId":-1,"id":-1,"y":12,"width":17,"height":17},"className":"PivotJointE"},{"params":{"x":5134,"rotation":9,"graphic":0,"safeId":-1,"id":-1,"y":24,"width":17,"height":17},"className":"PivotJointE"},{"params":{"x":5272,"rotation":9,"graphic":0,"safeId":-1,"id":-1,"y":45,"width":17,"height":17},"className":"PivotJointE"},{"params":{"x":5341,"rotation":9,"graphic":0,"safeId":-1,"id":-1,"y":57,"width":17,"height":17},"className":"PivotJointE"},{"params":{"x":5548,"rotation":9,"graphic":0,"safeId":-1,"id":-1,"y":90,"width":17,"height":17},"className":"PivotJointE"},{"params":{"x":5410,"rotation":9,"graphic":0,"safeId":-1,"id":-1,"y":67,"width":17,"height":17},"className":"PivotJointE"},{"params":{"x":5200,"rotation":9,"graphic":0,"safeId":-1,"id":-1,"y":34,"width":17,"height":17},"className":"PivotJointE"},{"params":{"x":5480,"rotation":9,"graphic":0,"safeId":-1,"id":-1,"y":78,"width":17,"height":17},"className":"PivotJointE"},{"params":{"x":5685,"rotation":9,"graphic":0,"safeId":-1,"id":-1,"y":111,"width":17,"height":17},"className":"PivotJointE"},{"params":{"x":5618,"rotation":9,"graphic":0,"safeId":-1,"id":-1,"y":100,"width":17,"height":17},"className":"PivotJointE"},{"params":{"x":6033,"rotation":9,"graphic":0,"safeId":-1,"id":-1,"y":166,"width":17,"height":17},"className":"PivotJointE"},{"params":{"x":5895,"rotation":9,"graphic":0,"safeId":-1,"id":-1,"y":144,"width":17,"height":17},"className":"PivotJointE"},{"params":{"x":5825,"rotation":9,"graphic":0,"safeId":-1,"id":-1,"y":133,"width":17,"height":17},"className":"PivotJointE"},{"params":{"x":5756,"rotation":9,"graphic":0,"safeId":-1,"id":-1,"y":121,"width":17,"height":17},"className":"PivotJointE"},{"params":{"x":5963,"rotation":9,"graphic":0,"safeId":-1,"id":-1,"y":154,"width":17,"height":17},"className":"PivotJointE"},{"params":{"x":6122,"rotation":0,"graphic":0,"id":5,"y":209,"height":17,"width":17,"time":1.5,"safeId":-1,"snd":false,"rate":-180,"useWeld":false},"className":"MotorJointE"},{"params":{"x":6070,"active":0,"y":182,"cycle":0,"body":false,"id":5,"position":0,"width":13,"height":813,"stopOnEnd":true,"accelDist":0,"snapToGrid":true,"vertices":[{"x":0,"y":0,"length":0},{"x":0,"y":-800,"length":800}],"sideWait":0,"safeId":-1,"startTime":"0","rotation":0,"speed":400},"className":"frg.game.editor.objects::MoverPather"},{"params":{"x":4870,"sndId":-1,"rotation":0,"y":-440,"fnl":false,"safeId":-1,"id_off":-1,"off":false,"id":5,"width":64,"height":2010},"className":"ToggleE"},{"params":{"x":7965,"rotation":0,"graphic":0,"safeId":-1,"id":-1,"y":-618,"width":17,"height":17},"className":"PivotJointE"},{"params":{"x":8555,"rotation":0,"graphic":0,"safeId":-1,"id":-1,"y":-618,"width":17,"height":17},"className":"PivotJointE"},{"params":{"x":7270,"sndId":-1,"rotation":0,"y":-1550,"fnl":false,"safeId":-1,"id_off":-1,"off":false,"id":11,"width":64,"height":1097},"className":"ToggleE"},{"params":{"x":8060,"rotation":0,"graphic":0,"safeId":-1,"id":11,"y":-970,"width":17,"height":17},"className":"PivotJointE"},{"params":{"x":7960,"active":0,"y":-500,"cycle":0,"body":false,"id":12,"position":0,"width":509,"height":285,"stopOnEnd":true,"accelDist":0,"snapToGrid":true,"vertices":[{"x":0,"y":0,"length":0},{"x":0,"y":-272,"length":272},{"x":-496,"y":0,"length":496}],"sideWait":0,"safeId":-1,"startTime":"0","rotation":0,"speed":1080},"className":"frg.game.editor.objects::MoverPather"},{"params":{"x":7950,"sndId":-1,"rotation":0,"y":-540,"fnl":false,"safeId":-1,"id_off":-1,"off":false,"id":12,"width":588,"height":64},"className":"ToggleE"},{"params":{"x":9142,"rotation":-36,"graphic":0,"safeId":-1,"id":-1,"y":-1957,"width":17,"height":17},"className":"PivotJointE"},{"params":{"x":9199,"rotation":-36,"graphic":0,"safeId":-1,"id":-1,"y":-1997,"width":17,"height":17},"className":"PivotJointE"},{"params":{"x":9312,"rotation":-36,"graphic":0,"safeId":-1,"id":-1,"y":-2080,"width":17,"height":17},"className":"PivotJointE"},{"params":{"x":9084,"rotation":-36,"graphic":0,"safeId":-1,"id":-1,"y":-1916,"width":17,"height":17},"className":"PivotJointE"},{"params":{"x":9483,"rotation":-36,"graphic":0,"safeId":-1,"id":-1,"y":-2203,"width":17,"height":17},"className":"PivotJointE"},{"params":{"x":9652,"rotation":-36,"graphic":0,"safeId":-1,"id":-1,"y":-2327,"width":17,"height":17},"className":"PivotJointE"},{"params":{"x":9425,"rotation":-36,"graphic":0,"safeId":-1,"id":-1,"y":-2162,"width":17,"height":17},"className":"PivotJointE"},{"params":{"x":9255,"rotation":-36,"graphic":0,"safeId":-1,"id":-1,"y":-2039,"width":17,"height":17},"className":"PivotJointE"},{"params":{"x":9366,"rotation":-36,"graphic":0,"safeId":-1,"id":-1,"y":-2119,"width":17,"height":17},"className":"PivotJointE"},{"params":{"x":9596,"rotation":-36,"graphic":0,"safeId":-1,"id":-1,"y":-2286,"width":17,"height":17},"className":"PivotJointE"},{"params":{"x":9709,"rotation":-36,"graphic":0,"safeId":-1,"id":-1,"y":-2369,"width":17,"height":17},"className":"PivotJointE"},{"params":{"x":9936,"rotation":-36,"graphic":0,"safeId":-1,"id":-1,"y":-2534,"width":17,"height":17},"className":"PivotJointE"},{"params":{"x":9763,"rotation":-36,"graphic":0,"safeId":-1,"id":-1,"y":-2408,"width":17,"height":17},"className":"PivotJointE"},{"params":{"x":9538,"rotation":-36,"graphic":0,"safeId":-1,"id":-1,"y":-2245,"width":17,"height":17},"className":"PivotJointE"},{"params":{"x":9821,"rotation":-36,"graphic":0,"safeId":-1,"id":-1,"y":-2452,"width":17,"height":17},"className":"PivotJointE"},{"params":{"x":9990,"rotation":-36,"graphic":0,"safeId":-1,"id":-1,"y":-2574,"width":17,"height":17},"className":"PivotJointE"},{"params":{"x":10048,"rotation":-36,"graphic":0,"safeId":-1,"id":16,"y":-2615,"width":17,"height":17},"className":"PivotJointE"},{"params":{"x":9878,"rotation":-36,"graphic":0,"safeId":-1,"id":-1,"y":-2492,"width":17,"height":17},"className":"PivotJointE"},{"params":{"x":9827,"rotation":0,"graphic":0,"safeId":-1,"id":-1,"y":-1722,"width":17,"height":17},"className":"PivotJointE"},{"params":{"x":10190,"rotation":0,"graphic":0,"safeId":-1,"id":16,"y":-2920,"width":17,"height":17},"className":"PivotJointE"},{"params":{"x":10160,"sndId":-1,"rotation":0,"y":-2960,"fnl":false,"safeId":-1,"id_off":-1,"off":false,"id":16,"width":1078,"height":64},"className":"ToggleE"},{"params":{"x":11880,"rotation":0,"graphic":0,"safeId":-1,"id":17,"y":-2730,"width":17,"height":17},"className":"PivotJointE"},{"params":{"x":12160,"rotation":0,"graphic":0,"safeId":-1,"id":17,"y":-2720,"width":17,"height":17},"className":"PivotJointE"},{"params":{"x":11090,"sndId":-1,"rotation":0,"y":-2380,"fnl":false,"safeId":-1,"id_off":-1,"off":false,"id":17,"width":64,"height":1072},"className":"ToggleE"},{"params":{"x":6990,"sndId":0,"rotation":0,"y":-1570,"fnl":false,"safeId":-1,"id_off":-1,"off":false,"id":31,"width":64,"height":1386},"className":"ToggleE"}]],"settings":{"prizes":"26,34,43","gravityY":500,"theme":6,"countdown":0}}