{"layers":[[{"params":{"x":1540,"bg":true,"rotation":0,"y":-70,"vertices":[{"x":0,"y":0,"length":0},{"x":1300,"y":0,"length":1300},{"x":1260,"y":30,"length":1260.3570922560002},{"x":1225,"y":60,"length":1226.4685075451387},{"x":1205,"y":115,"length":1210.4751133336033},{"x":1210,"y":195,"length":1225.6120919769028},{"x":85,"y":195,"length":212.72047386182646},{"x":100,"y":135,"length":168.00297616411441},{"x":85,"y":80,"length":116.72617529928752},{"x":55,"y":40,"length":68.00735254367721}],"viscosity":1.5,"id":-1,"sf":true,"density":1.5},"className":"frg.game.editor.objects::WaterShaper"},{"params":{"x":8030,"rotation":0,"y":-470,"vertices":[{"x":0,"y":0,"length":0},{"x":445,"y":0,"length":445},{"x":445,"y":210,"length":492.0619879649311},{"x":0,"y":210,"length":210}]},"className":"frg.game.editor.objects::FinishShaper"},{"params":{"x":20,"physic":true,"lineId":0,"y":123,"height":64,"isRoad":true,"direction":90,"width":6613,"textureMode":true,"cameraOffsetY":170,"straightSides":true,"directed":true,"originOffsetRatio":0,"thick":128,"stretchTexture":false,"camera":false,"rotation":0,"repeatTexture":true,"textureOffset":0,"snapToGrid":true,"line":true,"wireframe":false,"vertices":[{"x":0,"y":0,"length":0},{"x":6600,"y":0,"length":6600}],"smoothing":true,"shape":true},"className":"frg.game.editor.objects::GroundPather"},{"params":{"x":120,"physic":false,"lineId":0,"y":130,"height":1143.5,"isRoad":false,"direction":90,"width":9578,"textureMode":true,"cameraOffsetY":100,"straightSides":true,"directed":false,"originOffsetRatio":0,"thick":128,"stretchTexture":false,"camera":true,"rotation":0,"repeatTexture":true,"textureOffset":0,"snapToGrid":true,"line":false,"wireframe":false,"vertices":[{"x":0,"y":0,"length":0},{"x":4975,"y":-50,"length":4975.251249937032},{"x":5305,"y":-125,"length":5306.472462945605},{"x":6520,"y":-1105,"length":6612.973990573379},{"x":7445,"y":-550,"length":7465.288005160953},{"x":7580,"y":-530,"length":7598.506432187842},{"x":9565,"y":-605,"length":9584.114460919172}],"smoothing":true,"shape":false},"className":"frg.game.editor.objects::GroundPather"},{"params":{"stretchTexture":false,"x":1340,"rotation":0,"physic":true,"originOffsetRatio":0,"repeatTexture":true,"snapToGrid":false,"textureOffset":0,"id":-1,"smoothing":true,"y":-580,"density":"1","height":631,"action":0,"isStatic":true,"wireframe":false,"width":597,"graphic":true,"textureMode":true,"shapeH":17,"straightSides":true,"vertices":[{"x":-180,"y":0,"length":180},{"x":-110,"y":0,"length":110},{"x":-40,"y":0,"length":40},{"x":30,"y":0,"length":30},{"x":88,"y":-1,"length":88.0056816347672},{"x":140,"y":0,"length":140},{"x":192,"y":-3,"length":192.02343606966312},{"x":236,"y":-15,"length":236.47621444872632},{"x":271,"y":-33,"length":273.00183149568795},{"x":306,"y":-57,"length":311.26355392175293},{"x":330,"y":-80,"length":339.5585369269929},{"x":352,"y":-105,"length":367.3268299484806},{"x":371,"y":-134,"length":394.45785579704204},{"x":387,"y":-169,"length":422.2913686070318},{"x":398,"y":-209,"length":449.53865239821147},{"x":402,"y":-247,"length":471.8188211591394},{"x":401,"y":-288,"length":493.7053777304841},{"x":395,"y":-322,"length":509.6165224951012},{"x":384,"y":-359,"length":525.6776578855145},{"x":369,"y":-388,"length":535.4484102133463},{"x":350,"y":-417,"length":544.4162010814888},{"x":326,"y":-444,"length":550.8284669477423},{"x":299,"y":-468,"length":555.3602434456395},{"x":274,"y":-487,"length":558.7888688941468},{"x":239,"y":-505,"length":558.7002774296787},{"x":210,"y":-514,"length":555.2440904683273},{"x":190,"y":-520,"length":553.6244214266563},{"x":190,"y":-614,"length":642.7254468278038},{"x":226,"y":-614,"length":654.272114643441},{"x":226,"y":-520,"length":566.98853603931}],"type":4,"safeId":-1},"className":"frg.game.editor.objects::DynamicPather"},{"params":{"x":8030,"bg":true,"rotation":0,"y":-450,"vertices":[{"x":0,"y":0,"length":0},{"x":440,"y":0,"length":440},{"x":440,"y":185,"length":477.31017169132275},{"x":0,"y":185,"length":185}],"viscosity":1.5,"id":-1,"sf":true,"density":1.5},"className":"frg.game.editor.objects::WaterShaper"},{"params":{"stretchTexture":false,"x":790,"rotation":0,"physic":true,"originOffsetRatio":0,"repeatTexture":true,"snapToGrid":false,"textureOffset":0,"id":-1,"smoothing":true,"y":-1085,"density":"1","height":1335,"action":0,"isStatic":true,"wireframe":false,"width":1082.05,"graphic":true,"textureMode":true,"shapeH":17,"straightSides":true,"vertices":[{"x":108,"y":-17,"length":109.32977636490436},{"x":108,"y":-110,"length":154.1557653803451},{"x":139,"y":-110,"length":177.2596964907703},{"x":139,"y":-13,"length":139.60659010233005},{"x":111,"y":-5,"length":111.11255554616679},{"x":69,"y":10,"length":69.72087205421343},{"x":27,"y":35,"length":44.204072210600685},{"x":-6,"y":64,"length":64.28063471995279},{"x":-36,"y":99,"length":105.34229919647663},{"x":-58,"y":135,"length":146.93195704134618},{"x":-79,"y":196,"length":211.322029140362},{"x":-101,"y":256,"length":275.2035610234722},{"x":-131,"y":337,"length":361.56603822815},{"x":-157,"y":407,"length":436.23158986941786},{"x":-183,"y":477,"length":510.89920728065334},{"x":-198,"y":525,"length":561.0962484280215},{"x":-211,"y":578,"length":615.3088655301498},{"x":-215,"y":631,"length":666.6228318922177},{"x":-216,"y":694,"length":726.8369830986863},{"x":-211,"y":742,"length":771.4175263759568},{"x":-203,"y":791,"length":816.6333326530334},{"x":-190,"y":835,"length":856.3439729454514},{"x":-172,"y":876,"length":892.7261618211936},{"x":-152,"y":913,"length":925.5663131294267},{"x":-121,"y":962,"length":969.5798058953167},{"x":-83,"y":1009,"length":1012.4080205134686},{"x":-40,"y":1049,"length":1049.7623540592413},{"x":8,"y":1085,"length":1085.0294926867195},{"x":53,"y":1115,"length":1116.2589305353843},{"x":107,"y":1140,"length":1145.0104803013814},{"x":160,"y":1155,"length":1166.0295879607859},{"x":223,"y":1167,"length":1188.1153142687792},{"x":276,"y":1171,"length":1203.0864474342648},{"x":333,"y":1169,"length":1215.5040106885704},{"x":394,"y":1161,"length":1226.033033812711},{"x":450,"y":1146,"length":1231.1847952277512},{"x":502,"y":1125,"length":1231.9208578476134},{"x":553,"y":1097,"length":1228.5023402501113},{"x":602,"y":1062,"length":1220.7571421048497},{"x":632,"y":1039,"length":1216.1188264310358},{"x":659,"y":1025,"length":1218.5671914178554},{"x":694,"y":1015,"length":1229.5775697368588},{"x":726,"y":1015,"length":1247.9186672215462},{"x":752,"y":1021,"length":1268.0477120361047},{"x":776,"y":1031,"length":1290.401875386114},{"x":802,"y":1050,"length":1321.250922421627},{"x":825,"y":1076,"length":1355.8764692994712},{"x":841,"y":1107,"length":1390.2266002346523},{"x":849,"y":1142,"length":1423.0126492761756},{"x":847,"y":1177,"length":1450.0820666431262},{"x":838,"y":1210,"length":1471.8505358901086}],"type":4,"safeId":-1},"className":"frg.game.editor.objects::DynamicPather"},{"params":{"stretchTexture":false,"x":4070,"rotation":0,"physic":true,"originOffsetRatio":0,"repeatTexture":true,"snapToGrid":false,"textureOffset":0,"id":-1,"smoothing":true,"y":-620,"density":"1","height":798.5,"action":0,"isStatic":true,"wireframe":false,"width":763.1,"graphic":true,"textureMode":true,"shapeH":16,"straightSides":true,"vertices":[{"x":0,"y":0,"length":0},{"x":399,"y":-784,"length":879.6914231706479},{"x":424,"y":-784,"length":891.3091495098656},{"x":749,"y":-208,"length":777.3448398233567}],"type":7,"safeId":-1},"className":"frg.game.editor.objects::DynamicPather"},{"params":{"stretchTexture":false,"x":3020,"rotation":0,"physic":true,"originOffsetRatio":0,"repeatTexture":true,"snapToGrid":true,"textureOffset":0,"id":-1,"smoothing":true,"y":60,"density":"1","height":210.05,"action":0,"isStatic":true,"wireframe":false,"width":1056.05,"graphic":true,"textureMode":true,"shapeH":17,"straightSides":true,"vertices":[{"x":-264,"y":66,"length":272.1249712907656},{"x":-273,"y":35,"length":275.234445518725},{"x":-275,"y":-1,"length":275.0018181758077},{"x":-269,"y":-35,"length":271.26739575555337},{"x":-256,"y":-63,"length":263.6380093992518},{"x":-235,"y":-88,"length":250.9362468835461},{"x":-210,"y":-108,"length":236.1440238498531},{"x":-186,"y":-120,"length":221.3504009483606},{"x":-156,"y":-127,"length":201.1591409804685},{"x":-124,"y":-128,"length":178.2133552795637},{"x":-91,"y":-120,"length":150.60212481900777},{"x":-60,"y":-104,"length":120.06664815842908},{"x":-32,"y":-81,"length":87.09190547921202},{"x":-3,"y":-57,"length":57.07889277132134},{"x":28,"y":-40,"length":48.82622246293481},{"x":62,"y":-24,"length":66.48308055437865},{"x":103,"y":-11,"length":103.58571330062848},{"x":146,"y":-3,"length":146.03081866510234},{"x":187,"y":0,"length":187},{"x":260,"y":0,"length":260},{"x":330,"y":0,"length":330},{"x":400,"y":0,"length":400},{"x":490,"y":0,"length":490},{"x":570,"y":0,"length":570},{"x":645,"y":0,"length":645},{"x":710,"y":0,"length":710},{"x":764,"y":-1,"length":764.0006544499814},{"x":764,"y":67,"length":766.932200393229}],"type":4,"safeId":-1},"className":"frg.game.editor.objects::DynamicPather"},{"params":{"x":5640,"rotation":0,"physic":true,"line":true,"plr":false,"id":-1,"graphic":true,"density":1,"isWheel":false,"isStatic":true,"ignore":false,"layer":9,"rem":true,"safeId":-1,"vertices":[{"x":300,"y":0,"length":300},{"x":289,"y":77,"length":299.0819285747636},{"x":259,"y":149,"length":298.8009370801906},{"x":212,"y":212,"length":299.8132752230961},{"x":150,"y":259,"length":299.3008519867593},{"x":77,"y":289,"length":299.0819285747636},{"x":0,"y":300,"length":300},{"x":-77,"y":289,"length":299.0819285747636},{"x":-149,"y":259,"length":298.8009370801906},{"x":-212,"y":212,"length":299.8132752230961},{"x":-259,"y":149,"length":298.8009370801906},{"x":-289,"y":77,"length":299.0819285747636},{"x":-300,"y":0,"length":300},{"x":-289,"y":-77,"length":299.0819285747636},{"x":-259,"y":-150,"length":299.3008519867593},{"x":-212,"y":-212,"length":299.8132752230961},{"x":-150,"y":-259,"length":299.3008519867593},{"x":-77,"y":-289,"length":299.0819285747636},{"x":0,"y":-300,"length":300},{"x":77,"y":-289,"length":299.0819285747636},{"x":150,"y":-259,"length":299.3008519867593},{"x":212,"y":-212,"length":299.8132752230961},{"x":259,"y":-150,"length":299.3008519867593},{"x":289,"y":-77,"length":299.0819285747636}],"y":-236},"className":"frg.game.editor.objects::LandscapeShaper"},{"params":{"stretchTexture":false,"x":3885,"rotation":0,"physic":true,"originOffsetRatio":0,"repeatTexture":true,"snapToGrid":false,"textureOffset":0,"id":-1,"smoothing":true,"y":-1397,"density":"1","height":1908.05,"action":0,"isStatic":true,"wireframe":false,"width":1082,"graphic":true,"textureMode":true,"shapeH":17,"straightSides":true,"vertices":[{"x":216,"y":-592,"length":630.1745789858553},{"x":17,"y":-59,"length":61.40032573203501},{"x":-12,"y":21,"length":24.186773244895647},{"x":-34,"y":80,"length":86.92525524840292},{"x":-61,"y":151,"length":162.85576440519384},{"x":-90,"y":233,"length":249.77790134437433},{"x":-128,"y":330,"length":353.9547993741574},{"x":-155,"y":401,"length":429.913944877344},{"x":-183,"y":477,"length":510.89920728065334},{"x":-198,"y":525,"length":561.0962484280215},{"x":-211,"y":578,"length":615.3088655301498},{"x":-215,"y":631,"length":666.6228318922177},{"x":-216,"y":694,"length":726.8369830986863},{"x":-211,"y":742,"length":771.4175263759568},{"x":-203,"y":791,"length":816.6333326530334},{"x":-190,"y":835,"length":856.3439729454514},{"x":-172,"y":876,"length":892.7261618211936},{"x":-152,"y":913,"length":925.5663131294267},{"x":-121,"y":962,"length":969.5798058953167},{"x":-83,"y":1009,"length":1012.4080205134686},{"x":-40,"y":1049,"length":1049.7623540592413},{"x":8,"y":1085,"length":1085.0294926867195},{"x":53,"y":1115,"length":1116.2589305353843},{"x":107,"y":1140,"length":1145.0104803013814},{"x":160,"y":1155,"length":1166.0295879607859},{"x":223,"y":1167,"length":1188.1153142687792},{"x":276,"y":1171,"length":1203.0864474342648},{"x":333,"y":1169,"length":1215.5040106885704},{"x":394,"y":1161,"length":1226.033033812711},{"x":450,"y":1146,"length":1231.1847952277512},{"x":502,"y":1125,"length":1231.9208578476134},{"x":553,"y":1097,"length":1228.5023402501113},{"x":602,"y":1062,"length":1220.7571421048497},{"x":632,"y":1039,"length":1216.1188264310358},{"x":659,"y":1025,"length":1218.5671914178554},{"x":694,"y":1015,"length":1229.5775697368588},{"x":726,"y":1015,"length":1247.9186672215462},{"x":752,"y":1021,"length":1268.0477120361047},{"x":776,"y":1031,"length":1290.401875386114},{"x":802,"y":1050,"length":1321.250922421627},{"x":825,"y":1076,"length":1355.8764692994712},{"x":841,"y":1107,"length":1390.2266002346523},{"x":848,"y":1136,"length":1417.603611733548},{"x":849,"y":1173,"length":1448.0089778727202},{"x":842,"y":1207,"length":1471.6701396712513},{"x":827,"y":1238,"length":1488.8159725096987},{"x":804,"y":1266,"length":1499.7239746033267},{"x":780,"y":1281,"length":1499.7869848748521},{"x":751,"y":1294,"length":1496.1407019394933},{"x":719,"y":1301,"length":1486.4595520901335},{"x":685,"y":1299,"length":1468.5455389602325},{"x":654,"y":1291,"length":1447.2031647284357},{"x":630,"y":1279,"length":1425.7422628231234},{"x":607,"y":1259,"length":1397.6873756316181},{"x":588,"y":1236,"length":1368.7366437704516},{"x":575,"y":1211,"length":1340.5767415556634},{"x":568,"y":1180,"length":1309.5892485814015},{"x":566,"y":1147,"length":1279.0484744527864},{"x":571,"y":1119,"length":1256.2650994117444},{"x":584,"y":1090,"length":1236.5904738433012}],"type":4,"safeId":-1},"className":"frg.game.editor.objects::DynamicPather"},{"params":{"x":5323,"rotation":0,"physic":true,"line":true,"plr":false,"id":-1,"graphic":true,"density":1,"isWheel":false,"isStatic":true,"ignore":false,"layer":2,"rem":true,"safeId":-1,"vertices":[{"x":-10,"y":2,"length":10.198039027185569},{"x":-13,"y":-11,"length":17.029386365926403},{"x":19,"y":-50,"length":53.48831648126533},{"x":62,"y":-89,"length":108.4665847162157},{"x":108,"y":-118,"length":159.9624956044385},{"x":158,"y":-141,"length":211.7663807123312},{"x":212,"y":-160,"length":265.60120481654445},{"x":250,"y":-168,"length":301.20424963801554},{"x":426,"y":-168,"length":457.93012567421243},{"x":1095,"y":-415,"length":1171.0038428630369},{"x":1140,"y":-440,"length":1221.9656296312103},{"x":1170,"y":-475,"length":1262.7450257276803},{"x":1215,"y":-610,"length":1359.5311691903205},{"x":1235,"y":-645,"length":1393.2874793092774},{"x":1260,"y":-664,"length":1424.2527865516008},{"x":1298,"y":-672,"length":1461.6388062719188},{"x":1339,"y":-660,"length":1492.823164343319},{"x":2169,"y":-69,"length":2170.0972328446483},{"x":2201,"y":-46,"length":2201.480638116084},{"x":2235,"y":-26,"length":2235.1512253089277},{"x":2269,"y":-11,"length":2269.02666357185},{"x":2308,"y":0,"length":2308},{"x":2353,"y":7,"length":2353.0104122166567},{"x":2399,"y":8,"length":2399.0133388541217},{"x":2445,"y":3,"length":2445.0018404901048},{"x":2491,"y":-6,"length":2491.0072260031684},{"x":2539,"y":-25,"length":2539.123076969685},{"x":2579,"y":-48,"length":2579.4466460851636},{"x":2625,"y":-83,"length":2626.3118626697783},{"x":2664,"y":-130,"length":2667.170035824488},{"x":2689,"y":-152,"length":2693.292594576386},{"x":2716,"y":-154,"length":2720.362475847658},{"x":2708,"y":-117,"length":2710.5263326520185},{"x":2705,"y":-78,"length":2706.1243504318127},{"x":2708,"y":-41,"length":2708.310358876914},{"x":2720,"y":0,"length":2720},{"x":2737,"y":41,"length":2737.307070827093},{"x":2765,"y":74,"length":2765.990057827396},{"x":2800,"y":101,"length":2801.8210149829342},{"x":2844,"y":123,"length":2846.658567513849},{"x":2883,"y":135,"length":2886.1590392769417},{"x":2940,"y":140,"length":2943.3314458280092},{"x":2985,"y":133,"length":2987.961512469664},{"x":3441,"y":300,"length":3454.0528368859673},{"x":1355,"y":620,"length":1490.109056411644},{"x":1031,"y":567,"length":1176.6265337820662},{"x":442,"y":567,"length":718.9248917654751},{"x":453,"y":484,"length":662.9215639877767},{"x":451,"y":435,"length":626.5987551854855},{"x":445,"y":377,"length":583.2272284453119},{"x":434,"y":330,"length":545.2118854170368},{"x":407,"y":268,"length":487.31201503759377},{"x":375,"y":213,"length":431.27021691742175},{"x":330,"y":156,"length":365.0150681821231},{"x":289,"y":115,"length":311.0401903291599},{"x":260,"y":90,"length":275.13632984395207},{"x":211,"y":60,"length":219.36499264923745},{"x":158,"y":37,"length":162.27445886522005},{"x":112,"y":22,"length":114.1402645870422},{"x":69,"y":10,"length":69.72087205421343},{"x":29,"y":3,"length":29.154759474226502}],"y":-429},"className":"frg.game.editor.objects::LandscapeShaper"},{"params":{"stretchTexture":false,"x":4580,"rotation":-6,"physic":true,"originOffsetRatio":0,"repeatTexture":true,"snapToGrid":false,"textureOffset":0,"id":-1,"smoothing":true,"y":-680,"density":"1","height":170.9,"action":0,"isStatic":true,"wireframe":false,"width":846,"graphic":true,"textureMode":true,"shapeH":17,"straightSides":true,"vertices":[{"x":-549,"y":-3,"length":549.0081966601227},{"x":-482,"y":6,"length":482.0373429517676},{"x":-418,"y":12,"length":418.1722133284324},{"x":-333,"y":15,"length":333.33766663850037},{"x":-237,"y":12,"length":237.30360300678117},{"x":-134,"y":3,"length":134.03357788255897},{"x":-36,"y":-13,"length":38.27531841800928},{"x":65,"y":-41,"length":76.8505042273634},{"x":151,"y":-72,"length":167.28717822953436},{"x":224,"y":-106,"length":247.81444671366518},{"x":284,"y":-140,"length":316.6322788346128}],"type":4,"safeId":-1},"className":"frg.game.editor.objects::DynamicPather"},{"params":{"x":5240,"rotation":0,"physic":true,"line":true,"plr":false,"id":-1,"graphic":true,"density":1,"isWheel":false,"isStatic":true,"ignore":false,"layer":2,"rem":true,"safeId":-1,"vertices":[{"x":162,"y":-1288,"length":1298.1479114492308},{"x":1515,"y":-2140,"length":2621.9887490223905},{"x":3863,"y":-2156,"length":4423.924163002797},{"x":7130,"y":-356,"length":7138.881985297137},{"x":3504,"y":649,"length":3563.5960769986264},{"x":3075,"y":485,"length":3113.013009931054},{"x":3120,"y":463,"length":3154.166926464102},{"x":3165,"y":425,"length":3193.4072712386687},{"x":3195,"y":394,"length":3219.201919731038},{"x":3212,"y":358,"length":3231.8892307750893},{"x":3230,"y":305,"length":3244.368197353685},{"x":3232,"y":263,"length":3242.682994065254},{"x":3224,"y":207,"length":3230.6384817865337},{"x":3205,"y":169,"length":3209.4526013013497},{"x":3181,"y":129,"length":3183.6146123549565},{"x":3141,"y":90,"length":3142.2891337367414},{"x":3095,"y":65,"length":3095.68247725764},{"x":3059,"y":54,"length":3059.4765892224113},{"x":3037,"y":43,"length":3037.3043969941505},{"x":3045,"y":18,"length":3045.0532015056815},{"x":3075,"y":-7,"length":3075.007967469353},{"x":3112,"y":-37,"length":3112.219947240233},{"x":3149,"y":-76,"length":3149.9169830330447},{"x":3179,"y":-113,"length":3181.0077019711853},{"x":3200,"y":-155,"length":3203.7517069835485},{"x":3219,"y":-213,"length":3226.0393673977383},{"x":3227,"y":-273,"length":3238.5271343621625},{"x":3225,"y":-337,"length":3242.559791276022},{"x":3212,"y":-395,"length":3236.1966874712666},{"x":3189,"y":-451,"length":3220.733146350377},{"x":3157,"y":-500,"length":3196.3493238380565},{"x":3117,"y":-547,"length":3164.632364114353},{"x":3070,"y":-580,"length":3124.307923364789},{"x":3025,"y":-607,"length":3085.2996612971},{"x":2969,"y":-627,"length":3034.483481582986},{"x":2911,"y":-637,"length":2979.880870102025},{"x":2845,"y":-635,"length":2915.0042881615113},{"x":2784,"y":-625,"length":2853.2930098396837},{"x":2731,"y":-607,"length":2797.643651360909},{"x":2677,"y":-575,"length":2738.056610079492},{"x":2633,"y":-537,"length":2687.2026347114206},{"x":2605,"y":-507,"length":2653.879047733713},{"x":2574,"y":-461,"length":2614.9564049903393},{"x":2554,"y":-418,"length":2587.979907186298},{"x":2539,"y":-372,"length":2566.1069736080763},{"x":2531,"y":-315,"length":2550.526612290097},{"x":2532,"y":-257,"length":2545.009430237931},{"x":2540,"y":-205,"length":2548.2592097351476},{"x":2559,"y":-151,"length":2563.4511893149047},{"x":2583,"y":-106,"length":2585.1740753767435},{"x":2609,"y":-69,"length":2609.9122590615953},{"x":2634,"y":-35,"length":2634.232525803294},{"x":2605,"y":-16,"length":2605.049135812989},{"x":2562,"y":-15,"length":2562.0439106307294},{"x":2517,"y":-24,"length":2517.114419330198},{"x":2452,"y":-63,"length":2452.8092057883346},{"x":2408,"y":-107,"length":2410.3761117302834},{"x":1742,"y":-1138,"length":2080.7710109476247},{"x":1605,"y":-1275,"length":2049.792672442752},{"x":1515,"y":-1162,"length":1909.311132319717},{"x":1447,"y":-1305,"length":1948.5466378816802},{"x":1310,"y":-1132,"length":1731.335900395992},{"x":1190,"y":-1205,"length":1693.5539554439947},{"x":827,"y":-252,"length":864.5420753208024},{"x":780,"y":-205,"length":806.4893055707558},{"x":730,"y":-180,"length":751.8643494673756},{"x":670,"y":-165,"length":690.0181157042183},{"x":605,"y":-165,"length":627.0964838045259},{"x":525,"y":-170,"length":551.837838499681},{"x":480,"y":-170,"length":509.2150822589606},{"x":425,"y":-160,"length":454.1200281863816},{"x":368,"y":-146,"length":395.9040287746514},{"x":303,"y":-119,"length":325.53033652794943},{"x":243,"y":-84,"length":257.1089263327899},{"x":196,"y":-48,"length":201.79197209007103},{"x":147,"y":-8,"length":147.2175261305528},{"x":92,"y":15,"length":93.2148056909416},{"x":45,"y":14,"length":47.12748667179272},{"x":-2,"y":-4,"length":4.47213595499958},{"x":-35,"y":-50,"length":61.032778078668514},{"x":-40,"y":-110,"length":117.04699910719626},{"x":-49,"y":-175,"length":181.7305698004604},{"x":-66,"y":-235,"length":244.09219569662608},{"x":-93,"y":-295,"length":309.3121400785944},{"x":-125,"y":-350,"length":371.6517186829626},{"x":-169,"y":-411,"length":444.3894688221133},{"x":-220,"y":-464,"length":513.5133883356889},{"x":-291,"y":-520,"length":595.8867342037411},{"x":-360,"y":-558,"length":664.0512028450818},{"x":-447,"y":-594,"length":743.4009685223715},{"x":-527,"y":-612,"length":807.6341993749398},{"x":-650,"y":-618,"length":896.896872555591},{"x":-778,"y":-615,"length":991.7202226434631},{"x":-777,"y":-710,"length":1052.5345600026633},{"x":-876,"y":-690,"length":1115.1125503732796},{"x":-855,"y":-758,"length":1142.6237350939284},{"x":-895,"y":-811,"length":1207.7855769961818},{"x":-830,"y":-971,"length":1277.3961797343845}],"y":-780},"className":"frg.game.editor.objects::LandscapeShaper"}],[{"params":{"scaleX":1,"rotation":0,"scaleY":1,"x":5650,"y":-660,"width":9.3,"height":128.35},"className":"SignPillar"},{"params":{"scaleX":1,"rotation":0,"scaleY":1,"x":3298,"y":-11,"width":9.3,"height":128.35},"className":"SignPillar"},{"params":{"scaleX":1,"rotation":0,"scaleY":1,"x":4160,"y":-300,"width":9.3,"height":128.35},"className":"SignPillar"},{"params":{"x":986,"active":true,"y":-1192,"safeId":-1,"id":-1,"rotation":0,"width":85.95,"height":17.05},"className":"PlankBone"},{"params":{"x":1056,"active":true,"y":-1192,"safeId":-1,"id":-1,"rotation":0,"width":85.95,"height":17.05},"className":"PlankBone"},{"params":{"x":1126,"active":true,"y":-1192,"safeId":-1,"id":-1,"rotation":0,"width":85.95,"height":17.05},"className":"PlankBone"},{"params":{"x":1196,"active":true,"y":-1192,"safeId":-1,"id":-1,"rotation":0,"width":85.95,"height":17.05},"className":"PlankBone"},{"params":{"x":1266,"active":true,"y":-1192,"safeId":-1,"id":-1,"rotation":0,"width":85.95,"height":17.05},"className":"PlankBone"},{"params":{"x":1336,"active":true,"y":-1192,"safeId":-1,"id":-1,"rotation":0,"width":85.95,"height":17.05},"className":"PlankBone"},{"params":{"x":1406,"active":true,"y":-1192,"safeId":-1,"id":-1,"rotation":0,"width":85.95,"height":17.05},"className":"PlankBone"},{"params":{"x":1476,"active":true,"y":-1192,"safeId":-1,"id":-1,"rotation":0,"width":85.95,"height":17.05},"className":"PlankBone"},{"params":{"x":1040,"ag":true,"active":true,"y":-580,"sgos":true,"btg":true,"id":-1,"ad":-1,"width":273,"height":324.1,"scaleX":1,"scaleY":1,"safeId":-1,"rotation":0},"className":"SpikeBall200E"},{"params":{"x":1080,"ag":true,"active":true,"y":-1330,"sgos":true,"btg":true,"id":-1,"ad":-1,"width":273,"height":324.1,"scaleX":1,"scaleY":1,"safeId":-1,"rotation":0},"className":"SpikeBall200E"},{"params":{"x":1370,"ag":true,"active":true,"y":-1330,"sgos":true,"btg":true,"id":-1,"ad":-1,"width":273,"height":324.1,"scaleX":1,"scaleY":1,"safeId":-1,"rotation":0},"className":"SpikeBall200E"},{"params":{"x":4760,"rotation":-33,"y":-930,"width":68.8,"height":69.8},"className":"Sign1"},{"params":{"x":4140,"rotation":-15,"y":-760,"width":68.8,"height":69.8},"className":"Sign1"},{"params":{"scaleX":1,"rotation":42,"scaleY":1,"x":3840,"y":-450,"width":9.3,"height":128.35},"className":"SignPillar"},{"params":{"x":3890,"rotation":-171,"y":-510,"width":68.8,"height":69.8},"className":"Sign1"},{"params":{"scaleX":1,"rotation":-126,"scaleY":1,"x":5100,"y":-1020,"width":9.3,"height":128.35},"className":"SignPillar"},{"params":{"x":5040,"rotation":6,"y":-980,"width":68.8,"height":69.8},"className":"Sign1"}],[{"params":{"x":3858,"rotation":0,"y":61,"safeId":-1,"width":132,"ttl":0.5,"height":18},"className":"GlassCrashed0"},{"params":{"x":3988,"rotation":0,"y":61,"safeId":-1,"width":132,"ttl":0.5,"height":18},"className":"GlassCrashed0"},{"params":{"x":4118,"rotation":0,"y":61,"safeId":-1,"width":132,"ttl":0.5,"height":18},"className":"GlassCrashed0"},{"params":{"x":4248,"rotation":0,"y":61,"safeId":-1,"width":132,"ttl":0.5,"height":18},"className":"GlassCrashed0"},{"params":{"x":4378,"rotation":0,"y":61,"safeId":-1,"width":132,"ttl":0.5,"height":18},"className":"GlassCrashed0"},{"params":{"x":4508,"rotation":0,"y":61,"safeId":-1,"width":132,"ttl":0.5,"height":18},"className":"GlassCrashed0"},{"params":{"x":4638,"rotation":0,"y":61,"safeId":-1,"width":132,"ttl":0.5,"height":18},"className":"GlassCrashed0"},{"params":{"x":4768,"rotation":0,"y":61,"safeId":-1,"width":132,"ttl":0.5,"height":18},"className":"GlassCrashed0"},{"params":{"x":4898,"rotation":0,"y":61,"safeId":-1,"width":132,"ttl":0.5,"height":18},"className":"GlassCrashed0"},{"params":{"x":4994,"rotation":-6,"y":58,"safeId":-1,"width":66,"ttl":0.5,"height":18},"className":"GlassCrashed1"},{"params":{"x":5056,"rotation":-16,"y":46,"safeId":-1,"width":66,"ttl":0.5,"height":18},"className":"GlassCrashed1"},{"params":{"x":5115,"rotation":-26.000000000000007,"y":23,"safeId":-1,"width":66,"ttl":0.5,"height":18},"className":"GlassCrashed1"},{"params":{"x":5169,"rotation":-36.00000000000001,"y":-9,"safeId":-1,"width":66,"ttl":0.5,"height":18},"className":"GlassCrashed1"},{"params":{"x":5217,"rotation":-45.00000000000001,"y":-50,"safeId":-1,"width":66,"ttl":0.5,"height":18},"className":"GlassCrashed1"},{"params":{"x":5258,"rotation":-53.99999999999998,"y":-98,"safeId":-1,"width":66,"ttl":0.5,"height":18},"className":"GlassCrashed1"},{"params":{"x":5291,"rotation":-62.99999999999999,"y":-152,"safeId":-1,"width":66,"ttl":0.5,"height":18},"className":"GlassCrashed1"},{"params":{"x":5314,"rotation":-74,"y":-210,"safeId":-1,"width":66,"ttl":0.5,"height":18},"className":"GlassCrashed1"},{"params":{"x":5327,"rotation":-83.00000000000003,"y":-272,"safeId":-1,"width":66,"ttl":0.5,"height":18},"className":"GlassCrashed1"},{"params":{"x":5329,"rotation":-93.00000000000004,"y":-336,"safeId":-1,"width":66,"ttl":0.5,"height":18},"className":"GlassCrashed1"},{"params":{"x":5320,"rotation":-103.00000000000006,"y":-399,"safeId":-1,"width":66,"ttl":0.5,"height":18},"className":"GlassCrashed1"},{"params":{"x":5120,"rotation":0,"y":-740,"time":1,"safeId":-1,"force":2400,"width":64.1,"height":64.1},"className":"BoostE"}],null,[{"params":{"x":1290,"rotation":0,"y":-650,"width":64,"height":32},"className":"PlayerWP"},{"params":{"x":5650,"rotation":0,"y":-730,"id":0,"width":128,"height":447},"className":"SafePointE"},{"params":{"x":3300,"rotation":0,"y":-80,"id":0,"width":128,"height":1088},"className":"SafePointE"},{"params":{"x":4160,"rotation":0,"y":-380,"id":0,"width":128,"height":318},"className":"SafePointE"}],[{"params":{"x":1091,"rotation":0,"graphic":0,"safeId":1,"id":-1,"y":-1192,"width":17,"height":17},"className":"PivotJointE"},{"params":{"x":1161,"rotation":0,"graphic":0,"safeId":1,"id":-1,"y":-1192,"width":17,"height":17},"className":"PivotJointE"},{"params":{"x":1021,"rotation":0,"graphic":0,"safeId":1,"id":-1,"y":-1192,"width":17,"height":17},"className":"PivotJointE"},{"params":{"x":951,"rotation":0,"graphic":0,"safeId":1,"id":-1,"y":-1192,"width":17,"height":17},"className":"PivotJointE"},{"params":{"x":1371,"rotation":0,"graphic":0,"safeId":1,"id":-1,"y":-1192,"width":17,"height":17},"className":"PivotJointE"},{"params":{"x":1231,"rotation":0,"graphic":0,"safeId":1,"id":1,"y":-1192,"width":17,"height":17},"className":"PivotJointE"},{"params":{"x":1301,"rotation":0,"graphic":0,"safeId":1,"id":-1,"y":-1192,"width":17,"height":17},"className":"PivotJointE"},{"params":{"x":1511,"rotation":0,"graphic":0,"safeId":1,"id":-1,"y":-1192,"width":17,"height":17},"className":"PivotJointE"},{"params":{"x":1441,"rotation":0,"graphic":0,"safeId":1,"id":-1,"y":-1192,"width":17,"height":17},"className":"PivotJointE"},{"params":{"x":1110,"sndId":-1,"rotation":0,"y":-1104,"fnl":false,"safeId":-1,"id_off":-1,"off":false,"id":1,"width":64,"height":667},"className":"ToggleE"},{"params":{"x":1040,"rotation":0,"graphic":0,"id":2,"y":-580,"height":17,"width":17,"time":0,"safeId":-1,"snd":false,"rate":180,"useWeld":false},"className":"MotorJointE"},{"params":{"x":1340,"sndId":-1,"rotation":0,"y":-637,"fnl":false,"safeId":-1,"id_off":-1,"off":false,"id":2,"width":405,"height":111},"className":"ToggleE"}]],"settings":{"prizes":"29,36,44","gravityY":500,"theme":6,"countdown":0}}