{"layers":[[{"params":{"stretchTexture":false,"x":1510,"rotation":0,"physic":true,"originOffsetRatio":0,"repeatTexture":true,"snapToGrid":true,"textureOffset":0,"id":-1,"smoothing":true,"y":170,"density":"1","height":568,"action":0,"isStatic":true,"wireframe":false,"width":17,"graphic":true,"textureMode":true,"shapeH":17,"straightSides":true,"vertices":[{"x":0,"y":0,"length":0},{"x":0,"y":85,"length":85},{"x":0,"y":170,"length":170},{"x":0,"y":261,"length":261},{"x":0,"y":345,"length":345},{"x":0,"y":430,"length":430},{"x":0,"y":500,"length":500},{"x":0,"y":555,"length":555}],"type":4,"safeId":-1},"className":"frg.game.editor.objects::DynamicPather"},{"params":{"stretchTexture":false,"x":1740,"rotation":0,"physic":true,"originOffsetRatio":0,"repeatTexture":true,"snapToGrid":true,"textureOffset":0,"id":-1,"smoothing":true,"y":170,"density":"1","height":568,"action":0,"isStatic":true,"wireframe":false,"width":17,"graphic":true,"textureMode":true,"shapeH":17,"straightSides":true,"vertices":[{"x":0,"y":0,"length":0},{"x":0,"y":85,"length":85},{"x":0,"y":170,"length":170},{"x":0,"y":261,"length":261},{"x":0,"y":345,"length":345},{"x":0,"y":430,"length":430},{"x":0,"y":500,"length":500},{"x":0,"y":555,"length":555}],"type":4,"safeId":-1},"className":"frg.game.editor.objects::DynamicPather"},{"params":{"stretchTexture":false,"x":1970,"rotation":0,"physic":true,"originOffsetRatio":0,"repeatTexture":true,"snapToGrid":true,"textureOffset":0,"id":-1,"smoothing":true,"y":170,"density":"1","height":568,"action":0,"isStatic":true,"wireframe":false,"width":17,"graphic":true,"textureMode":true,"shapeH":17,"straightSides":true,"vertices":[{"x":0,"y":0,"length":0},{"x":0,"y":85,"length":85},{"x":0,"y":170,"length":170},{"x":0,"y":261,"length":261},{"x":0,"y":345,"length":345},{"x":0,"y":430,"length":430},{"x":0,"y":500,"length":500},{"x":0,"y":555,"length":555}],"type":4,"safeId":-1},"className":"frg.game.editor.objects::DynamicPather"},{"params":{"stretchTexture":false,"x":2200,"rotation":0,"physic":true,"originOffsetRatio":0,"repeatTexture":true,"snapToGrid":true,"textureOffset":0,"id":-1,"smoothing":true,"y":170,"density":"1","height":568,"action":0,"isStatic":true,"wireframe":false,"width":17,"graphic":true,"textureMode":true,"shapeH":17,"straightSides":true,"vertices":[{"x":0,"y":0,"length":0},{"x":0,"y":85,"length":85},{"x":0,"y":170,"length":170},{"x":0,"y":261,"length":261},{"x":0,"y":345,"length":345},{"x":0,"y":430,"length":430},{"x":0,"y":500,"length":500},{"x":0,"y":555,"length":555}],"type":4,"safeId":-1},"className":"frg.game.editor.objects::DynamicPather"},{"params":{"stretchTexture":false,"x":2430,"rotation":0,"physic":true,"originOffsetRatio":0,"repeatTexture":true,"snapToGrid":true,"textureOffset":0,"id":-1,"smoothing":true,"y":170,"density":"1","height":568,"action":0,"isStatic":true,"wireframe":false,"width":17,"graphic":true,"textureMode":true,"shapeH":17,"straightSides":true,"vertices":[{"x":0,"y":0,"length":0},{"x":0,"y":85,"length":85},{"x":0,"y":170,"length":170},{"x":0,"y":261,"length":261},{"x":0,"y":345,"length":345},{"x":0,"y":430,"length":430},{"x":0,"y":500,"length":500},{"x":0,"y":555,"length":555}],"type":4,"safeId":-1},"className":"frg.game.editor.objects::DynamicPather"},{"params":{"stretchTexture":false,"x":2660,"rotation":0,"physic":true,"originOffsetRatio":0,"repeatTexture":true,"snapToGrid":true,"textureOffset":0,"id":-1,"smoothing":true,"y":170,"density":"1","height":568,"action":0,"isStatic":true,"wireframe":false,"width":17,"graphic":true,"textureMode":true,"shapeH":17,"straightSides":true,"vertices":[{"x":0,"y":0,"length":0},{"x":0,"y":85,"length":85},{"x":0,"y":170,"length":170},{"x":0,"y":261,"length":261},{"x":0,"y":345,"length":345},{"x":0,"y":430,"length":430},{"x":0,"y":500,"length":500},{"x":0,"y":555,"length":555}],"type":4,"safeId":-1},"className":"frg.game.editor.objects::DynamicPather"},{"params":{"stretchTexture":false,"x":2890,"rotation":0,"physic":true,"originOffsetRatio":0,"repeatTexture":true,"snapToGrid":true,"textureOffset":0,"id":-1,"smoothing":true,"y":170,"density":"1","height":568,"action":0,"isStatic":true,"wireframe":false,"width":17,"graphic":true,"textureMode":true,"shapeH":17,"straightSides":true,"vertices":[{"x":0,"y":0,"length":0},{"x":0,"y":85,"length":85},{"x":0,"y":170,"length":170},{"x":0,"y":261,"length":261},{"x":0,"y":345,"length":345},{"x":0,"y":430,"length":430},{"x":0,"y":500,"length":500},{"x":0,"y":555,"length":555}],"type":4,"safeId":-1},"className":"frg.game.editor.objects::DynamicPather"},{"params":{"stretchTexture":false,"x":3120,"rotation":0,"physic":true,"originOffsetRatio":0,"repeatTexture":true,"snapToGrid":true,"textureOffset":0,"id":-1,"smoothing":true,"y":170,"density":"1","height":568,"action":0,"isStatic":true,"wireframe":false,"width":17,"graphic":true,"textureMode":true,"shapeH":17,"straightSides":true,"vertices":[{"x":0,"y":0,"length":0},{"x":0,"y":85,"length":85},{"x":0,"y":170,"length":170},{"x":0,"y":261,"length":261},{"x":0,"y":345,"length":345},{"x":0,"y":430,"length":430},{"x":0,"y":500,"length":500},{"x":0,"y":555,"length":555}],"type":4,"safeId":-1},"className":"frg.game.editor.objects::DynamicPather"},{"params":{"stretchTexture":false,"x":3350,"rotation":0,"physic":true,"originOffsetRatio":0,"repeatTexture":true,"snapToGrid":true,"textureOffset":0,"id":-1,"smoothing":true,"y":170,"density":"1","height":568,"action":0,"isStatic":true,"wireframe":false,"width":17,"graphic":true,"textureMode":true,"shapeH":17,"straightSides":true,"vertices":[{"x":0,"y":0,"length":0},{"x":0,"y":85,"length":85},{"x":0,"y":170,"length":170},{"x":0,"y":261,"length":261},{"x":0,"y":345,"length":345},{"x":0,"y":430,"length":430},{"x":0,"y":500,"length":500},{"x":0,"y":555,"length":555}],"type":4,"safeId":-1},"className":"frg.game.editor.objects::DynamicPather"},{"params":{"stretchTexture":false,"x":3580,"rotation":0,"physic":true,"originOffsetRatio":0,"repeatTexture":true,"snapToGrid":true,"textureOffset":0,"id":-1,"smoothing":true,"y":170,"density":"1","height":568,"action":0,"isStatic":true,"wireframe":false,"width":17,"graphic":true,"textureMode":true,"shapeH":17,"straightSides":true,"vertices":[{"x":0,"y":0,"length":0},{"x":0,"y":85,"length":85},{"x":0,"y":170,"length":170},{"x":0,"y":261,"length":261},{"x":0,"y":345,"length":345},{"x":0,"y":430,"length":430},{"x":0,"y":500,"length":500},{"x":0,"y":555,"length":555}],"type":4,"safeId":-1},"className":"frg.game.editor.objects::DynamicPather"},{"params":{"stretchTexture":false,"x":3810,"rotation":0,"physic":true,"originOffsetRatio":0,"repeatTexture":true,"snapToGrid":true,"textureOffset":0,"id":-1,"smoothing":true,"y":170,"density":"1","height":568,"action":0,"isStatic":true,"wireframe":false,"width":17,"graphic":true,"textureMode":true,"shapeH":17,"straightSides":true,"vertices":[{"x":0,"y":0,"length":0},{"x":0,"y":85,"length":85},{"x":0,"y":170,"length":170},{"x":0,"y":261,"length":261},{"x":0,"y":345,"length":345},{"x":0,"y":430,"length":430},{"x":0,"y":500,"length":500},{"x":0,"y":555,"length":555}],"type":4,"safeId":-1},"className":"frg.game.editor.objects::DynamicPather"},{"params":{"stretchTexture":false,"x":4040,"rotation":0,"physic":true,"originOffsetRatio":0,"repeatTexture":true,"snapToGrid":true,"textureOffset":0,"id":-1,"smoothing":true,"y":170,"density":"1","height":568,"action":0,"isStatic":true,"wireframe":false,"width":17,"graphic":true,"textureMode":true,"shapeH":17,"straightSides":true,"vertices":[{"x":0,"y":0,"length":0},{"x":0,"y":85,"length":85},{"x":0,"y":170,"length":170},{"x":0,"y":261,"length":261},{"x":0,"y":345,"length":345},{"x":0,"y":430,"length":430},{"x":0,"y":500,"length":500},{"x":0,"y":555,"length":555}],"type":4,"safeId":-1},"className":"frg.game.editor.objects::DynamicPather"},{"params":{"x":8720,"rotation":0,"physic":true,"line":true,"plr":false,"id":-1,"graphic":true,"density":1,"isWheel":false,"isStatic":true,"ignore":false,"layer":6,"rem":true,"safeId":-1,"vertices":[{"x":0,"y":0,"length":0},{"x":250,"y":-55,"length":255.9785147234041},{"x":270,"y":30,"length":271.6615541441225},{"x":10,"y":55,"length":55.90169943749474}],"y":270},"className":"frg.game.editor.objects::LandscapeShaper"},{"params":{"x":8200,"rotation":0,"physic":true,"line":true,"plr":false,"id":-1,"graphic":true,"density":1,"isWheel":false,"isStatic":true,"ignore":false,"layer":6,"rem":true,"safeId":-1,"vertices":[{"x":-110,"y":0,"length":110},{"x":195,"y":0,"length":195},{"x":195,"y":-20,"length":196.02295783912658},{"x":470,"y":-20,"length":470.425339453563},{"x":370,"y":-135,"length":393.8591118661596},{"x":140,"y":-135,"length":194.48650338776724},{"x":20,"y":-5,"length":20.615528128088304},{"x":-70,"y":-5,"length":70.178344238091},{"x":85,"y":-170,"length":190.06577808748213},{"x":390,"y":-170,"length":425.4409477236529},{"x":540,"y":0,"length":540},{"x":985,"y":0,"length":985},{"x":810,"y":100,"length":816.1494961096282},{"x":0,"y":100,"length":100}],"y":290},"className":"frg.game.editor.objects::LandscapeShaper"},{"params":{"x":6990,"bg":true,"rotation":0,"y":350,"vertices":[{"x":0,"y":0,"length":0},{"x":3340,"y":0,"length":3340},{"x":3340,"y":425,"length":3366.9310952260366},{"x":0,"y":425,"length":425}],"viscosity":1.5,"id":-1,"sf":true,"density":1.5},"className":"frg.game.editor.objects::WaterShaper"},{"params":{"x":8025,"rotation":-15,"physic":true,"line":true,"plr":false,"id":-1,"graphic":true,"density":1,"isWheel":false,"isStatic":false,"ignore":false,"layer":8,"rem":true,"safeId":-1,"vertices":[{"x":0,"y":-10,"length":10},{"x":20,"y":-10,"length":22.360679774997898},{"x":20,"y":25,"length":32.01562118716424},{"x":95,"y":15,"length":96.17692030835673},{"x":95,"y":80,"length":124.19742348374221},{"x":20,"y":65,"length":68.00735254367721},{"x":25,"y":95,"length":98.2344135219425},{"x":0,"y":95,"length":95},{"x":-65,"y":80,"length":103.07764064044152},{"x":-20,"y":45,"length":49.24428900898052},{"x":-70,"y":20,"length":72.80109889280519}],"y":84},"className":"frg.game.editor.objects::LandscapeShaper"},{"params":{"stretchTexture":false,"x":1280,"rotation":0,"physic":true,"originOffsetRatio":0,"repeatTexture":true,"snapToGrid":true,"textureOffset":0,"id":-1,"smoothing":true,"y":170,"density":"1","height":568,"action":0,"isStatic":true,"wireframe":false,"width":17,"graphic":true,"textureMode":true,"shapeH":17,"straightSides":true,"vertices":[{"x":0,"y":0,"length":0},{"x":0,"y":85,"length":85},{"x":0,"y":170,"length":170},{"x":0,"y":261,"length":261},{"x":0,"y":345,"length":345},{"x":0,"y":430,"length":430},{"x":0,"y":500,"length":500},{"x":0,"y":555,"length":555}],"type":4,"safeId":-1},"className":"frg.game.editor.objects::DynamicPather"},{"params":{"x":1100,"bg":true,"rotation":0,"y":320,"vertices":[{"x":0,"y":0,"length":0},{"x":3515,"y":-15,"length":3515.0320055441885},{"x":3515,"y":485,"length":3548.302411012906},{"x":0,"y":500,"length":500}],"viscosity":1.5,"id":-1,"sf":true,"density":1.5},"className":"frg.game.editor.objects::WaterShaper"},{"params":{"x":350,"rotation":0,"physic":true,"line":true,"plr":false,"id":-1,"graphic":true,"density":1,"isWheel":false,"isStatic":true,"ignore":false,"layer":2,"rem":true,"safeId":-1,"vertices":[{"x":0,"y":0,"length":0},{"x":570,"y":0,"length":570},{"x":640,"y":-10,"length":640.0781202322104},{"x":720,"y":-35,"length":720.850192481073},{"x":780,"y":-60,"length":782.3042886243178},{"x":815,"y":-50,"length":816.532301871763},{"x":820,"y":-15,"length":820.137183646736},{"x":825,"y":35,"length":825.7420904858853},{"x":820,"y":80,"length":823.8931969618392},{"x":810,"y":135,"length":821.1729415902597},{"x":785,"y":190,"length":807.66639152561},{"x":770,"y":235,"length":805.0621094052309},{"x":760,"y":305,"length":818.91696770796},{"x":760,"y":405,"length":861.1765208132418},{"x":775,"y":515,"length":930.5106125133663},{"x":790,"y":650,"length":1023.0347012687301},{"x":570,"y":655,"length":868.2885465097418},{"x":0,"y":655,"length":655},{"x":-950,"y":295,"length":994.7487119871028},{"x":-355,"y":-740,"length":820.7466113241042},{"x":-60,"y":-1140,"length":1141.5778554264268},{"x":305,"y":-1125,"length":1165.6114275349225},{"x":-65,"y":-265,"length":272.8552729928451},{"x":-80,"y":-195,"length":210.77238908357992},{"x":-80,"y":-125,"length":148.4082207965583},{"x":-70,"y":-70,"length":98.99494936611666},{"x":-45,"y":-25,"length":51.478150704935004}],"y":120},"className":"frg.game.editor.objects::LandscapeShaper"},{"params":{"x":300,"physic":false,"lineId":0,"y":320,"height":1023,"isRoad":false,"direction":90,"width":14228,"textureMode":true,"cameraOffsetY":100,"straightSides":true,"directed":false,"originOffsetRatio":0,"thick":128,"stretchTexture":false,"camera":true,"rotation":0,"repeatTexture":true,"textureOffset":0,"snapToGrid":true,"line":false,"wireframe":false,"vertices":[{"x":0,"y":0,"length":0},{"x":4360,"y":-15,"length":4360.025802675943},{"x":6225,"y":-25,"length":6225.0502006007955},{"x":6875,"y":50,"length":6875.181815777674},{"x":8065,"y":195,"length":8067.357064119575},{"x":9920,"y":-15,"length":9920.011340719324},{"x":10380,"y":-465,"length":10390.410242141548},{"x":11455,"y":-485,"length":11465.262753203697},{"x":12020,"y":335,"length":12024.667355066418},{"x":12310,"y":475,"length":12319.160888631985},{"x":12535,"y":525,"length":12545.989399007158},{"x":14215,"y":465,"length":14222.60348881315}],"smoothing":true,"shape":false},"className":"frg.game.editor.objects::GroundPather"},{"params":{"x":1411,"rotation":0,"physic":true,"line":true,"plr":false,"id":-1,"graphic":true,"density":0.1,"isWheel":false,"isStatic":false,"ignore":false,"layer":8,"rem":true,"safeId":-1,"vertices":[{"x":600,"y":0,"length":600},{"x":590,"y":104,"length":599.0959856316849},{"x":563,"y":205,"length":599.1610801779435},{"x":519,"y":299,"length":598.9674448582326},{"x":459,"y":385,"length":599.0876396655167},{"x":385,"y":459,"length":599.0876396655167},{"x":300,"y":519,"length":599.4672634931786},{"x":205,"y":563,"length":599.1610801779435},{"x":104,"y":590,"length":599.0959856316849},{"x":0,"y":600,"length":600},{"x":-104,"y":590,"length":599.0959856316849},{"x":-205,"y":563,"length":599.1610801779435},{"x":-175,"y":490,"length":520.3124061561477},{"x":-88,"y":514,"length":521.4786668695086},{"x":5,"y":522,"length":522.0239458109178},{"x":92,"y":513,"length":521.1842284643694},{"x":182,"y":489,"length":521.7710225759955},{"x":263,"y":451,"length":522.0823689802213},{"x":319,"y":411,"length":520.2710831864481},{"x":378,"y":356,"length":519.2494583531118},{"x":428,"y":294,"length":519.2494583531118},{"x":473,"y":219,"length":521.238908754901},{"x":501,"y":139,"length":519.9249945905659},{"x":516,"y":63,"length":519.8317035349037},{"x":520,"y":-9,"length":520.0778787835529},{"x":513,"y":-85,"length":519.9942307372265},{"x":499,"y":-151,"length":521.3463340237466},{"x":474,"y":-217,"length":521.3108477674333},{"x":434,"y":-284,"length":518.6636675148935},{"x":406,"y":-324,"length":519.4343076848121},{"x":360,"y":-376,"length":520.5535515199181},{"x":294,"y":-427,"length":518.4255009159947},{"x":225,"y":-470,"length":521.0806079677117},{"x":145,"y":-501,"length":521.5611181827112},{"x":72,"y":-516,"length":520.9990403062178},{"x":13,"y":-520,"length":520.1624746173064},{"x":-47,"y":-518,"length":520.1278688937942},{"x":-118,"y":-508,"length":521.5246878144887},{"x":-178,"y":-491,"length":522.2690877316022},{"x":-240,"y":-463,"length":521.5064716760473},{"x":-297,"y":-428,"length":520.9539327042268},{"x":-349,"y":-389,"length":522.6107538120508},{"x":-394,"y":-343,"length":522.3839584060751},{"x":-434,"y":-289,"length":521.4182582150341},{"x":-472,"y":-223,"length":522.0277770387319},{"x":-500,"y":-154,"length":523.1787457456581},{"x":-516,"y":-81,"length":522.3188681255924},{"x":-521,"y":-15,"length":521.2158861738579},{"x":-593,"y":-16,"length":593.2158123313976},{"x":-590,"y":-104,"length":599.0959856316849},{"x":-563,"y":-205,"length":599.1610801779435},{"x":-519,"y":-300,"length":599.4672634931786},{"x":-459,"y":-385,"length":599.0876396655167},{"x":-385,"y":-459,"length":599.0876396655167},{"x":-300,"y":-519,"length":599.4672634931786},{"x":-205,"y":-563,"length":599.1610801779435},{"x":-104,"y":-590,"length":599.0959856316849},{"x":0,"y":-600,"length":600},{"x":104,"y":-590,"length":599.0959856316849},{"x":205,"y":-563,"length":599.1610801779435},{"x":300,"y":-519,"length":599.4672634931786},{"x":385,"y":-459,"length":599.0876396655167},{"x":459,"y":-385,"length":599.0876396655167},{"x":519,"y":-300,"length":599.4672634931786},{"x":563,"y":-205,"length":599.1610801779435},{"x":590,"y":-104,"length":599.0959856316849}],"y":-420},"className":"frg.game.editor.objects::LandscapeShaper"},{"params":{"x":4480,"rotation":0,"physic":true,"line":true,"plr":false,"id":-1,"graphic":true,"density":1,"isWheel":false,"isStatic":true,"ignore":false,"layer":2,"rem":true,"safeId":-1,"vertices":[{"x":0,"y":0,"length":0},{"x":35,"y":-20,"length":40.311288741492746},{"x":90,"y":-30,"length":94.86832980505137},{"x":130,"y":-10,"length":130.38404810405297},{"x":166,"y":18,"length":166.97305171793442},{"x":212,"y":33,"length":214.55302374937528},{"x":253,"y":42,"length":256.46247288833507},{"x":305,"y":42,"length":307.8782226790326},{"x":356,"y":32,"length":357.4353088322417},{"x":400,"y":20,"length":400.4996878900157},{"x":435,"y":0,"length":435},{"x":465,"y":-5,"length":465.02688094345683},{"x":1768,"y":61,"length":1769.052006019043},{"x":2050,"y":80,"length":2051.5603817582364},{"x":2120,"y":40,"length":2120.3773249117717},{"x":2505,"y":45,"length":2505.4041590130723},{"x":2565,"y":60,"length":2565.70165841627},{"x":2610,"y":90,"length":2611.5512631384436},{"x":2635,"y":140,"length":2638.716544079716},{"x":2640,"y":185,"length":2646.4740693987537},{"x":2630,"y":245,"length":2641.3869462840917},{"x":2595,"y":285,"length":2610.6033785314844},{"x":2565,"y":335,"length":2586.7837172829118},{"x":2540,"y":390,"length":2569.766526359934},{"x":2525,"y":445,"length":2563.9130250458966},{"x":2525,"y":530,"length":2580.0242246924736},{"x":2535,"y":615,"length":2608.5340710828373},{"x":2575,"y":765,"length":2686.233422470951},{"x":-5,"y":650,"length":650.0192304847603},{"x":85,"y":450,"length":457.9574216016157},{"x":100,"y":395,"length":407.4616546375867},{"x":100,"y":345,"length":359.2005011132362},{"x":85,"y":290,"length":302.2002647252315},{"x":70,"y":245,"length":254.80384612481814},{"x":40,"y":195,"length":199.06029237394384},{"x":-5,"y":110,"length":110.11357772772621},{"x":-15,"y":45,"length":47.43416490252569}],"y":150},"className":"frg.game.editor.objects::LandscapeShaper"},{"params":{"x":6247,"rotation":0,"y":-147,"width":619.1,"height":619.1},"className":"OvalTemplate"},{"params":{"stretchTexture":false,"x":6170,"rotation":0,"physic":true,"originOffsetRatio":0,"repeatTexture":true,"snapToGrid":false,"textureOffset":0,"id":-1,"smoothing":true,"y":24,"density":"1","height":391.75,"action":0,"isStatic":true,"wireframe":false,"width":140.05,"graphic":true,"textureMode":true,"shapeH":17,"straightSides":true,"vertices":[{"x":1,"y":5,"length":5.0990195135927845},{"x":31,"y":-19,"length":36.359317925395686},{"x":59,"y":-47,"length":75.43208866258443},{"x":83,"y":-80,"length":115.27792503337315},{"x":99,"y":-115,"length":151.74320413119},{"x":108,"y":-153,"length":187.27786842016332},{"x":110,"y":-193,"length":222.1463481581455},{"x":101,"y":-239,"length":259.46483384073457},{"x":87,"y":-277,"length":290.34117861577954},{"x":63,"y":-311,"length":317.3168763239674},{"x":28,"y":-345,"length":346.13436697328973},{"x":-15,"y":-373,"length":373.3014867369269}],"type":4,"safeId":-1},"className":"frg.game.editor.objects::DynamicPather"},{"params":{"stretchTexture":false,"x":5620,"rotation":-167.99999999999994,"physic":true,"originOffsetRatio":0,"repeatTexture":true,"snapToGrid":false,"textureOffset":0,"id":-1,"smoothing":true,"y":-486,"density":"1","height":787.6,"action":0,"isStatic":true,"wireframe":false,"width":350.65,"graphic":true,"textureMode":true,"shapeH":17,"straightSides":true,"vertices":[{"x":-225,"y":401,"length":459.8108306684391},{"x":-197,"y":358,"length":408.6232984057566},{"x":-157,"y":297,"length":335.9434476217686},{"x":-115,"y":231,"length":258.0426321366297},{"x":-75,"y":166,"length":182.15652609774924},{"x":-33,"y":100,"length":105.30432089900205},{"x":10,"y":33,"length":34.48187929913333},{"x":50,"y":-27,"length":56.824290580701486},{"x":83,"y":-80,"length":115.27792503337315},{"x":99,"y":-115,"length":151.74320413119},{"x":108,"y":-153,"length":187.27786842016332},{"x":110,"y":-193,"length":222.1463481581455},{"x":101,"y":-239,"length":259.46483384073457},{"x":87,"y":-277,"length":290.34117861577954},{"x":63,"y":-311,"length":317.3168763239674},{"x":28,"y":-345,"length":346.13436697328973},{"x":-15,"y":-373,"length":373.3014867369269}],"type":4,"safeId":-1},"className":"frg.game.editor.objects::DynamicPather"},{"params":{"stretchTexture":false,"x":6440,"rotation":0,"physic":true,"originOffsetRatio":0,"repeatTexture":true,"snapToGrid":false,"textureOffset":0,"id":-1,"smoothing":true,"y":104,"density":"1","height":491,"action":0,"isStatic":true,"wireframe":false,"width":131,"graphic":true,"textureMode":true,"shapeH":17,"straightSides":true,"vertices":[{"x":0,"y":0,"length":0},{"x":41,"y":-38,"length":55.90169943749474},{"x":73,"y":-84,"length":111.28791488746656},{"x":97,"y":-132,"length":163.8078142214223},{"x":110,"y":-183,"length":213.5158073773462},{"x":116,"y":-237,"length":263.86549603917524},{"x":113,"y":-296,"length":316.8359196808342},{"x":100,"y":-355,"length":368.81567211820055},{"x":79,"y":-401,"length":408.7077195258245},{"x":54,"y":-437,"length":440.3237445334966},{"x":17,"y":-478,"length":478.30220572353625}],"type":4,"safeId":-1},"className":"frg.game.editor.objects::DynamicPather"},{"params":{"x":8320,"rotation":0,"physic":true,"line":true,"plr":false,"id":-1,"graphic":true,"density":1,"isWheel":false,"isStatic":true,"ignore":false,"layer":6,"rem":true,"safeId":-1,"vertices":[{"x":20,"y":15,"length":25},{"x":60,"y":-15,"length":61.84658438426491},{"x":100,"y":15,"length":101.11874208078342},{"x":97,"y":135,"length":166.23477373883},{"x":165,"y":195,"length":255.44079548889601},{"x":165,"y":215,"length":271.01660465735307},{"x":20,"y":215,"length":215.92822881689185}],"y":77},"className":"frg.game.editor.objects::LandscapeShaper"},{"params":{"x":12340,"rotation":0,"y":220,"vertices":[{"x":0,"y":0,"length":0},{"x":100,"y":0,"length":100},{"x":1197,"y":-10,"length":1197.041770365596},{"x":1193,"y":101,"length":1197.2677227754868},{"x":1155,"y":152,"length":1164.9587975546604},{"x":1119,"y":193,"length":1135.5219064377402},{"x":1084,"y":226,"length":1107.3084484460505},{"x":1026,"y":276,"length":1062.4744702815217},{"x":962,"y":319,"length":1013.5112234208361},{"x":898,"y":353,"length":964.8901491879789},{"x":824,"y":382,"length":908.2400563727632},{"x":746,"y":404,"length":848.3702022112752},{"x":685,"y":413,"length":799.8712396379807},{"x":629,"y":419,"length":755.7790682467992},{"x":557,"y":418,"length":696.4000287191263},{"x":485,"y":410,"length":635.0787352761861},{"x":422,"y":397,"length":579.3901966723289},{"x":346,"y":374,"length":509.5017173670762},{"x":286,"y":347,"length":449.67210275933286},{"x":229,"y":316,"length":390.2524823751926},{"x":168,"y":276,"length":323.10988842807024},{"x":121,"y":234,"length":263.4331034627197},{"x":75,"y":190,"length":204.26698215815497},{"x":40,"y":150,"length":155.24174696260025},{"x":0,"y":100,"length":100}]},"className":"frg.game.editor.objects::FinishShaper"},{"params":{"x":10506,"rotation":0,"physic":true,"line":true,"plr":false,"id":-1,"graphic":true,"density":1,"isWheel":false,"isStatic":true,"ignore":false,"layer":2,"rem":true,"safeId":-1,"vertices":[{"x":0,"y":0,"length":0},{"x":100,"y":0,"length":100},{"x":3585,"y":2500,"length":4370.609225268257},{"x":3015,"y":3050,"length":4288.674037508563},{"x":3000,"y":3060,"length":4285.277120560583},{"x":1865,"y":3060,"length":3583.549218302994},{"x":1840,"y":3045,"length":3557.755612742393},{"x":1620,"y":2685,"length":3135.8611257515854},{"x":1614,"y":2635,"length":3090.0195792259956},{"x":1630,"y":2592,"length":3061.921618853102},{"x":1690,"y":2545,"length":3055.0163665682708},{"x":1722,"y":2507,"length":3041.436009519188},{"x":1755,"y":2462,"length":3023.486232811388},{"x":1771,"y":2406,"length":2987.5202091366677},{"x":1777,"y":2363,"length":2956.602441993174},{"x":1781,"y":2299,"length":2908.154397551822},{"x":1773,"y":2254,"length":2867.759578486314},{"x":1760,"y":2211,"length":2825.9725759462},{"x":1731,"y":2157,"length":2765.684363769662},{"x":1681,"y":2113,"length":2700.0981463643134},{"x":1636,"y":2084,"length":2649.4437151975885},{"x":1582,"y":2056,"length":2594.197371057183},{"x":1540,"y":2044,"length":2559.2061269073265},{"x":1494,"y":2042,"length":2530.177859360879},{"x":1439,"y":2045,"length":2500.5491396891202},{"x":1389,"y":2055,"length":2480.39230768038},{"x":1344,"y":2077,"length":2473.9169347413426},{"x":1297,"y":2106,"length":2473.346922694024},{"x":1258,"y":2151,"length":2491.8597472570564},{"x":1228,"y":2195,"length":2515.1558599816435},{"x":1215,"y":2239,"length":2547.4194786096773},{"x":1207,"y":2280,"length":2579.7769283408984},{"x":1181,"y":2289,"length":2575.709999204103},{"x":1133,"y":2297,"length":2561.2297827410957},{"x":1082,"y":2280,"length":2523.712344939494},{"x":1031,"y":2250,"length":2474.9668684651115},{"x":992,"y":2223,"length":2434.2951751995893},{"x":957,"y":2179,"length":2379.8928547310697},{"x":931,"y":2132,"length":2326.4103249427003},{"x":0,"y":100,"length":100}],"y":-2760},"className":"frg.game.editor.objects::LandscapeShaper"},{"params":{"x":11890,"rotation":0,"physic":true,"line":true,"plr":false,"id":-1,"graphic":true,"density":1,"isWheel":false,"isStatic":false,"ignore":false,"layer":6,"rem":true,"safeId":-1,"vertices":[{"x":-60,"y":-355,"length":360.0347205478938},{"x":360,"y":-360,"length":509.11688245431424},{"x":600,"y":35,"length":601.0199663904685},{"x":1435,"y":35,"length":1435.4267658086915},{"x":1845,"y":-400,"length":1887.8625479626423},{"x":2535,"y":-395,"length":2565.589600852015},{"x":2590,"y":525,"length":2642.6738353417736},{"x":-60,"y":540,"length":543.323108288245}],"y":890},"className":"frg.game.editor.objects::LandscapeShaper"},{"params":{"x":9005,"rotation":168,"physic":true,"line":true,"plr":false,"id":-1,"graphic":true,"density":1,"isWheel":false,"isStatic":false,"ignore":false,"layer":8,"rem":true,"safeId":-1,"vertices":[{"x":0,"y":-10,"length":10},{"x":30,"y":-10,"length":31.622776601683793},{"x":30,"y":15,"length":33.54101966249684},{"x":65,"y":10,"length":65.76473218982953},{"x":95,"y":50,"length":107.35455276791944},{"x":70,"y":75,"length":102.59142264341595},{"x":35,"y":75,"length":82.76472678623425},{"x":35,"y":95,"length":101.24228365658294},{"x":0,"y":95,"length":95},{"x":-80,"y":75,"length":109.65856099730654},{"x":-20,"y":45,"length":49.24428900898052},{"x":-80,"y":20,"length":82.46211251235322}],"y":216},"className":"frg.game.editor.objects::LandscapeShaper"},{"params":{"x":10110,"rotation":0,"physic":true,"line":true,"plr":false,"id":-1,"graphic":true,"density":1,"isWheel":false,"isStatic":true,"ignore":false,"layer":2,"rem":true,"safeId":-1,"vertices":[{"x":-98,"y":21,"length":100.22474744293447},{"x":-53,"y":-21,"length":57.0087712549569},{"x":8,"y":-58,"length":58.54912467321779},{"x":80,"y":-89,"length":119.6703806294607},{"x":215,"y":-100,"length":237.11811402758752},{"x":1655,"y":-100,"length":1658.018395555369},{"x":2110,"y":565,"length":2184.336283634001},{"x":2165,"y":635,"length":2256.2025618281705},{"x":2232,"y":700,"length":2339.1930232454097},{"x":2291,"y":750,"length":2410.6391268707143},{"x":2362,"y":800,"length":2493.801114764367},{"x":2454,"y":850,"length":2597.0398533715265},{"x":2560,"y":890,"length":2710.2951868754076},{"x":2660,"y":914,"length":2812.6492849269353},{"x":2755,"y":926,"length":2906.458497897398},{"x":2857,"y":928,"length":3003.9362509880266},{"x":2951,"y":920,"length":3091.084114028604},{"x":3039,"y":904,"length":3170.6051472865556},{"x":3128,"y":880,"length":3249.4282574016},{"x":3218,"y":840,"length":3325.8268144929016},{"x":3292,"y":801,"length":3388.047372750269},{"x":3377,"y":742,"length":3457.555928687199},{"x":3446,"y":682,"length":3512.8393074548685},{"x":3505,"y":620,"length":3559.413575295796},{"x":3555,"y":559,"length":3598.6811473093862},{"x":3599,"y":495,"length":3632.881225694008},{"x":3648,"y":406,"length":3670.5231234798125},{"x":3679,"y":330,"length":3693.7705667786136},{"x":3702,"y":241,"length":3709.8362497555063},{"x":3720,"y":110,"length":3721.6259887312694},{"x":4225,"y":-410,"length":4244.846875919083},{"x":4670,"y":-230,"length":4675.660381165424},{"x":4790,"y":1605,"length":5051.744748104362},{"x":2993,"y":1570,"length":3379.7853482136998},{"x":1685,"y":1595,"length":2320.183182423319},{"x":925,"y":1090,"length":1429.5891018051307},{"x":150,"y":1095,"length":1105.2262211873187},{"x":98,"y":458,"length":468.36737717309046},{"x":70,"y":340,"length":347.1310991541956},{"x":45,"y":260,"length":263.86549603917524},{"x":-15,"y":190,"length":190.59118552545917},{"x":-55,"y":163,"length":172.02906731131225},{"x":-85,"y":130,"length":155.32224567009067},{"x":-95,"y":65,"length":115.10864433221339}],"y":-90},"className":"frg.game.editor.objects::LandscapeShaper"},{"params":{"stretchTexture":false,"x":12132,"rotation":39,"physic":true,"originOffsetRatio":0,"repeatTexture":true,"snapToGrid":false,"textureOffset":0,"id":-1,"smoothing":true,"y":-184,"density":"1","height":1571.6,"action":0,"isStatic":true,"wireframe":false,"width":4354.85,"graphic":true,"textureMode":true,"shapeH":64,"straightSides":true,"vertices":[{"x":1475,"y":-1295,"length":1962.816853402273},{"x":1378,"y":-493,"length":1463.5344205040071},{"x":1364,"y":-472,"length":1443.3571976472074},{"x":499,"y":228,"length":548.620998504432},{"x":454,"y":237,"length":512.1376768018538},{"x":54,"y":96,"length":110.14535850411491},{"x":17,"y":51,"length":53.75872022286245},{"x":7,"y":5,"length":8.602325267042627},{"x":25,"y":-60,"length":65},{"x":26,"y":-119,"length":121.80722474467596},{"x":20,"y":-173,"length":174.15223225672418},{"x":-2,"y":-229,"length":229.0087334579186},{"x":-39,"y":-281,"length":283.69349657685143},{"x":-77,"y":-325,"length":333.9970059746045},{"x":-130,"y":-364,"length":386.51778743028115},{"x":-188,"y":-387,"length":430.2476031310343},{"x":-259,"y":-388,"length":466.50294747193186},{"x":-323,"y":-380,"length":498.7273804394541},{"x":-379,"y":-362,"length":524.1039973135103},{"x":-425,"y":-336,"length":541.7757838811181},{"x":-473,"y":-296,"length":557.9829746506608},{"x":-508,"y":-250,"length":566.1837157672411},{"x":-529,"y":-206,"length":567.6944600751358},{"x":-543,"y":-159,"length":565.8003181335267},{"x":-547,"y":-111,"length":558.1487256995217},{"x":-544,"y":-59,"length":547.1900949395923},{"x":-526,"y":-10,"length":526.0950484465711},{"x":-512,"y":49,"length":514.339382120405},{"x":-555,"y":95,"length":563.0719314616916},{"x":-613,"y":120,"length":624.6350934745822},{"x":-702,"y":128,"length":713.5741026690921},{"x":-774,"y":119,"length":783.0945025985051},{"x":-2834,"y":-890,"length":2970.463936828724}],"type":5,"safeId":-1},"className":"frg.game.editor.objects::DynamicPather"}],[{"params":{"scaleX":1,"rotation":0,"scaleY":1,"x":5150,"y":92,"width":9.3,"height":128.35},"className":"SignPillar"},{"params":{"scaleX":1,"rotation":0,"scaleY":1,"x":10870,"y":-253,"width":9.3,"height":128.35},"className":"SignPillar"},{"params":{"x":8307,"active":false,"y":69,"safeId":-1,"id":4,"rotation":63.00000000000006,"width":85.95,"height":17.05},"className":"PlankBone"},{"params":{"x":8296,"active":false,"y":71,"safeId":-1,"id":4,"rotation":78.00000000000006,"width":85.95,"height":17.05},"className":"PlankBone"},{"params":{"x":8286,"active":false,"y":74,"safeId":-1,"id":4,"rotation":63.00000000000006,"width":85.95,"height":17.05},"className":"PlankBone"},{"params":{"x":8264,"active":false,"y":80,"safeId":-1,"id":4,"rotation":62.00000000000006,"width":85.95,"height":17.05},"className":"PlankBone"},{"params":{"x":8274,"active":false,"y":76,"safeId":-1,"id":4,"rotation":78.00000000000006,"width":85.95,"height":17.05},"className":"PlankBone"},{"params":{"x":8221,"active":false,"y":88,"safeId":-1,"id":4,"rotation":62.00000000000006,"width":85.95,"height":17.05},"className":"PlankBone"},{"params":{"x":8232,"active":false,"y":86,"safeId":-1,"id":4,"rotation":78.00000000000006,"width":85.95,"height":17.05},"className":"PlankBone"},{"params":{"x":8244,"active":false,"y":84,"safeId":-1,"id":4,"rotation":63.00000000000006,"width":85.95,"height":17.05},"className":"PlankBone"},{"params":{"x":8254,"active":false,"y":81,"safeId":-1,"id":4,"rotation":78.00000000000006,"width":85.95,"height":17.05},"className":"PlankBone"},{"params":{"x":8178,"active":false,"y":99,"safeId":-1,"id":4,"rotation":62.00000000000006,"width":85.95,"height":17.05},"className":"PlankBone"},{"params":{"x":8189,"active":false,"y":97,"safeId":-1,"id":4,"rotation":78.00000000000006,"width":85.95,"height":17.05},"className":"PlankBone"},{"params":{"x":8201,"active":false,"y":95,"safeId":-1,"id":4,"rotation":63.00000000000006,"width":85.95,"height":17.05},"className":"PlankBone"},{"params":{"x":8211,"active":false,"y":92,"safeId":-1,"id":4,"rotation":78.00000000000006,"width":85.95,"height":17.05},"className":"PlankBone"},{"params":{"x":8169,"active":false,"y":102,"safeId":-1,"id":4,"rotation":80.00000000000004,"width":85.95,"height":17.05},"className":"PlankBone"},{"params":{"x":8144,"active":false,"y":122,"safeId":-1,"id":4,"rotation":24.000000000000057,"width":85.95,"height":17.05},"className":"PlankBone"},{"params":{"x":8890,"active":false,"y":171,"safeId":-1,"id":5,"rotation":27,"width":85.95,"height":17.05},"className":"PlankBone"},{"params":{"x":8863,"active":false,"y":191,"safeId":-1,"id":5,"rotation":84,"width":85.95,"height":17.05},"className":"PlankBone"},{"params":{"x":8852,"active":false,"y":193,"safeId":-1,"id":5,"rotation":67.00000000000003,"width":85.95,"height":17.05},"className":"PlankBone"},{"params":{"x":8842,"active":false,"y":194,"safeId":-1,"id":5,"rotation":84,"width":85.95,"height":17.05},"className":"PlankBone"},{"params":{"x":8829,"active":false,"y":195,"safeId":-1,"id":5,"rotation":65.00000000000003,"width":85.95,"height":17.05},"className":"PlankBone"},{"params":{"x":8819,"active":false,"y":200,"safeId":-1,"id":5,"rotation":84,"width":85.95,"height":17.05},"className":"PlankBone"},{"params":{"x":8808,"active":false,"y":202,"safeId":-1,"id":5,"rotation":67.00000000000003,"width":85.95,"height":17.05},"className":"PlankBone"},{"params":{"x":8798,"active":false,"y":203,"safeId":-1,"id":5,"rotation":84,"width":85.95,"height":17.05},"className":"PlankBone"},{"params":{"x":8787,"active":false,"y":205,"safeId":-1,"id":5,"rotation":65.00000000000003,"width":85.95,"height":17.05},"className":"PlankBone"},{"params":{"x":8777,"active":false,"y":208,"safeId":-1,"id":5,"rotation":81.99999999999999,"width":85.95,"height":17.05},"className":"PlankBone"},{"params":{"x":8767,"active":false,"y":210,"safeId":-1,"id":5,"rotation":65.00000000000003,"width":85.95,"height":17.05},"className":"PlankBone"},{"params":{"x":8755,"active":false,"y":211,"safeId":-1,"id":5,"rotation":84,"width":85.95,"height":17.05},"className":"PlankBone"},{"params":{"x":8744,"active":false,"y":215,"safeId":-1,"id":5,"rotation":65.00000000000003,"width":85.95,"height":17.05},"className":"PlankBone"},{"params":{"x":8733,"active":false,"y":216,"safeId":-1,"id":5,"rotation":83.00000000000003,"width":85.95,"height":17.05},"className":"PlankBone"},{"params":{"x":8713,"active":false,"y":223,"safeId":-1,"id":5,"rotation":50.00000000000003,"width":85.95,"height":17.05},"className":"PlankBone"},{"params":{"x":6450,"ag":true,"active":true,"y":-40,"sgos":true,"btg":true,"id":-1,"ad":-1,"width":301.8,"height":324.1,"scaleX":1,"scaleY":1,"safeId":-1,"rotation":0},"className":"SpikeBall137E"},{"params":{"x":6560,"ag":true,"active":true,"y":180,"sgos":true,"btg":true,"id":-1,"ad":-1,"width":256.1,"height":324.1,"scaleX":1,"scaleY":1,"safeId":-1,"rotation":0},"className":"SpikeBall52E"}],[{"params":{"x":6004,"rotation":-27,"y":121,"safeId":-1,"width":132,"ttl":0.4,"height":18},"className":"GlassCrashed0"},{"params":{"x":6116,"rotation":-30,"y":61,"safeId":-1,"width":132,"ttl":0.4,"height":18},"className":"GlassCrashed0"},{"params":{"x":6273,"rotation":-27,"y":189,"safeId":-1,"width":132,"ttl":0.4,"height":18},"className":"GlassCrashed0"},{"params":{"x":6387,"rotation":-27,"y":131,"safeId":-1,"width":132,"ttl":0.4,"height":18},"className":"GlassCrashed0"},{"params":{"x":6510,"stones":false,"physic":false,"impulse":7000,"id":2,"radius":64,"y":-120,"height":53.2,"width":53.2,"safeId":-1,"rotation":0,"count":30},"className":"Tnt1"},{"params":{"x":6624,"stones":false,"physic":false,"impulse":1900,"id":3,"radius":200,"y":166,"height":53.2,"width":53.2,"safeId":-1,"rotation":0,"count":30},"className":"Tnt1"},{"params":{"x":5890,"rotation":-22,"y":172,"safeId":-1,"width":132,"ttl":0.4,"height":18},"className":"GlassCrashed0"},{"params":{"x":8151,"stones":false,"physic":false,"impulse":1,"id":4,"radius":1,"y":106,"height":53.2,"width":53.2,"safeId":-1,"rotation":-12,"count":1},"className":"Tnt1"},{"params":{"x":8880,"stones":false,"physic":false,"impulse":1,"id":5,"radius":1,"y":188,"height":53.2,"width":53.2,"safeId":-1,"rotation":171,"count":1},"className":"Tnt1"},{"params":{"x":12005,"rotation":-178,"y":-683,"safeId":2,"width":66,"ttl":0.3,"height":18},"className":"GlassCrashed1"},{"params":{"x":12251,"rotation":-98.99999999999994,"y":-462,"safeId":2,"width":66,"ttl":0.3,"height":18},"className":"GlassCrashed1"},{"params":{"x":12064,"rotation":-165,"y":-674,"safeId":2,"width":66,"ttl":0.3,"height":18},"className":"GlassCrashed1"},{"params":{"x":12115,"rotation":-152,"y":-653,"safeId":2,"width":66,"ttl":0.3,"height":18},"className":"GlassCrashed1"},{"params":{"x":12002,"rotation":-9,"y":-168,"safeId":2,"width":66,"ttl":0.3,"height":18},"className":"GlassCrashed1"},{"params":{"x":12252,"rotation":-83.99999999999994,"y":-401,"safeId":2,"width":66,"ttl":0.3,"height":18},"className":"GlassCrashed1"},{"params":{"x":12164,"rotation":-138.99999999999994,"y":-618,"safeId":2,"width":66,"ttl":0.3,"height":18},"className":"GlassCrashed1"},{"params":{"x":12236,"rotation":-68.99999999999994,"y":-340,"safeId":2,"width":66,"ttl":0.3,"height":18},"className":"GlassCrashed1"},{"params":{"x":12208,"rotation":-56,"y":-286,"safeId":2,"width":66,"ttl":0.3,"height":18},"className":"GlassCrashed1"},{"params":{"x":11749,"rotation":97.00000000000006,"y":-466,"safeId":2,"width":66,"ttl":0.3,"height":18},"className":"GlassCrashed1"},{"params":{"x":12169,"rotation":-43,"y":-241,"safeId":2,"width":66,"ttl":0.3,"height":18},"className":"GlassCrashed1"},{"params":{"x":12119,"rotation":-28,"y":-205,"safeId":2,"width":66,"ttl":0.3,"height":18},"className":"GlassCrashed1"},{"params":{"x":11836,"rotation":139.00000000000009,"y":-623,"safeId":2,"width":66,"ttl":0.3,"height":18},"className":"GlassCrashed1"},{"params":{"x":11751,"rotation":78.00000000000006,"y":-408,"safeId":2,"width":66,"ttl":0.3,"height":18},"className":"GlassCrashed1"},{"params":{"x":12062,"rotation":-19,"y":-181,"safeId":2,"width":66,"ttl":0.3,"height":18},"className":"GlassCrashed1"},{"params":{"x":11764,"rotation":111.00000000000006,"y":-524,"safeId":2,"width":66,"ttl":0.3,"height":18},"className":"GlassCrashed1"},{"params":{"x":12234,"rotation":-112.99999999999994,"y":-521,"safeId":2,"width":66,"ttl":0.3,"height":18},"className":"GlassCrashed1"},{"params":{"x":11792,"rotation":126.00000000000006,"y":-578,"safeId":2,"width":66,"ttl":0.3,"height":18},"className":"GlassCrashed1"},{"params":{"x":12205,"rotation":-125.99999999999994,"y":-574,"safeId":2,"width":66,"ttl":0.3,"height":18},"className":"GlassCrashed1"},{"params":{"x":11887,"rotation":154,"y":-657,"safeId":2,"width":66,"ttl":0.3,"height":18},"className":"GlassCrashed1"},{"params":{"x":11942,"rotation":167,"y":-676,"safeId":2,"width":66,"ttl":0.3,"height":18},"className":"GlassCrashed1"}],null,[{"params":{"x":610,"rotation":0,"y":20,"width":64,"height":32},"className":"PlayerWP"},{"params":{"x":5150,"rotation":0,"y":20,"id":0,"width":128,"height":1031},"className":"SafePointE"},{"params":{"x":10870,"rotation":0,"y":-330,"id":0,"width":128,"height":3216},"className":"SafePointE"}],[{"params":{"x":6470,"rotation":0,"graphic":0,"safeId":-1,"id":2,"y":-80,"width":17,"height":17},"className":"PivotJointE"},{"params":{"x":6146,"sndId":-1,"rotation":48,"y":-76,"fnl":false,"safeId":-1,"id_off":-1,"off":false,"id":2,"width":175,"height":64},"className":"ToggleE"},{"params":{"x":6564,"rotation":0,"graphic":0,"safeId":-1,"id":3,"y":175,"width":17,"height":17},"className":"PivotJointE"},{"params":{"x":6420,"sndId":-1,"rotation":0,"y":-160,"fnl":false,"safeId":-1,"id_off":-1,"off":false,"id":3,"width":268,"height":64},"className":"ToggleE"},{"params":{"x":8114,"rotation":-21,"graphic":0,"safeId":-1,"id":-1,"y":108,"width":17,"height":17},"className":"PivotJointE"},{"params":{"x":8196,"rotation":-21,"graphic":0,"safeId":-1,"id":-1,"y":132,"width":17,"height":17},"className":"PivotJointE"},{"params":{"x":8174,"rotation":-21,"graphic":0,"safeId":-1,"id":-1,"y":136,"width":17,"height":17},"className":"PivotJointE"},{"params":{"x":8183,"rotation":-21,"graphic":0,"safeId":-1,"id":-1,"y":63,"width":17,"height":17},"className":"PivotJointE"},{"params":{"x":8205,"rotation":-21,"graphic":0,"safeId":-1,"id":-1,"y":57,"width":17,"height":17},"className":"PivotJointE"},{"params":{"x":8239,"rotation":-21,"graphic":0,"safeId":-1,"id":-1,"y":121,"width":17,"height":17},"className":"PivotJointE"},{"params":{"x":8162,"rotation":-21,"graphic":0,"safeId":-1,"id":-1,"y":68,"width":17,"height":17},"className":"PivotJointE"},{"params":{"x":8246,"rotation":-21,"graphic":0,"safeId":-1,"id":-1,"y":47,"width":17,"height":17},"className":"PivotJointE"},{"params":{"x":8227,"rotation":-21,"graphic":0,"safeId":-1,"id":-1,"y":52,"width":17,"height":17},"className":"PivotJointE"},{"params":{"x":8281,"rotation":-21,"graphic":0,"safeId":-1,"id":-1,"y":111,"width":17,"height":17},"className":"PivotJointE"},{"params":{"x":8260,"rotation":-21,"graphic":0,"safeId":-1,"id":-1,"y":116,"width":17,"height":17},"className":"PivotJointE"},{"params":{"x":8268,"rotation":-21,"graphic":0,"safeId":-1,"id":-1,"y":41,"width":17,"height":17},"className":"PivotJointE"},{"params":{"x":8218,"rotation":-21,"graphic":0,"safeId":-1,"id":-1,"y":128,"width":17,"height":17},"className":"PivotJointE"},{"params":{"x":8290,"rotation":-21,"graphic":0,"safeId":-1,"id":-1,"y":37,"width":17,"height":17},"className":"PivotJointE"},{"params":{"x":8324,"rotation":-21,"graphic":0,"safeId":-1,"id":-1,"y":101,"width":17,"height":17},"className":"PivotJointE"},{"params":{"x":8303,"rotation":-21,"graphic":0,"safeId":-1,"id":-1,"y":105,"width":17,"height":17},"className":"PivotJointE"},{"params":{"x":6820,"sndId":-1,"rotation":0,"y":-110,"fnl":false,"safeId":-1,"id_off":-1,"off":false,"id":4,"width":64,"height":749},"className":"ToggleE"},{"params":{"x":8051,"active":0,"y":124,"cycle":0,"body":false,"id":4,"position":0,"width":909,"height":157,"stopOnEnd":true,"accelDist":0,"snapToGrid":true,"vertices":[{"x":0,"y":0,"length":0},{"x":-896,"y":144,"length":907.4976583991829}],"sideWait":0,"safeId":-1,"startTime":"0","rotation":0,"speed":1000},"className":"frg.game.editor.objects::MoverPather"},{"params":{"x":1270,"rotation":0,"graphic":0,"safeId":-1,"id":11,"y":130,"width":17,"height":17},"className":"PivotJointE"},{"params":{"x":1250,"sndId":-1,"rotation":0,"y":-210,"fnl":false,"safeId":-1,"id_off":-1,"off":false,"id":11,"width":64,"height":983},"className":"ToggleE"},{"params":{"x":8802,"rotation":162,"graphic":0,"safeId":-1,"id":-1,"y":238,"width":17,"height":17},"className":"PivotJointE"},{"params":{"x":8782,"rotation":162,"graphic":0,"safeId":-1,"id":-1,"y":242,"width":17,"height":17},"className":"PivotJointE"},{"params":{"x":8867,"rotation":162,"graphic":0,"safeId":-1,"id":-1,"y":226,"width":17,"height":17},"className":"PivotJointE"},{"params":{"x":8793,"rotation":162,"graphic":0,"safeId":-1,"id":-1,"y":168,"width":17,"height":17},"className":"PivotJointE"},{"params":{"x":8823,"rotation":162,"graphic":0,"safeId":-1,"id":-1,"y":234,"width":17,"height":17},"className":"PivotJointE"},{"params":{"x":8738,"rotation":162,"graphic":0,"safeId":-1,"id":-1,"y":250,"width":17,"height":17},"className":"PivotJointE"},{"params":{"x":8859,"rotation":162,"graphic":0,"safeId":-1,"id":-1,"y":157,"width":17,"height":17},"className":"PivotJointE"},{"params":{"x":8837,"rotation":162,"graphic":0,"safeId":-1,"id":-1,"y":160,"width":17,"height":17},"className":"PivotJointE"},{"params":{"x":8917,"rotation":162,"graphic":0,"safeId":-1,"id":-1,"y":184,"width":17,"height":17},"className":"PivotJointE"},{"params":{"x":8728,"rotation":162,"graphic":0,"safeId":-1,"id":-1,"y":181,"width":17,"height":17},"className":"PivotJointE"},{"params":{"x":8846,"rotation":162,"graphic":0,"safeId":-1,"id":-1,"y":229,"width":17,"height":17},"className":"PivotJointE"},{"params":{"x":8759,"rotation":162,"graphic":0,"safeId":-1,"id":-1,"y":247,"width":17,"height":17},"className":"PivotJointE"},{"params":{"x":8691,"rotation":144,"graphic":0,"safeId":-1,"id":-1,"y":198,"width":17,"height":17},"className":"PivotJointE"},{"params":{"x":8772,"rotation":162,"graphic":0,"safeId":-1,"id":-1,"y":173,"width":17,"height":17},"className":"PivotJointE"},{"params":{"x":8814,"rotation":162,"graphic":0,"safeId":-1,"id":-1,"y":163,"width":17,"height":17},"className":"PivotJointE"},{"params":{"x":8751,"rotation":162,"graphic":0,"safeId":-1,"id":-1,"y":177,"width":17,"height":17},"className":"PivotJointE"},{"params":{"x":8974,"active":0,"y":173,"cycle":0,"body":false,"id":5,"position":0,"width":1005,"height":205,"stopOnEnd":true,"accelDist":0,"snapToGrid":true,"vertices":[{"x":0,"y":0,"length":0},{"x":992,"y":-192,"length":1010.4098178462044}],"sideWait":0,"safeId":-1,"startTime":"0","rotation":0,"speed":1200},"className":"frg.game.editor.objects::MoverPather"},{"params":{"x":8540,"sndId":-1,"rotation":0,"y":-220,"fnl":false,"safeId":-1,"id_off":-1,"off":false,"id":5,"width":64,"height":1061},"className":"ToggleE"},{"params":{"x":13130,"active":0,"y":1090,"cycle":0,"body":false,"id":7,"position":0,"width":13,"height":429,"stopOnEnd":true,"accelDist":0,"snapToGrid":true,"vertices":[{"x":0,"y":0,"length":0},{"x":0,"y":-416,"length":416}],"sideWait":0,"safeId":-1,"startTime":"0","rotation":0,"speed":800},"className":"frg.game.editor.objects::MoverPather"},{"params":{"x":12880,"sndId":-1,"rotation":0,"y":550,"fnl":false,"safeId":-1,"id_off":-1,"off":false,"id":7,"width":64,"height":1433},"className":"ToggleE"}]],"settings":{"prizes":"32,38,45","gravityY":500,"theme":6,"countdown":0}}