{"layers":[[{"params":{"x":2630,"rotation":0,"physic":false,"line":true,"plr":false,"id":-1,"graphic":true,"density":1,"isWheel":false,"isStatic":true,"ignore":false,"layer":1,"rem":true,"safeId":-1,"vertices":[{"x":0,"y":0,"length":0},{"x":2675,"y":45,"length":2675.378477898034},{"x":2635,"y":170,"length":2640.478176391541},{"x":2625,"y":275,"length":2639.3654540438315},{"x":2635,"y":375,"length":2661.5503001070633},{"x":2645,"y":475,"length":2687.312784176788},{"x":2690,"y":515,"length":2738.854687638612},{"x":2690,"y":550,"length":2745.6511067504553},{"x":600,"y":555,"length":817.3279635495167},{"x":520,"y":530,"length":742.4957912338629},{"x":565,"y":470,"length":734.9319696407281},{"x":550,"y":370,"length":662.872536767062},{"x":525,"y":305,"length":607.1655457945551},{"x":485,"y":250,"length":545.6418239101545},{"x":445,"y":240,"length":505.5937104039171},{"x":245,"y":225,"length":332.6409475695979},{"x":35,"y":245,"length":247.48737341529164},{"x":-15,"y":280,"length":280.40149785619906}],"y":-780},"className":"frg.game.editor.objects::LandscapeShaper"},{"params":{"x":380,"rotation":0,"physic":false,"line":true,"plr":false,"id":-1,"graphic":true,"density":1,"isWheel":false,"isStatic":true,"ignore":false,"layer":1,"rem":true,"safeId":-1,"vertices":[{"x":0,"y":0,"length":0},{"x":2245,"y":25,"length":2245.139193903131},{"x":2240,"y":55,"length":2240.675121475668},{"x":2205,"y":135,"length":2209.128787554044},{"x":2185,"y":195,"length":2193.6841158197776},{"x":2180,"y":275,"length":2197.276723583081},{"x":2225,"y":325,"length":2248.610682176886},{"x":2255,"y":350,"length":2282.0002191060366},{"x":2295,"y":375,"length":2325.4354430944754},{"x":2365,"y":395,"length":2397.759370745947},{"x":2450,"y":410,"length":2484.069242191127},{"x":2485,"y":425,"length":2521.081117298688},{"x":2595,"y":425,"length":2629.5722085540833},{"x":2660,"y":405,"length":2690.6551246861795},{"x":2705,"y":400,"length":2734.4149282799053},{"x":2745,"y":370,"length":2769.824001628984},{"x":2820,"y":420,"length":2851.1050489240133},{"x":2830,"y":1235,"length":3087.7378450898323},{"x":2170,"y":1240,"length":2499.2999019725503},{"x":2155,"y":455,"length":2202.50993187318},{"x":-5,"y":455,"length":455.02747169813824}],"y":-110},"className":"frg.game.editor.objects::LandscapeShaper"},{"params":{"x":3075,"rotation":0,"physic":true,"line":true,"plr":true,"id":81,"graphic":true,"density":1,"isWheel":true,"isStatic":false,"ignore":false,"layer":8,"rem":true,"safeId":-10,"vertices":[{"x":60,"y":0,"length":60},{"x":82,"y":20,"length":84.40379138403677},{"x":76,"y":36,"length":84.09518416651456},{"x":46,"y":38,"length":59.665735560705194},{"x":37,"y":46,"length":59.033888572581766},{"x":35,"y":77,"length":84.581321815162},{"x":18,"y":82,"length":83.95236744726142},{"x":-1,"y":59,"length":59.00847396772772},{"x":-13,"y":58,"length":59.43904440685432},{"x":-38,"y":75,"length":84.07734534343957},{"x":-52,"y":66,"length":84.02380615040002},{"x":-47,"y":36,"length":59.20304046246274},{"x":-54,"y":26,"length":59.93329625508679},{"x":-83,"y":17,"length":84.72307831990054},{"x":-85,"y":0,"length":85},{"x":-58,"y":-14,"length":59.665735560705194},{"x":-54,"y":-26,"length":59.93329625508679},{"x":-65,"y":-54,"length":84.50443775329198},{"x":-52,"y":-66,"length":84.02380615040002},{"x":-25,"y":-54,"length":59.50630218724736},{"x":-13,"y":-58,"length":59.43904440685432},{"x":1,"y":-84,"length":84.00595217006948},{"x":18,"y":-82,"length":83.95236744726142},{"x":26,"y":-53,"length":59.033888572581766},{"x":37,"y":-46,"length":59.033888572581766},{"x":67,"y":-51,"length":84.20213774008353},{"x":76,"y":-36,"length":84.09518416651456},{"x":58,"y":-12,"length":59.22837157984339}],"y":1146},"className":"frg.game.editor.objects::LandscapeShaper"},{"params":{"x":2640,"rotation":0,"physic":true,"line":true,"plr":false,"id":-1,"graphic":true,"density":1,"isWheel":false,"isStatic":false,"ignore":false,"layer":8,"rem":true,"safeId":-1,"vertices":[{"x":0,"y":0,"length":0},{"x":90,"y":0,"length":90},{"x":185,"y":0,"length":185},{"x":285,"y":0,"length":285},{"x":370,"y":0,"length":370},{"x":470,"y":0,"length":470},{"x":470,"y":60,"length":473.8143096192853},{"x":470,"y":115,"length":483.86465049639656},{"x":470,"y":190,"length":506.951674225463},{"x":470,"y":260,"length":537.1219600798314},{"x":405,"y":260,"length":481.27435003332556},{"x":285,"y":120,"length":309.23292192132453},{"x":190,"y":120,"length":224.72205054244233},{"x":95,"y":120,"length":153.05227865013967},{"x":0,"y":120,"length":120},{"x":0,"y":60,"length":60}],"y":900},"className":"frg.game.editor.objects::LandscapeShaper"},{"params":{"x":4470,"rotation":0,"physic":true,"line":true,"plr":false,"id":-1,"graphic":true,"density":1,"isWheel":false,"isStatic":true,"ignore":false,"layer":8,"rem":true,"safeId":-1,"vertices":[{"x":0,"y":0,"length":0},{"x":80,"y":-30,"length":85.44003745317531},{"x":160,"y":-60,"length":170.88007490635061},{"x":260,"y":-100,"length":278.5677655436824},{"x":260,"y":-5,"length":260.0480724789169},{"x":260,"y":95,"length":276.81221071332817},{"x":-10,"y":100,"length":100.4987562112089}],"y":-260},"className":"frg.game.editor.objects::LandscapeShaper"},{"params":{"x":5660,"rotation":0,"y":-2700,"vertices":[{"x":0,"y":0,"length":0},{"x":1290,"y":-5,"length":1290.0096898860877},{"x":5,"y":1280,"length":1280.0097655877473}]},"className":"frg.game.editor.objects::FinishShaper"},{"params":{"x":5286,"rotation":0,"physic":true,"line":true,"plr":false,"id":-1,"graphic":true,"density":0.2,"isWheel":false,"isStatic":false,"ignore":false,"layer":8,"rem":true,"safeId":-1,"vertices":[{"x":220,"y":0,"length":220},{"x":216,"y":38,"length":219.31712199461307},{"x":206,"y":75,"length":219.22819161777528},{"x":190,"y":109,"length":219.04565734111233},{"x":168,"y":141,"length":219.32852071721086},{"x":141,"y":168,"length":219.32852071721086},{"x":110,"y":190,"length":219.5449840010015},{"x":75,"y":206,"length":219.22819161777528},{"x":38,"y":216,"length":219.31712199461307},{"x":0,"y":220,"length":220},{"x":-38,"y":216,"length":219.31712199461307},{"x":-75,"y":206,"length":219.22819161777528},{"x":-109,"y":190,"length":219.04565734111233},{"x":-141,"y":168,"length":219.32852071721086},{"x":-168,"y":141,"length":219.32852071721086},{"x":-190,"y":109,"length":219.04565734111233},{"x":-206,"y":75,"length":219.22819161777528},{"x":-216,"y":38,"length":219.31712199461307},{"x":-220,"y":0,"length":220},{"x":-216,"y":-38,"length":219.31712199461307},{"x":-206,"y":-75,"length":219.22819161777528},{"x":-190,"y":-110,"length":219.5449840010015},{"x":-168,"y":-141,"length":219.32852071721086},{"x":-141,"y":-168,"length":219.32852071721086},{"x":-110,"y":-190,"length":219.5449840010015},{"x":-75,"y":-206,"length":219.22819161777528},{"x":-38,"y":-216,"length":219.31712199461307},{"x":0,"y":-220,"length":220},{"x":38,"y":-216,"length":219.31712199461307},{"x":75,"y":-206,"length":219.22819161777528},{"x":110,"y":-190,"length":219.5449840010015},{"x":141,"y":-168,"length":219.32852071721086},{"x":168,"y":-141,"length":219.32852071721086},{"x":190,"y":-110,"length":219.5449840010015},{"x":206,"y":-75,"length":219.22819161777528},{"x":216,"y":-38,"length":219.31712199461307}],"y":-481},"className":"frg.game.editor.objects::LandscapeShaper"},{"params":{"x":5310,"bg":true,"rotation":0,"y":-110,"vertices":[{"x":0,"y":0,"length":0},{"x":490,"y":0,"length":490},{"x":490,"y":420,"length":645.3681120105022},{"x":0,"y":420,"length":420}],"viscosity":1.5,"id":-1,"sf":true,"density":1.5},"className":"frg.game.editor.objects::WaterShaper"},{"params":{"x":2370,"rotation":0,"physic":true,"line":true,"plr":false,"id":-1,"graphic":true,"density":1,"isWheel":false,"isStatic":true,"ignore":false,"layer":8,"rem":true,"safeId":-1,"vertices":[{"x":0,"y":0,"length":0},{"x":80,"y":-45,"length":91.7877987534291},{"x":166,"y":-93,"length":190.2761151589973},{"x":260,"y":-145,"length":297.6995129320839},{"x":260,"y":-60,"length":266.8332812825267},{"x":260,"y":20,"length":260.76809620810593},{"x":-20,"y":95,"length":97.082439194738}],"y":300},"className":"frg.game.editor.objects::LandscapeShaper"},{"params":{"x":2530,"rotation":0,"physic":true,"line":true,"plr":false,"id":-1,"graphic":true,"density":1,"isWheel":false,"isStatic":true,"ignore":false,"layer":2,"rem":true,"safeId":-1,"vertices":[{"x":-1395,"y":-960,"length":1693.406330447598},{"x":1245,"y":-975,"length":1581.344364773214},{"x":1235,"y":-2540,"length":2824.3273535480976},{"x":3125,"y":-2550,"length":4033.3763771807858},{"x":3126,"y":-843,"length":3237.672775312539},{"x":3068,"y":-820,"length":3175.692680345502},{"x":3018,"y":-797,"length":3121.463278656342},{"x":2973,"y":-770,"length":3071.0957327963583},{"x":2934,"y":-740,"length":3025.8810287253527},{"x":2898,"y":-707,"length":2982.993965800132},{"x":2861,"y":-671,"length":2938.6326752420077},{"x":2829,"y":-632,"length":2898.735068956803},{"x":2800,"y":-595,"length":2862.520742282927},{"x":2780,"y":-560,"length":2835.842026629833},{"x":2765,"y":-550,"length":2819.1709774329047},{"x":100,"y":-565,"length":573.7813172280883},{"x":100,"y":100,"length":141.4213562373095},{"x":-2030,"y":95,"length":2032.221690662709},{"x":-2040,"y":460,"length":2091.219739769114},{"x":-2570,"y":465,"length":2611.7283549404597},{"x":-3000,"y":-710,"length":3082.872037564972}],"y":-160},"className":"frg.game.editor.objects::LandscapeShaper"},{"params":{"x":-60,"physic":false,"lineId":0,"y":300,"height":1156,"isRoad":false,"direction":90,"width":9720,"textureMode":true,"cameraOffsetY":100,"straightSides":true,"directed":false,"originOffsetRatio":0,"thick":128,"stretchTexture":false,"camera":true,"rotation":0,"repeatTexture":true,"textureOffset":0,"snapToGrid":false,"line":false,"wireframe":false,"vertices":[{"x":0,"y":0,"length":0},{"x":2422,"y":0,"length":2422},{"x":2525,"y":25,"length":2525.123759343292},{"x":2600,"y":59,"length":2600.669336920786},{"x":2752,"y":150,"length":2756.084904352549},{"x":2842,"y":222,"length":2850.657468023824},{"x":3022,"y":223,"length":3030.2166589206126},{"x":3180,"y":60,"length":3180.5659873676573},{"x":3185,"y":-284,"length":3197.636783626308},{"x":3618,"y":-554,"length":3660.1693949870682},{"x":5065,"y":-555,"length":5095.316476922704},{"x":5126,"y":-524,"length":5152.713071771026},{"x":5171,"y":-494,"length":5194.543002035886},{"x":5415,"y":-275,"length":5421.978421203832},{"x":5471,"y":-249,"length":5476.663400283059},{"x":5544,"y":-244,"length":5549.366810727148},{"x":5643,"y":-254,"length":5648.713570362725},{"x":5721,"y":-279,"length":5727.799053737832},{"x":5783,"y":-325,"length":5792.125171299391},{"x":6028,"y":-671,"length":6065.230828253777},{"x":6072,"y":-736,"length":6116.443411002835},{"x":6127,"y":-784,"length":6176.9559655221765},{"x":6179,"y":-813,"length":6232.25561093253},{"x":6250,"y":-835,"length":6305.531301960208},{"x":9707,"y":-920,"length":9750.499935900723}],"smoothing":true,"shape":false},"className":"frg.game.editor.objects::GroundPather"},{"params":{"x":2553,"bg":true,"rotation":0,"y":330,"vertices":[{"x":0,"y":0,"length":0},{"x":600,"y":0,"length":600},{"x":600,"y":750,"length":960.4686356149273},{"x":0,"y":750,"length":750}],"viscosity":1.5,"id":-1,"sf":true,"density":1.5},"className":"frg.game.editor.objects::WaterShaper"},{"params":{"stretchTexture":false,"x":6384,"rotation":0,"physic":true,"originOffsetRatio":0,"repeatTexture":true,"snapToGrid":false,"textureOffset":0,"id":-1,"smoothing":true,"y":-1074,"density":"1","height":68.1,"action":0,"isStatic":true,"wireframe":false,"width":353.35,"graphic":true,"textureMode":true,"shapeH":17,"straightSides":true,"vertices":[{"x":482,"y":49,"length":484.48426187029025},{"x":326,"y":51,"length":329.9651496749316},{"x":327,"y":0,"length":327},{"x":661,"y":0,"length":661},{"x":662,"y":48,"length":663.7379000780353},{"x":494,"y":50,"length":496.52391684590583}],"type":4,"safeId":-1},"className":"frg.game.editor.objects::DynamicPather"},{"params":{"stretchTexture":false,"x":7894,"rotation":0,"physic":true,"originOffsetRatio":0,"repeatTexture":true,"snapToGrid":false,"textureOffset":0,"id":-1,"smoothing":true,"y":-594,"density":"1","height":1223.95,"action":0,"isStatic":true,"wireframe":false,"width":643,"graphic":true,"textureMode":true,"shapeH":17,"straightSides":true,"vertices":[{"x":0,"y":3,"length":3},{"x":55,"y":-3,"length":55.08175741568164},{"x":105,"y":-12,"length":105.68348972285122},{"x":154,"y":-20,"length":155.2932709424333},{"x":207,"y":-35,"length":209.9380861111199},{"x":250,"y":-52,"length":255.3507391804457},{"x":295,"y":-73,"length":303.8980092070364},{"x":331,"y":-94,"length":344.0886513676381},{"x":363,"y":-117,"length":381.3895646186455},{"x":389,"y":-138,"length":412.7529527453438},{"x":419,"y":-164,"length":449.95221968560173},{"x":445,"y":-189,"length":483.47285342612565},{"x":471,"y":-219,"length":519.4246817393259},{"x":499,"y":-253,"length":559.4729662816604},{"x":526,"y":-293,"length":602.100489951636},{"x":554,"y":-345,"length":652.641555526462},{"x":575,"y":-395,"length":697.6030389842063},{"x":593,"y":-451,"length":745.0167783345554},{"x":603,"y":-494,"length":779.515875399597},{"x":609,"y":-536,"length":811.2810856910199},{"x":613,"y":-575,"length":840.4724861647762},{"x":612,"y":-620,"length":871.1739206381238},{"x":610,"y":-665,"length":902.399578900611},{"x":604,"y":-711,"length":932.918538780316},{"x":592,"y":-761,"length":964.1498846133832},{"x":575,"y":-817,"length":999.0565549557242},{"x":553,"y":-868,"length":1029.1904585644},{"x":532,"y":-907,"length":1051.5098668105782},{"x":507,"y":-947,"length":1074.1778251295266},{"x":477,"y":-985,"length":1094.4194808207683},{"x":445,"y":-1022,"length":1114.6788775248233},{"x":403,"y":-1060,"length":1134.0233683659258},{"x":373,"y":-1085,"length":1147.3247142810094},{"x":327,"y":-1117,"length":1163.8805780663238},{"x":285,"y":-1141,"length":1176.0552708100074},{"x":237,"y":-1164,"length":1187.8825699537813},{"x":190,"y":-1180,"length":1195.198728245642},{"x":137,"y":-1192,"length":1199.8470735889637},{"x":83,"y":-1200,"length":1202.8669918158034},{"x":35,"y":-1204,"length":1204.5086135017882},{"x":-15,"y":-1203,"length":1203.0935125749786}],"type":4,"safeId":-1},"className":"frg.game.editor.objects::DynamicPather"},{"params":{"stretchTexture":false,"x":7882,"rotation":0,"physic":true,"originOffsetRatio":0,"repeatTexture":true,"snapToGrid":false,"textureOffset":0,"id":-1,"smoothing":true,"y":-1802,"density":"1","height":917,"action":0,"isStatic":true,"wireframe":false,"width":68,"graphic":true,"textureMode":true,"shapeH":64,"straightSides":true,"vertices":[{"x":0,"y":0,"length":0},{"x":-4,"y":-904,"length":904.0088495142069}],"type":5,"safeId":-1},"className":"frg.game.editor.objects::DynamicPather"},{"params":{"stretchTexture":false,"x":7880,"rotation":0,"physic":true,"originOffsetRatio":0,"repeatTexture":true,"snapToGrid":false,"textureOffset":0,"id":-1,"smoothing":true,"y":-2700,"density":"1","height":67,"action":0,"isStatic":true,"wireframe":false,"width":2246,"graphic":true,"textureMode":true,"shapeH":64,"straightSides":true,"vertices":[{"x":0,"y":0,"length":0},{"x":-2233,"y":3,"length":2233.0020152252437}],"type":5,"safeId":-1},"className":"frg.game.editor.objects::DynamicPather"},{"params":{"stretchTexture":false,"x":5662,"rotation":0,"physic":true,"originOffsetRatio":0,"repeatTexture":true,"snapToGrid":false,"textureOffset":0,"id":-1,"smoothing":true,"y":-2708,"density":"1","height":1712,"action":0,"isStatic":true,"wireframe":false,"width":68,"graphic":true,"textureMode":true,"shapeH":64,"straightSides":true,"vertices":[{"x":0,"y":0,"length":0},{"x":4,"y":1699,"length":1699.0047086456234}],"type":5,"safeId":-1},"className":"frg.game.editor.objects::DynamicPather"},{"params":{"x":-60,"physic":true,"lineId":0,"y":300,"height":1694,"isRoad":true,"direction":90,"width":10923,"textureMode":true,"cameraOffsetY":100,"straightSides":true,"directed":false,"originOffsetRatio":0,"thick":128,"stretchTexture":false,"camera":false,"rotation":0,"repeatTexture":true,"textureOffset":0,"snapToGrid":true,"line":true,"wireframe":false,"vertices":[{"x":0,"y":0,"length":0},{"x":2695,"y":0,"length":2695},{"x":2695,"y":730,"length":2792.118371416226},{"x":3175,"y":730,"length":3257.8405424452562},{"x":3175,"y":-560,"length":3224.0075992466273},{"x":5380,"y":-560,"length":5409.066462893574},{"x":5380,"y":-110,"length":5381.124417814552},{"x":5835,"y":-110,"length":5836.036754510718},{"x":5835,"y":-645,"length":5870.540860942882},{"x":6165,"y":-900,"length":6230.347101085139},{"x":10910,"y":-895,"length":10946.649030639468}],"smoothing":true,"shape":true},"className":"frg.game.editor.objects::GroundPather"}],[{"params":{"scaleX":1,"rotation":0,"scaleY":1,"x":3588,"y":-322,"width":9.3,"height":128.35},"className":"SignPillar"},{"params":{"scaleX":1,"rotation":0,"scaleY":1,"x":6870,"y":-660,"width":9.3,"height":128.35},"className":"SignPillar"},{"params":{"scaleX":1,"rotation":-90,"scaleY":1,"x":3050,"y":200,"width":9.3,"height":128.35},"className":"SignPillar"},{"params":{"x":2960,"rotation":90.00000000000006,"y":200,"width":68.8,"height":69.8},"className":"Sign1"},{"params":{"scaleX":1,"rotation":-90,"scaleY":1,"x":3050,"y":60,"width":9.3,"height":128.35},"className":"SignPillar"},{"params":{"x":2960,"rotation":90.00000000000006,"y":60,"width":68.8,"height":69.8},"className":"Sign1"},{"params":{"scaleX":1,"rotation":-90,"scaleY":1,"x":3050,"y":-80,"width":9.3,"height":128.35},"className":"SignPillar"},{"params":{"x":2960,"rotation":90.00000000000006,"y":-80,"width":68.8,"height":69.8},"className":"Sign1"},{"params":{"scaleX":1,"rotation":90,"scaleY":1,"x":2690,"y":-320,"width":9.3,"height":128.35},"className":"SignPillar"},{"params":{"scaleX":1,"rotation":90,"scaleY":1,"x":2690,"y":-397,"width":9.3,"height":128.35},"className":"SignPillar"},{"params":{"x":2770,"rotation":42.00000000000006,"y":-320,"width":102,"height":90.05},"className":"Sign21"},{"params":{"x":2760,"rotation":-179.99999999999994,"y":-400,"width":68.8,"height":69.8},"className":"Sign1"},{"params":{"scaleX":1,"rotation":0,"scaleY":1,"x":3554,"y":-303,"width":77.3,"height":79.6},"className":"Dec23"},{"params":{"x":1480,"rotation":0,"y":210,"width":20.15,"height":54.65},"className":"Dec25"},{"params":{"scaleX":1,"rotation":0,"scaleY":1,"x":1480,"y":200,"width":19.15,"height":37.65},"className":"Dec12"},{"params":{"scaleX":1,"rotation":0,"scaleY":1,"x":2180,"y":200,"width":19.15,"height":37.65},"className":"Dec12"},{"params":{"x":2180,"rotation":0,"y":210,"width":20.15,"height":54.65},"className":"Dec25"},{"params":{"x":1070,"rotation":0,"y":270,"width":95,"height":72.35},"className":"Dec26"},{"params":{"x":1130,"rotation":0,"y":270,"width":51.6,"height":54.35},"className":"Dec28"},{"params":{"x":3910,"rotation":0,"y":-390,"width":20.15,"height":54.65},"className":"Dec25"},{"params":{"scaleX":1,"rotation":0,"scaleY":1,"x":3910,"y":-400,"width":19.15,"height":37.65},"className":"Dec12"},{"params":{"scaleX":1,"rotation":0,"scaleY":1,"x":4410,"y":-400,"width":19.15,"height":37.65},"className":"Dec12"},{"params":{"x":4410,"rotation":0,"y":-390,"width":20.15,"height":54.65},"className":"Dec25"},{"params":{"x":2760,"ag":true,"active":true,"y":-590,"sgos":true,"btg":true,"id":-1,"ad":-1,"width":273,"height":324.1,"scaleX":1,"scaleY":1,"safeId":-1,"rotation":0},"className":"SpikeBall200E"},{"params":{"x":2992,"ag":true,"active":true,"y":-590,"sgos":true,"btg":true,"id":-1,"ad":-1,"width":273,"height":324.1,"scaleX":1,"scaleY":1,"safeId":-1,"rotation":0},"className":"SpikeBall200E"}],[{"params":{"x":5530,"stones":false,"physic":false,"impulse":8500,"id":6,"radius":400,"y":44,"height":53.2,"width":53.2,"safeId":-1,"rotation":0,"count":40},"className":"Tnt1"},{"params":{"x":6764,"stones":false,"physic":false,"impulse":1000,"id":0,"radius":400,"y":-1074,"height":53.2,"width":53.2,"safeId":-1,"rotation":0,"count":25},"className":"Tnt1"},{"params":{"x":6884,"stones":false,"physic":false,"impulse":2000,"id":0,"radius":400,"y":-1074,"height":53.2,"width":53.2,"safeId":-1,"rotation":0,"count":25},"className":"Tnt1"},{"params":{"x":6944,"stones":false,"physic":false,"impulse":3000,"id":0,"radius":400,"y":-1074,"height":53.2,"width":53.2,"safeId":-1,"rotation":0,"count":25},"className":"Tnt1"},{"params":{"x":6824,"stones":false,"physic":false,"impulse":2000,"id":0,"radius":400,"y":-1074,"height":53.2,"width":53.2,"safeId":-1,"rotation":0,"count":25},"className":"Tnt1"},{"params":{"x":7004,"stones":false,"physic":false,"impulse":10000,"id":0,"radius":400,"y":-1074,"height":53.2,"width":53.2,"safeId":-1,"rotation":0,"count":25},"className":"Tnt1"}],null,[{"params":{"x":1260,"rotation":0,"y":230,"width":64,"height":32},"className":"PlayerWP"},{"params":{"x":3590,"rotation":0,"y":-400,"id":0,"width":128,"height":836},"className":"SafePointE"},{"params":{"x":6870,"rotation":0,"y":-730,"id":0,"width":128,"height":683},"className":"SafePointE"}],[{"params":{"x":3075,"rotation":0,"graphic":1,"id":1,"y":1146,"height":17,"width":17,"time":7.5,"safeId":-10,"snd":false,"rate":120,"useWeld":false},"className":"MotorJointE"},{"params":{"x":2917,"active":0,"y":960,"cycle":0,"body":false,"id":1,"position":0,"width":13,"height":1373,"stopOnEnd":true,"accelDist":0,"snapToGrid":true,"vertices":[{"x":0,"y":0,"length":0},{"x":0,"y":-1360,"length":1360}],"sideWait":0,"safeId":-1,"startTime":"0","rotation":0,"speed":180},"className":"frg.game.editor.objects::MoverPather"},{"params":{"x":2510,"sndId":-1,"rotation":0,"y":10,"fnl":false,"safeId":-1,"id_off":-1,"off":false,"id":1,"width":64,"height":1166},"className":"ToggleE"},{"params":{"x":6006,"sndId":-1,"rotation":0,"y":-600,"fnl":false,"safeId":-1,"id_off":-1,"off":false,"id":6,"width":64,"height":1351},"className":"ToggleE"},{"params":{"x":6834,"sndId":-1,"rotation":-45,"y":-1204,"fnl":false,"safeId":-1,"id_off":-1,"off":false,"id":0,"width":83,"height":481},"className":"ToggleE"},{"params":{"x":2760,"rotation":0,"graphic":1,"id":1,"y":-591,"height":17,"width":17,"time":0,"safeId":-1,"snd":false,"rate":-100,"useWeld":false},"className":"MotorJointE"},{"params":{"x":2992,"rotation":0,"graphic":1,"id":1,"y":-591,"height":17,"width":17,"time":0,"safeId":-1,"snd":false,"rate":100,"useWeld":false},"className":"MotorJointE"}]],"settings":{"prizes":"31,37,44","gravityY":500,"theme":6,"countdown":0}}