{"layers":[[{"params":{"x":6210,"rotation":0,"physic":true,"line":true,"plr":false,"id":-1,"graphic":true,"density":1,"isWheel":false,"isStatic":false,"ignore":false,"layer":8,"rem":true,"safeId":-1,"vertices":[{"x":10,"y":-25,"length":26.92582403567252},{"x":45,"y":-25,"length":51.478150704935004},{"x":85,"y":0,"length":85},{"x":130,"y":15,"length":130.86252328302402},{"x":275,"y":15,"length":275.40878707840824},{"x":325,"y":-5,"length":325.0384592629002},{"x":360,"y":-30,"length":361.24783736376884},{"x":405,"y":-30,"length":406.1095911204265},{"x":425,"y":-5,"length":425.0294107470682},{"x":430,"y":30,"length":431.0452412450461},{"x":415,"y":60,"length":419.3149174546501},{"x":390,"y":85,"length":399.15535822534065},{"x":340,"y":100,"length":354.400902933387},{"x":45,"y":100,"length":109.65856099730654},{"x":0,"y":85,"length":85},{"x":-15,"y":55,"length":57.0087712549569},{"x":-20,"y":25,"length":32.01562118716424},{"x":-15,"y":0,"length":15}],"y":1240},"className":"frg.game.editor.objects::LandscapeShaper"},{"params":{"x":5120,"bg":true,"rotation":0,"y":1260,"vertices":[{"x":0,"y":0,"length":0},{"x":2120,"y":0,"length":2120},{"x":2130,"y":680,"length":2235.9114472626147},{"x":10,"y":680,"length":680.0735254367721}],"viscosity":1.5,"id":-1,"sf":true,"density":2.5},"className":"frg.game.editor.objects::WaterShaper"},{"params":{"x":730,"bg":true,"rotation":0,"y":310,"vertices":[{"x":0,"y":0,"length":0},{"x":4355,"y":0,"length":4355},{"x":4315,"y":575,"length":4353.142543037156},{"x":4205,"y":1080,"length":4341.4772831376185},{"x":3855,"y":1235,"length":4047.9933300340304},{"x":-70,"y":645,"length":648.7873303325213}],"viscosity":1.5,"id":-1,"sf":true,"density":1.5},"className":"frg.game.editor.objects::WaterShaper"},{"params":{"x":5090,"rotation":0,"physic":false,"line":true,"plr":false,"id":-1,"graphic":true,"density":1,"isWheel":false,"isStatic":true,"ignore":false,"layer":2,"rem":true,"safeId":-1,"vertices":[{"x":90,"y":-975,"length":979.1450352220553},{"x":140,"y":-935,"length":945.4231856687247},{"x":195,"y":-880,"length":901.3462153911781},{"x":232,"y":-836,"length":867.5943752699184},{"x":251,"y":-786,"length":825.1042358393272},{"x":270,"y":-700,"length":750.2666192761077},{"x":270,"y":-625,"length":680.8267033540915},{"x":264,"y":-571,"length":629.0763069771425},{"x":252,"y":-515,"length":573.3489338962793},{"x":193,"y":-321,"length":374.55306700119274},{"x":173,"y":-255,"length":308.14606925936926},{"x":160,"y":-200,"length":256.12496949731394},{"x":135,"y":-64,"length":149.40214188558343},{"x":114,"y":16,"length":115.11733144926528},{"x":80,"y":80,"length":113.13708498984761},{"x":55,"y":160,"length":169.1892431568863},{"x":55,"y":245,"length":251.09759058979438},{"x":71,"y":345,"length":352.23003846918},{"x":185,"y":635,"length":661.4000302388865},{"x":-595,"y":590,"length":837.9289946051515},{"x":-490,"y":120,"length":504.47993022517755},{"x":-205,"y":-25,"length":206.51876428063383},{"x":-145,"y":-135,"length":198.11612756158948},{"x":-120,"y":-255,"length":281.82441342083905},{"x":-100,"y":-385,"length":397.77506206397607},{"x":-95,"y":-485,"length":494.2165517260627},{"x":-105,"y":-575,"length":584.5083404024274},{"x":-120,"y":-675,"length":685.5836929215864},{"x":-120,"y":-760,"length":769.4153624668538},{"x":-105,"y":-830,"length":836.6152042605968},{"x":-75,"y":-885,"length":888.1722805852477},{"x":-45,"y":-920,"length":921.0998860058555},{"x":-35,"y":-955,"length":955.6411460375699},{"x":-20,"y":-970,"length":970.2061636580135},{"x":35,"y":-1000,"length":1000.6123125366787}],"y":1270},"className":"frg.game.editor.objects::LandscapeShaper"},{"params":{"stretchTexture":false,"x":4870,"rotation":0,"physic":true,"originOffsetRatio":0,"repeatTexture":true,"snapToGrid":false,"textureOffset":0,"id":-1,"smoothing":true,"y":-280,"density":"1","height":396,"action":0,"isStatic":true,"wireframe":false,"width":16,"graphic":true,"textureMode":true,"shapeH":16,"straightSides":true,"vertices":[{"x":0,"y":0,"length":0},{"x":0,"y":383,"length":383}],"type":7,"safeId":-1},"className":"frg.game.editor.objects::DynamicPather"},{"params":{"x":6760,"rotation":0,"y":-660,"vertices":[{"x":0,"y":0,"length":0},{"x":1530,"y":0,"length":1530},{"x":1525,"y":515,"length":1609.6117544302415},{"x":-5,"y":515,"length":515.0242712727236}]},"className":"frg.game.editor.objects::FinishShaper"},{"params":{"stretchTexture":false,"x":2510,"rotation":0,"physic":true,"originOffsetRatio":0,"repeatTexture":true,"snapToGrid":false,"textureOffset":0,"id":-1,"smoothing":true,"y":-140,"density":"1","height":259,"action":0,"isStatic":true,"wireframe":false,"width":16,"graphic":true,"textureMode":true,"shapeH":16,"straightSides":true,"vertices":[{"x":0,"y":137,"length":137},{"x":0,"y":383,"length":383}],"type":7,"safeId":-1},"className":"frg.game.editor.objects::DynamicPather"},{"params":{"stretchTexture":false,"x":1558,"rotation":0,"physic":true,"originOffsetRatio":0,"repeatTexture":true,"snapToGrid":false,"textureOffset":0,"id":-1,"smoothing":true,"y":-146,"density":"1","height":270,"action":0,"isStatic":true,"wireframe":false,"width":16,"graphic":true,"textureMode":true,"shapeH":16,"straightSides":true,"vertices":[{"x":0,"y":126,"length":126},{"x":0,"y":383,"length":383}],"type":7,"safeId":-1},"className":"frg.game.editor.objects::DynamicPather"},{"params":{"x":8219,"rotation":0,"physic":true,"line":true,"plr":false,"id":-1,"graphic":true,"density":1,"isWheel":false,"isStatic":false,"ignore":false,"layer":9,"rem":true,"safeId":-1,"vertices":[{"x":150,"y":0,"length":150},{"x":144,"y":38,"length":148.92951352905172},{"x":129,"y":74,"length":148.71785366928881},{"x":106,"y":106,"length":149.90663761154806},{"x":75,"y":129,"length":149.21796138535066},{"x":38,"y":144,"length":148.92951352905172},{"x":0,"y":150,"length":150},{"x":-38,"y":144,"length":148.92951352905172},{"x":-74,"y":129,"length":148.71785366928881},{"x":-106,"y":106,"length":149.90663761154806},{"x":-129,"y":74,"length":148.71785366928881},{"x":-144,"y":38,"length":148.92951352905172},{"x":-150,"y":0,"length":150},{"x":-144,"y":-38,"length":148.92951352905172},{"x":-129,"y":-75,"length":149.21796138535066},{"x":-106,"y":-106,"length":149.90663761154806},{"x":-75,"y":-129,"length":149.21796138535066},{"x":-38,"y":-144,"length":148.92951352905172},{"x":0,"y":-150,"length":150},{"x":38,"y":-144,"length":148.92951352905172},{"x":75,"y":-129,"length":149.21796138535066},{"x":106,"y":-106,"length":149.90663761154806},{"x":129,"y":-75,"length":149.21796138535066},{"x":144,"y":-38,"length":148.92951352905172}],"y":1433},"className":"frg.game.editor.objects::LandscapeShaper"},{"params":{"stretchTexture":false,"x":2070,"rotation":0,"physic":true,"originOffsetRatio":0,"repeatTexture":true,"snapToGrid":false,"textureOffset":0,"id":-1,"smoothing":true,"y":-140,"density":"1","height":259,"action":0,"isStatic":true,"wireframe":false,"width":16,"graphic":true,"textureMode":true,"shapeH":16,"straightSides":true,"vertices":[{"x":0,"y":137,"length":137},{"x":0,"y":383,"length":383}],"type":7,"safeId":-1},"className":"frg.game.editor.objects::DynamicPather"},{"params":{"stretchTexture":false,"x":1570,"rotation":0,"physic":true,"originOffsetRatio":0,"repeatTexture":true,"snapToGrid":true,"textureOffset":0,"id":-1,"smoothing":true,"y":240,"density":"1","height":289.05,"action":0,"isStatic":true,"wireframe":false,"width":1392.35,"graphic":true,"textureMode":true,"shapeH":17,"straightSides":true,"vertices":[{"x":32,"y":7,"length":32.7566787083184},{"x":56,"y":25,"length":61.326992425847855},{"x":70,"y":42,"length":81.6333265278342},{"x":78,"y":64,"length":100.89598604503551},{"x":79,"y":85,"length":116.04309544302927},{"x":74,"y":106,"length":129.2749008895385},{"x":63,"y":125,"length":139.97856978837868},{"x":48,"y":140,"length":148},{"x":28,"y":152,"length":154.55743269089325},{"x":5,"y":156,"length":156.08010763707205},{"x":-19,"y":154,"length":155.16765126791086},{"x":-41,"y":145,"length":150.68510211696443},{"x":-56,"y":133,"length":144.30869689661813},{"x":-68,"y":117,"length":135.32553343696821},{"x":-76,"y":95,"length":121.65936051122412},{"x":-77,"y":74,"length":106.7941945987702},{"x":-73,"y":55,"length":91.40021881811882},{"x":-64,"y":36,"length":73.43023900274328},{"x":-50,"y":19,"length":53.48831648126533},{"x":-29,"y":6,"length":29.614185789921695},{"x":-1,"y":0,"length":1},{"x":70,"y":0,"length":70},{"x":145,"y":0,"length":145},{"x":210,"y":0,"length":210},{"x":265,"y":0,"length":265},{"x":325,"y":0,"length":325},{"x":400,"y":0,"length":400},{"x":470,"y":0,"length":470},{"x":535,"y":0,"length":535},{"x":600,"y":0,"length":600},{"x":670,"y":0,"length":670},{"x":745,"y":0,"length":745},{"x":820,"y":0,"length":820},{"x":885,"y":0,"length":885},{"x":970,"y":0,"length":970},{"x":1045,"y":0,"length":1045},{"x":1100,"y":0,"length":1100},{"x":1140,"y":-5,"length":1140.010964859549},{"x":1173,"y":-13,"length":1173.0720352987705},{"x":1211,"y":-29,"length":1211.3471839237502},{"x":1242,"y":-52,"length":1243.0880902011731},{"x":1275,"y":-85,"length":1277.8301921616971},{"x":1300,"y":-118,"length":1305.344398999743}],"type":4,"safeId":-1},"className":"frg.game.editor.objects::DynamicPather"},{"params":{"stretchTexture":false,"x":5050,"rotation":0,"physic":true,"originOffsetRatio":0,"repeatTexture":true,"snapToGrid":false,"textureOffset":0,"id":-1,"smoothing":true,"y":-140,"density":"1","height":396,"action":0,"isStatic":true,"wireframe":false,"width":16,"graphic":true,"textureMode":true,"shapeH":16,"straightSides":true,"vertices":[{"x":0,"y":0,"length":0},{"x":0,"y":383,"length":383}],"type":7,"safeId":-1},"className":"frg.game.editor.objects::DynamicPather"},{"params":{"stretchTexture":false,"x":4500,"rotation":0,"physic":true,"originOffsetRatio":0,"repeatTexture":true,"snapToGrid":false,"textureOffset":0,"id":-1,"smoothing":true,"y":-140,"density":"1","height":396,"action":0,"isStatic":true,"wireframe":false,"width":16,"graphic":true,"textureMode":true,"shapeH":16,"straightSides":true,"vertices":[{"x":0,"y":0,"length":0},{"x":0,"y":383,"length":383}],"type":7,"safeId":-1},"className":"frg.game.editor.objects::DynamicPather"},{"params":{"stretchTexture":false,"x":3900,"rotation":0,"physic":true,"originOffsetRatio":0,"repeatTexture":true,"snapToGrid":false,"textureOffset":0,"id":-1,"smoothing":true,"y":-140,"density":"1","height":396,"action":0,"isStatic":true,"wireframe":false,"width":16,"graphic":true,"textureMode":true,"shapeH":16,"straightSides":true,"vertices":[{"x":0,"y":0,"length":0},{"x":0,"y":383,"length":383}],"type":7,"safeId":-1},"className":"frg.game.editor.objects::DynamicPather"},{"params":{"x":130,"rotation":0,"physic":true,"line":true,"plr":false,"id":-1,"graphic":true,"density":1,"isWheel":false,"isStatic":true,"ignore":false,"layer":2,"rem":true,"safeId":-1,"vertices":[{"x":155,"y":-150,"length":215.6965461012299},{"x":165,"y":-90,"length":187.94946129212502},{"x":185,"y":-40,"length":189.274932307477},{"x":215,"y":-15,"length":215.52262062252305},{"x":240,"y":0,"length":240},{"x":570,"y":-1,"length":570.0008771923075},{"x":664,"y":-31,"length":664.7232506840722},{"x":695,"y":-15,"length":695.1618516575834},{"x":720,"y":16,"length":720.1777558353216},{"x":715,"y":56,"length":717.1896541361984},{"x":690,"y":95,"length":696.5091528472544},{"x":655,"y":110,"length":664.1724173736817},{"x":625,"y":130,"length":638.3768479511142},{"x":600,"y":170,"length":623.6184731067545},{"x":598,"y":218,"length":636.4966614209378},{"x":601,"y":296,"length":669.9380568380931},{"x":609,"y":350,"length":702.4108484355862},{"x":735,"y":770,"length":1064.4834428021884},{"x":0,"y":770,"length":770},{"x":-135,"y":115,"length":177.341478509682},{"x":-145,"y":60,"length":156.92354826475216},{"x":-160,"y":20,"length":161.24515496597098},{"x":55,"y":-455,"length":458.31212072123947},{"x":95,"y":-410,"length":420.86221023037933},{"x":155,"y":-300,"length":337.6758800980609},{"x":150,"y":-225,"length":270.4163456597992}],"y":200},"className":"frg.game.editor.objects::LandscapeShaper"},{"params":{"x":146,"physic":false,"lineId":0,"y":310,"height":1520.5,"isRoad":false,"direction":90,"width":10453,"textureMode":true,"cameraOffsetY":100,"straightSides":true,"directed":false,"originOffsetRatio":0,"thick":128,"stretchTexture":false,"camera":true,"rotation":0,"repeatTexture":true,"textureOffset":0,"snapToGrid":true,"line":false,"wireframe":false,"vertices":[{"x":0,"y":0,"length":0},{"x":4455,"y":0,"length":4455},{"x":5135,"y":900,"length":5213.273923361404},{"x":5225,"y":935,"length":5307.9986812357065},{"x":5460,"y":980,"length":5547.251571724506},{"x":7840,"y":935,"length":7895.557295086902},{"x":8310,"y":1245,"length":8402.745087172405},{"x":8555,"y":1425,"length":8672.868614247538},{"x":8790,"y":1480,"length":8913.725371582861},{"x":9000,"y":1450,"length":9116.057261777154},{"x":9200,"y":1365,"length":9300.71099432726},{"x":9390,"y":1160,"length":9461.379392033701},{"x":9665,"y":775,"length":9696.022380337206},{"x":10440,"y":335,"length":10445.373377720874}],"smoothing":true,"shape":false},"className":"frg.game.editor.objects::GroundPather"},{"params":{"stretchTexture":false,"x":3710,"rotation":0,"physic":true,"originOffsetRatio":0,"repeatTexture":true,"snapToGrid":true,"textureOffset":0,"id":-1,"smoothing":true,"y":127,"density":"1","height":1115,"action":0,"isStatic":true,"wireframe":false,"width":1828.3,"graphic":true,"textureMode":true,"shapeH":17,"straightSides":true,"vertices":[{"x":-28,"y":5,"length":28.442925306655784},{"x":-4,"y":37,"length":37.21558813185679},{"x":24,"y":63,"length":67.4166151627327},{"x":56,"y":84,"length":100.9554357129917},{"x":93,"y":99,"length":135.83077707206124},{"x":128,"y":108,"length":167.47537132366656},{"x":172,"y":112,"length":205.25106577068},{"x":225,"y":115,"length":252.68557536986555},{"x":300,"y":115,"length":321.2864765283469},{"x":380,"y":115,"length":397.0201506221063},{"x":465,"y":115,"length":479.0093944798995},{"x":550,"y":115,"length":561.8941181397079},{"x":625,"y":115,"length":635.4919354327009},{"x":705,"y":115,"length":714.3178564196754},{"x":795,"y":115,"length":803.2745483332582},{"x":875,"y":115,"length":882.5247871873062},{"x":960,"y":115,"length":966.8634857103665},{"x":1040,"y":115,"length":1046.33885524719},{"x":1125,"y":115,"length":1130.862502694293},{"x":1205,"y":115,"length":1210.4751133336033},{"x":1270,"y":115,"length":1275.1960633565334},{"x":1321,"y":115,"length":1325.9962292555738},{"x":1365,"y":121,"length":1370.3525093931123},{"x":1410,"y":133,"length":1416.2588040326527},{"x":1452,"y":152,"length":1459.9342450946208},{"x":1491,"y":177,"length":1501.4692804050305},{"x":1528,"y":206,"length":1541.8235956165672},{"x":1559,"y":235,"length":1576.612190743177},{"x":1587,"y":267,"length":1609.3035760850096},{"x":1611,"y":305,"length":1639.6176383535278},{"x":1633,"y":353,"length":1670.717809805115},{"x":1648,"y":402,"length":1696.3219034133822},{"x":1655,"y":454,"length":1716.1413111978861},{"x":1655,"y":512,"length":1732.3882359332738},{"x":1648,"y":567,"length":1742.811808543883},{"x":1636,"y":616,"length":1748.1281417562043},{"x":1617,"y":684,"length":1755.7178019260384},{"x":1596,"y":755,"length":1765.5710124489472},{"x":1575,"y":825,"length":1777.9904386694548},{"x":1551,"y":902,"length":1794.2143127285547},{"x":1545,"y":934,"length":1805.37558419294},{"x":1544,"y":962,"length":1819.170140476146},{"x":1550,"y":991,"length":1839.7230769874036},{"x":1558,"y":1014,"length":1858.913661254874},{"x":1569,"y":1033,"length":1878.5233562561846},{"x":1584,"y":1053,"length":1902.0686107498857},{"x":1602,"y":1070,"length":1926.4745002205455},{"x":1625,"y":1086,"length":1954.487400829179},{"x":1653,"y":1099,"length":1984.9962216588726},{"x":1681,"y":1105,"length":2011.6624965435926},{"x":1708,"y":1105,"length":2034.278496174995},{"x":1737,"y":1100,"length":2056.008025276166},{"x":1764,"y":1091,"length":2074.1207775826365},{"x":1787,"y":1077,"length":2086.455846645215}],"type":4,"safeId":-1},"className":"frg.game.editor.objects::DynamicPather"},{"params":{"x":1580,"rotation":0,"physic":true,"line":true,"plr":false,"id":-1,"graphic":true,"density":1,"isWheel":false,"isStatic":true,"ignore":false,"layer":2,"rem":true,"safeId":-1,"vertices":[{"x":0,"y":-605,"length":605},{"x":995,"y":-600,"length":1161.9057620994915},{"x":1010,"y":-350,"length":1068.9246933250256},{"x":1008,"y":-230,"length":1033.9071525045176},{"x":990,"y":-160,"length":1002.8459502834919},{"x":970,"y":-120,"length":977.3944955850734},{"x":957,"y":-66,"length":959.2731623474098},{"x":960,"y":-25,"length":960.3254656625534},{"x":978,"y":5,"length":978.0127811025784},{"x":1015,"y":40,"length":1015.7878715558677},{"x":1012,"y":72,"length":1014.5580318542651},{"x":995,"y":105,"length":1000.5248622598041},{"x":968,"y":117,"length":975.0451271607894},{"x":936,"y":120,"length":943.6609560642},{"x":906,"y":97,"length":911.1778092117916},{"x":880,"y":55,"length":881.7170748034769},{"x":831,"y":25,"length":831.3759678990006},{"x":780,"y":20,"length":780.2563681252464},{"x":743,"y":25,"length":743.4204732182186},{"x":696,"y":46,"length":697.51845853712},{"x":613,"y":92,"length":619.8653079500417},{"x":570,"y":109,"length":580.3283553299804},{"x":495,"y":120,"length":509.33780539048934},{"x":447,"y":111,"length":460.575726672607},{"x":403,"y":91,"length":413.14646313383827},{"x":361,"y":73,"length":368.30693721405794},{"x":278,"y":53,"length":283.0070670495703},{"x":190,"y":41,"length":194.3733520830466},{"x":110,"y":53,"length":122.10241602851272},{"x":45,"y":70,"length":83.21658488546619},{"x":-30,"y":95,"length":99.62429422585637},{"x":-74,"y":103,"length":126.82665335015349},{"x":-142,"y":83,"length":164.47796204963143},{"x":-165,"y":50,"length":172.40939649566667},{"x":-157,"y":-10,"length":157.31814898478814},{"x":-125,"y":-60,"length":138.6542462386205},{"x":-95,"y":-98,"length":136.48809471891678},{"x":-70,"y":-170,"length":183.84776310850236},{"x":-10,"y":-295,"length":295.16944286290885}],"y":-100},"className":"frg.game.editor.objects::LandscapeShaper"},{"params":{"x":3840,"rotation":0,"physic":false,"line":true,"plr":false,"id":-1,"graphic":true,"density":1,"isWheel":false,"isStatic":true,"ignore":false,"layer":2,"rem":true,"safeId":-1,"vertices":[{"x":-20,"y":-1185,"length":1185.1687643538367},{"x":730,"y":-1680,"length":1831.7477992343815},{"x":2470,"y":-740,"length":2578.4685377176893},{"x":4405,"y":-695,"length":4459.489881141116},{"x":4400,"y":-125,"length":4401.775210071501},{"x":2955,"y":-125,"length":2957.64264237585},{"x":2950,"y":500,"length":2992.072860075436},{"x":2840,"y":498,"length":2883.3321001924146},{"x":2767,"y":510,"length":2813.6078262615065},{"x":2712,"y":546,"length":2766.4164545490976},{"x":2641,"y":563,"length":2700.342570860223},{"x":2576,"y":550,"length":2634.0607434150033},{"x":2523,"y":556,"length":2583.537303775581},{"x":2486,"y":592,"length":2555.5156035524415},{"x":2480,"y":652,"length":2564.2745562829264},{"x":2495,"y":720,"length":2596.810543724744},{"x":2505,"y":768,"length":2620.0856856217506},{"x":2484,"y":820,"length":2615.8470903323077},{"x":2435,"y":851,"length":2579.4235790191574},{"x":2377,"y":864,"length":2529.1549972273347},{"x":2335,"y":901,"length":2502.8036279340813},{"x":2312,"y":935,"length":2493.9063735433215},{"x":2260,"y":954,"length":2453.103340668713},{"x":2151,"y":970,"length":2359.5976351912204},{"x":2048,"y":1000,"length":2279.101577376489},{"x":1964,"y":1032,"length":2218.630208033777},{"x":1875,"y":1061,"length":2154.3783326054872},{"x":1797,"y":1102,"length":2107.9879031910978},{"x":1746,"y":1131,"length":2080.306948505436},{"x":1702,"y":1134,"length":2045.1796987062041},{"x":1654,"y":1115,"length":1994.7283023008422},{"x":1641,"y":1087,"length":1968.362263405799},{"x":1664,"y":1022,"length":1952.7877508833365},{"x":1680,"y":965,"length":1937.4274179953168},{"x":1718,"y":923,"length":1950.2443436656854},{"x":1755,"y":875,"length":1961.032891106113},{"x":1760,"y":815,"length":1939.5424718216407},{"x":1760,"y":690,"length":1890.4232330353962},{"x":1780,"y":605,"length":1880.0066489244127},{"x":1778,"y":544,"length":1859.3601049823565},{"x":1772,"y":492,"length":1839.034529311508},{"x":1757,"y":438,"length":1810.7713825880946},{"x":1725,"y":370,"length":1764.2349616760234},{"x":1645,"y":270,"length":1667.0107978054612},{"x":1562,"y":225,"length":1578.121985145635},{"x":1508,"y":181,"length":1518.8235578894607},{"x":1470,"y":125,"length":1475.3050532008626},{"x":1443,"y":88,"length":1445.6808084774455},{"x":1397,"y":52,"length":1397.9674531261448},{"x":1336,"y":27,"length":1336.2728014892768},{"x":1282,"y":27,"length":1282.2842898515134},{"x":1235,"y":45,"length":1235.8195661179668},{"x":1192,"y":49,"length":1193.006705764892},{"x":1134,"y":30,"length":1134.3967559897198},{"x":1075,"y":20,"length":1075.1860304152021},{"x":1035,"y":35,"length":1035.5916183515585},{"x":970,"y":75,"length":972.8951639308318},{"x":902,"y":89,"length":906.3801630662489},{"x":830,"y":85,"length":834.3410573620358},{"x":780,"y":70,"length":783.1347265956223},{"x":738,"y":45,"length":739.3706783474714},{"x":688,"y":43,"length":689.3424403009001},{"x":620,"y":60,"length":622.8964600958975},{"x":570,"y":70,"length":574.2821606144491},{"x":510,"y":55,"length":512.9571132170797},{"x":440,"y":40,"length":441.81444068749045},{"x":375,"y":45,"length":377.69034936042516},{"x":290,"y":60,"length":296.1418578992169},{"x":210,"y":70,"length":221.35943621178654},{"x":155,"y":70,"length":170.07351351694948},{"x":90,"y":60,"length":108.16653826391968},{"x":45,"y":30,"length":54.08326913195984},{"x":30,"y":-20,"length":36.05551275463989},{"x":40,"y":-70,"length":80.62257748298549},{"x":25,"y":-115,"length":117.6860229593982},{"x":0,"y":-170,"length":170},{"x":0,"y":-220,"length":220},{"x":25,"y":-270,"length":271.15493725912495},{"x":65,"y":-325,"length":331.436268383531},{"x":85,"y":-370,"length":379.63798545456433},{"x":90,"y":-430,"length":439.31765272977594},{"x":80,"y":-490,"length":496.4876634922564}],"y":-140},"className":"frg.game.editor.objects::LandscapeShaper"},{"params":{"stretchTexture":false,"x":8051,"rotation":0,"physic":false,"originOffsetRatio":0,"repeatTexture":true,"snapToGrid":false,"textureOffset":0,"id":-1,"smoothing":true,"y":1313,"density":"1","height":129.9,"action":0,"isStatic":true,"wireframe":false,"width":177,"graphic":true,"textureMode":true,"shapeH":17,"straightSides":true,"vertices":[{"x":0,"y":0,"length":0},{"x":164,"y":116,"length":200.8780724718355}],"type":4,"safeId":-1},"className":"frg.game.editor.objects::DynamicPather"},{"params":{"x":7150,"rotation":0,"physic":true,"line":true,"plr":false,"id":-1,"graphic":true,"density":1,"isWheel":false,"isStatic":true,"ignore":false,"layer":2,"rem":true,"safeId":-1,"vertices":[{"x":0,"y":0,"length":0},{"x":120,"y":0,"length":120},{"x":920,"y":0,"length":920},{"x":920,"y":108,"length":926.3174401899167},{"x":880,"y":140,"length":891.0667763978186},{"x":875,"y":168,"length":890.9820424677481},{"x":873,"y":208,"length":897.4369058602393},{"x":890,"y":260,"length":927.200086281273},{"x":930,"y":320,"length":983.5141076771598},{"x":987,"y":362,"length":1051.2911109678423},{"x":1057,"y":375,"length":1121.5498205608167},{"x":1147,"y":357,"length":1201.2734909253595},{"x":1197,"y":322,"length":1239.5535486617753},{"x":1240,"y":240,"length":1263.0122723077554},{"x":1447,"y":431,"length":1509.8244931116994},{"x":1517,"y":474,"length":1589.3284745451458},{"x":1593,"y":511,"length":1672.952479898936},{"x":1649,"y":531,"length":1732.3862155997433},{"x":1722,"y":545,"length":1806.1863137561418},{"x":1798,"y":553,"length":1881.1201450199826},{"x":1868,"y":551,"length":1947.5689974940553},{"x":1944,"y":545,"length":2018.9504699224299},{"x":2015,"y":527,"length":2082.7755519978623},{"x":2072,"y":507,"length":2133.1275161133713},{"x":2145,"y":470,"length":2195.8882029830206},{"x":2207,"y":424,"length":2247.35956179691},{"x":2263,"y":370,"length":2293.0479715871625},{"x":2317,"y":320,"length":2338.993159459856},{"x":2369,"y":239,"length":2381.0254093562294},{"x":2402,"y":174,"length":2408.294001985638},{"x":2428,"y":92,"length":2429.7423731745716},{"x":2442,"y":15,"length":2442.046068361529},{"x":2444,"y":-55,"length":2444.618784187015},{"x":2441,"y":-121,"length":2443.997135841202},{"x":2433,"y":-184,"length":2439.9477453421005},{"x":2419,"y":-247,"length":2431.5776771470823},{"x":2392,"y":-318,"length":2413.045378769326},{"x":2358,"y":-380,"length":2388.4229106253356},{"x":2313,"y":-439,"length":2354.291825581527},{"x":2277,"y":-484,"length":2327.871345242258},{"x":2222,"y":-534,"length":2285.2658488674792},{"x":2145,"y":-587,"length":2223.8691508269994},{"x":2100,"y":-616,"length":2188.4825793229425},{"x":2085,"y":-653,"length":2184.8647555398024},{"x":2051,"y":-713,"length":2171.3981670803723},{"x":2005,"y":-772,"length":2148.489934814683},{"x":1948,"y":-829,"length":2117.0604620558197},{"x":1886,"y":-875,"length":2079.0913880827848},{"x":1835,"y":-903,"length":2045.14889433508},{"x":1782,"y":-926,"length":2008.2330542046159},{"x":1714,"y":-946,"length":1957.731340097512},{"x":1653,"y":-955,"length":1909.0400729162288},{"x":1592,"y":-957,"length":1857.5018169573887},{"x":1527,"y":-953,"length":1799.9827776953866},{"x":1466,"y":-942,"length":1742.561333210398},{"x":1403,"y":-922,"length":1678.8367996919771},{"x":1348,"y":-901,"length":1621.3898359123878},{"x":1312,"y":-915,"length":1599.5527499898215},{"x":1267,"y":-918,"length":1564.61273163681},{"x":1230,"y":-920,"length":1536.0013020827814},{"x":1184,"y":-912,"length":1494.5233353815524},{"x":1152,"y":-923,"length":1476.1548021803133},{"x":1116,"y":-943,"length":1461.0629692111152},{"x":1092,"y":-984,"length":1469.938774235172},{"x":1080,"y":-2107,"length":2367.667417522993},{"x":1897,"y":-2100,"length":2829.9485861054086},{"x":2860,"y":-2100,"length":3548.1826334054454},{"x":4363,"y":-430,"length":4384.138341795341},{"x":3816,"y":906,"length":3922.0775107078134},{"x":-176,"y":1073,"length":1087.33849375436},{"x":30,"y":330,"length":331.3608305156178},{"x":25,"y":285,"length":286.09439001839934},{"x":20,"y":228,"length":228.87551201471948},{"x":9,"y":168,"length":168.24089871371942},{"x":-14,"y":140,"length":140.69825869569246},{"x":-37,"y":104,"length":110.38568747804219},{"x":-44,"y":61,"length":75.21303078589507},{"x":-25,"y":25,"length":35.35533905932738}],"y":1220},"className":"frg.game.editor.objects::LandscapeShaper"},{"params":{"x":8859,"rotation":0,"physic":true,"line":true,"plr":false,"id":-1,"graphic":true,"density":1,"isWheel":false,"isStatic":false,"ignore":false,"layer":9,"rem":true,"safeId":-1,"vertices":[{"x":150,"y":0,"length":150},{"x":144,"y":38,"length":148.92951352905172},{"x":129,"y":74,"length":148.71785366928881},{"x":106,"y":106,"length":149.90663761154806},{"x":75,"y":129,"length":149.21796138535066},{"x":38,"y":144,"length":148.92951352905172},{"x":0,"y":150,"length":150},{"x":-38,"y":144,"length":148.92951352905172},{"x":-74,"y":129,"length":148.71785366928881},{"x":-106,"y":106,"length":149.90663761154806},{"x":-129,"y":74,"length":148.71785366928881},{"x":-144,"y":38,"length":148.92951352905172},{"x":-150,"y":0,"length":150},{"x":-144,"y":-38,"length":148.92951352905172},{"x":-129,"y":-75,"length":149.21796138535066},{"x":-106,"y":-106,"length":149.90663761154806},{"x":-75,"y":-129,"length":149.21796138535066},{"x":-38,"y":-144,"length":148.92951352905172},{"x":0,"y":-150,"length":150},{"x":38,"y":-144,"length":148.92951352905172},{"x":75,"y":-129,"length":149.21796138535066},{"x":106,"y":-106,"length":149.90663761154806},{"x":129,"y":-75,"length":149.21796138535066},{"x":144,"y":-38,"length":148.92951352905172}],"y":1433},"className":"frg.game.editor.objects::LandscapeShaper"},{"params":{"x":7150,"rotation":0,"physic":true,"line":true,"plr":false,"id":-1,"graphic":true,"density":1,"isWheel":false,"isStatic":true,"ignore":false,"layer":2,"rem":true,"safeId":-1,"vertices":[{"x":1105,"y":-640,"length":1276.9592789122134},{"x":1075,"y":-547,"length":1206.1649970049702},{"x":1063,"y":-475,"length":1164.299789573115},{"x":1060,"y":-411,"length":1136.8909358421326},{"x":1062,"y":-349,"length":1117.8752166498728},{"x":1076,"y":-283,"length":1112.5938162689922},{"x":1095,"y":-229,"length":1118.6894117671804},{"x":1060,"y":-205,"length":1079.6411440844593},{"x":1015,"y":-210,"length":1036.4965026472594},{"x":970,"y":-225,"length":995.7534835490158},{"x":915,"y":-255,"length":949.8684119392539},{"x":855,"y":-295,"length":904.4611655565981},{"x":795,"y":-305,"length":851.4986788010889},{"x":738,"y":-312,"length":801.2415366167683},{"x":670,"y":-320,"length":742.4957912338629},{"x":615,"y":-320,"length":693.2712311931024},{"x":540,"y":-315,"length":625.1599795252412},{"x":485,"y":-320,"length":581.0550748423078},{"x":430,"y":-340,"length":548.1788029466298},{"x":380,"y":-375,"length":533.8773267333986},{"x":345,"y":-430,"length":551.2939324897382},{"x":315,"y":-470,"length":565.795899596312},{"x":305,"y":-515,"length":598.5398900658167},{"x":325,"y":-725,"length":794.5124291035352},{"x":390,"y":-585,"length":703.0824987154779},{"x":445,"y":-555,"length":711.3719139803032},{"x":590,"y":-555,"length":810.0154319517623},{"x":990,"y":-640,"length":1178.8553770501283}],"y":1220},"className":"frg.game.editor.objects::LandscapeShaper"},{"params":{"x":7590,"rotation":0,"physic":true,"line":true,"plr":false,"id":-1,"graphic":false,"density":1,"isWheel":false,"isStatic":false,"ignore":false,"layer":0,"rem":true,"safeId":-1,"vertices":[{"x":0,"y":0,"length":0},{"x":165,"y":0,"length":165},{"x":165,"y":60,"length":175.57049866079439},{"x":-5,"y":60,"length":60.207972893961475},{"x":-95,"y":5,"length":95.13148795220224},{"x":-80,"y":-50,"length":94.33981132056604}],"y":664},"className":"frg.game.editor.objects::LandscapeShaper"},{"params":{"stretchTexture":false,"x":8240,"rotation":0,"physic":true,"originOffsetRatio":0,"repeatTexture":true,"snapToGrid":false,"textureOffset":0,"id":-1,"smoothing":true,"y":-250,"density":"1","height":64,"action":0,"isStatic":true,"wireframe":false,"width":1462,"graphic":true,"textureMode":true,"shapeH":64,"straightSides":true,"vertices":[{"x":0,"y":0,"length":0},{"x":-1449,"y":0,"length":1449}],"type":5,"safeId":-1},"className":"frg.game.editor.objects::DynamicPather"},{"params":{"stretchTexture":false,"x":8871,"rotation":0,"physic":false,"originOffsetRatio":0,"repeatTexture":true,"snapToGrid":false,"textureOffset":0,"id":-1,"smoothing":true,"y":1423,"density":"1","height":117.7,"action":0,"isStatic":true,"wireframe":false,"width":191,"graphic":true,"textureMode":true,"shapeH":17,"straightSides":true,"vertices":[{"x":-5,"y":5,"length":7.0710678118654755},{"x":173,"y":-98,"length":198.82907232092595}],"type":4,"safeId":-1},"className":"frg.game.editor.objects::DynamicPather"},{"params":{"x":7150,"rotation":0,"physic":true,"line":true,"plr":false,"id":-1,"graphic":true,"density":1,"isWheel":false,"isStatic":true,"ignore":false,"layer":2,"rem":true,"safeId":-1,"vertices":[{"x":1955,"y":270,"length":1973.5564344603881},{"x":1925,"y":225,"length":1938.1047443314305},{"x":1900,"y":180,"length":1908.507270093567},{"x":1880,"y":130,"length":1884.4893207444823},{"x":1870,"y":61,"length":1870.9946552569304},{"x":1895,"y":25,"length":1895.1649004770006},{"x":1961,"y":-26,"length":1961.1723534661608},{"x":2005,"y":-68,"length":2006.1527858067043},{"x":2042,"y":-115,"length":2045.2356832404425},{"x":2075,"y":-165,"length":2081.5499033172373},{"x":2099,"y":-217,"length":2110.187195487642},{"x":2118,"y":-270,"length":2135.140276422137},{"x":2130,"y":-329,"length":2155.2589171605346},{"x":2135,"y":-370,"length":2166.823712257183},{"x":2165,"y":-355,"length":2193.9120310532053},{"x":2181,"y":-318,"length":2204.0610245635216},{"x":2204,"y":-278,"length":2221.463481581455},{"x":2225,"y":-222,"length":2236.0476291886093},{"x":2212,"y":-164,"length":2218.071234203266},{"x":2200,"y":-134,"length":2204.0771311367484},{"x":2197,"y":-105,"length":2199.507672184846},{"x":2205,"y":-86,"length":2206.6764601998184},{"x":2236,"y":-52,"length":2236.604569431083},{"x":2247,"y":8,"length":2247.0142411653737},{"x":2231,"y":49,"length":2231.5380346299276},{"x":2197,"y":74,"length":2198.2458916144938},{"x":2148,"y":87,"length":2149.7611495233605},{"x":2115,"y":110,"length":2117.8585882914845},{"x":2090,"y":145,"length":2095.023866212507},{"x":2065,"y":210,"length":2075.650500445583},{"x":2040,"y":270,"length":2057.7900767571023},{"x":2000,"y":285,"length":2020.2041975998368}],"y":1220},"className":"frg.game.editor.objects::LandscapeShaper"}],[{"params":{"scaleX":1,"rotation":0,"scaleY":1,"x":7350,"y":1156,"width":9.3,"height":128.35},"className":"SignPillar"},{"params":{"x":8113,"active":true,"y":1232,"safeId":-1,"id":-1,"rotation":0,"width":85.95,"height":17.05},"className":"PlankBone"},{"params":{"x":8183,"active":true,"y":1232,"safeId":-1,"id":-1,"rotation":0,"width":85.95,"height":17.05},"className":"PlankBone"},{"params":{"x":8253,"active":true,"y":1232,"safeId":-1,"id":-1,"rotation":0,"width":85.95,"height":17.05},"className":"PlankBone"},{"params":{"x":8323,"active":true,"y":1232,"safeId":-1,"id":-1,"rotation":0,"width":85.95,"height":17.05},"className":"PlankBone"},{"params":{"x":8393,"active":true,"y":1232,"safeId":-1,"id":-1,"rotation":0,"width":85.95,"height":17.05},"className":"PlankBone"},{"params":{"x":8463,"active":true,"y":1232,"safeId":-1,"id":-1,"rotation":0,"width":85.95,"height":17.05},"className":"PlankBone"},{"params":{"x":8573,"active":true,"y":1232,"safeId":-1,"id":-1,"rotation":0,"width":85.95,"height":17.05},"className":"PlankBone"},{"params":{"x":8643,"active":true,"y":1232,"safeId":-1,"id":-1,"rotation":0,"width":85.95,"height":17.05},"className":"PlankBone"},{"params":{"x":8713,"active":true,"y":1232,"safeId":-1,"id":-1,"rotation":0,"width":85.95,"height":17.05},"className":"PlankBone"},{"params":{"x":8783,"active":true,"y":1232,"safeId":-1,"id":-1,"rotation":0,"width":85.95,"height":17.05},"className":"PlankBone"},{"params":{"x":8853,"active":true,"y":1232,"safeId":-1,"id":-1,"rotation":0,"width":85.95,"height":17.05},"className":"PlankBone"},{"params":{"x":8923,"active":true,"y":1232,"safeId":-1,"id":-1,"rotation":0,"width":85.95,"height":17.05},"className":"PlankBone"},{"params":{"x":8993,"active":true,"y":1232,"safeId":-1,"id":-1,"rotation":0,"width":85.95,"height":17.05},"className":"PlankBone"},{"params":{"x":3900,"ag":true,"active":true,"y":130,"sgos":true,"btg":true,"id":-1,"ad":-1,"width":260.3,"height":260.3,"scaleX":1,"scaleY":1,"safeId":-1,"rotation":0},"className":"SpikeBall200E"},{"params":{"x":4160,"ag":true,"active":true,"y":130,"sgos":true,"btg":true,"id":-1,"ad":-1,"width":260.3,"height":260.3,"scaleX":1,"scaleY":1,"safeId":-1,"rotation":0},"className":"SpikeBall200E"}],[{"params":{"x":4029,"stones":false,"physic":false,"impulse":18500,"id":1,"radius":65,"y":141,"height":53.2,"width":53.2,"safeId":-1,"rotation":0,"count":30},"className":"Tnt1"},{"params":{"x":4290,"stones":false,"physic":false,"impulse":8500,"id":2,"radius":65,"y":140,"height":53.2,"width":53.2,"safeId":-1,"rotation":0,"count":30},"className":"Tnt1"},{"params":{"speed":1000,"x":5485,"rotation":-179.99999999999994,"y":610,"safeId":-1,"id":-1,"rate":1,"width":230,"height":128},"className":"GeyserE"},{"params":{"speed":1000,"x":5403,"rotation":141.00000000000006,"y":278,"safeId":-1,"id":-1,"rate":1,"width":304,"height":128},"className":"GeyserE"},{"params":{"speed":1000,"x":5416,"rotation":-163.99999999999997,"y":860,"safeId":-1,"id":-1,"rate":1,"width":180,"height":128},"className":"GeyserE"},{"params":{"x":8518,"stones":false,"physic":true,"impulse":1,"id":8,"radius":1,"y":1250,"height":53.2,"width":53.2,"safeId":-1,"rotation":0,"count":1},"className":"Tnt1"},{"params":{"x":9270,"rotation":-102,"y":663,"safeId":-1,"width":132,"ttl":1,"height":18},"className":"GlassCrashed0"},{"params":{"x":9289,"rotation":-95,"y":792,"safeId":-1,"width":132,"ttl":1,"height":18},"className":"GlassCrashed0"},{"params":{"x":8274,"rotation":120,"y":531,"safeId":-1,"width":132,"ttl":1,"height":18},"className":"GlassCrashed0"},{"params":{"x":8349,"rotation":133,"y":431,"safeId":-1,"width":132,"ttl":1,"height":18},"className":"GlassCrashed0"},{"params":{"x":9550,"rotation":0,"y":1230,"time":1,"safeId":-1,"force":6500,"width":64.1,"height":64.1},"className":"BoostE"},{"params":{"x":8443,"rotation":143.99999999999994,"y":348,"safeId":-1,"width":132,"ttl":1,"height":18},"className":"GlassCrashed0"},{"params":{"x":7550,"stones":false,"physic":false,"impulse":1,"id":9,"radius":1,"y":690,"height":53.2,"width":53.2,"safeId":-1,"rotation":0,"count":1},"className":"Tnt1"},{"params":{"x":7610,"stones":false,"physic":false,"impulse":1,"id":9,"radius":1,"y":690,"height":53.2,"width":53.2,"safeId":-1,"rotation":0,"count":1},"className":"Tnt1"},{"params":{"x":7670,"stones":false,"physic":false,"impulse":1,"id":9,"radius":1,"y":690,"height":53.2,"width":53.2,"safeId":-1,"rotation":0,"count":1},"className":"Tnt1"},{"params":{"x":7730,"stones":false,"physic":false,"impulse":1,"id":9,"radius":1,"y":690,"height":53.2,"width":53.2,"safeId":-1,"rotation":0,"count":1},"className":"Tnt1"}],null,[{"params":{"x":450,"rotation":0,"y":130,"width":64,"height":32},"className":"PlayerWP"},{"params":{"x":4870,"rotation":0,"y":90,"id":0,"width":128,"height":1005},"className":"SafePointE"},{"params":{"x":7350,"rotation":0,"y":1080,"id":0,"width":128,"height":971},"className":"SafePointE"}],[{"params":{"x":3990,"rotation":0,"graphic":0,"safeId":-1,"id":1,"y":140,"width":17,"height":17},"className":"PivotJointE"},{"params":{"x":2830,"sndId":-1,"rotation":0,"y":-130,"fnl":false,"safeId":-1,"id_off":-1,"off":false,"id":1,"width":64,"height":1335},"className":"ToggleE"},{"params":{"x":4080,"rotation":0,"graphic":0,"safeId":-1,"id":2,"y":140,"width":17,"height":17},"className":"PivotJointE"},{"params":{"x":2840,"sndId":-1,"rotation":0,"y":-130,"fnl":false,"safeId":-1,"id_off":-1,"off":false,"id":2,"width":64,"height":1335},"className":"ToggleE"},{"params":{"x":8079,"rotation":0,"graphic":0,"safeId":1,"id":-1,"y":1231,"width":17,"height":17},"className":"PivotJointE"},{"params":{"x":8679,"rotation":0,"graphic":0,"safeId":1,"id":-1,"y":1232,"width":17,"height":17},"className":"PivotJointE"},{"params":{"x":8819,"rotation":0,"graphic":0,"safeId":1,"id":-1,"y":1232,"width":17,"height":17},"className":"PivotJointE"},{"params":{"x":8429,"rotation":0,"graphic":0,"safeId":1,"id":-1,"y":1232,"width":17,"height":17},"className":"PivotJointE"},{"params":{"x":8219,"rotation":0,"graphic":0,"safeId":1,"id":-1,"y":1232,"width":17,"height":17},"className":"PivotJointE"},{"params":{"x":8499,"rotation":0,"graphic":0,"safeId":1,"id":7,"y":1232,"width":17,"height":17},"className":"PivotJointE"},{"params":{"x":8149,"rotation":0,"graphic":0,"safeId":1,"id":-1,"y":1232,"width":17,"height":17},"className":"PivotJointE"},{"params":{"x":8609,"rotation":0,"graphic":0,"safeId":1,"id":-1,"y":1232,"width":17,"height":17},"className":"PivotJointE"},{"params":{"x":8959,"rotation":0,"graphic":0,"safeId":1,"id":-1,"y":1232,"width":17,"height":17},"className":"PivotJointE"},{"params":{"x":8889,"rotation":0,"graphic":0,"safeId":1,"id":-1,"y":1232,"width":17,"height":17},"className":"PivotJointE"},{"params":{"x":8539,"rotation":0,"graphic":0,"safeId":1,"id":7,"y":1232,"width":17,"height":17},"className":"PivotJointE"},{"params":{"x":8359,"rotation":0,"graphic":0,"safeId":1,"id":-1,"y":1232,"width":17,"height":17},"className":"PivotJointE"},{"params":{"x":9029,"rotation":0,"graphic":0,"safeId":1,"id":-1,"y":1232,"width":17,"height":17},"className":"PivotJointE"},{"params":{"x":8749,"rotation":0,"graphic":0,"safeId":1,"id":-1,"y":1232,"width":17,"height":17},"className":"PivotJointE"},{"params":{"x":8289,"rotation":0,"graphic":0,"safeId":1,"id":-1,"y":1232,"width":17,"height":17},"className":"PivotJointE"},{"params":{"x":8219,"rotation":0,"graphic":0,"id":6,"y":1433,"height":17,"width":17,"time":0,"safeId":-1,"snd":false,"rate":150,"useWeld":false},"className":"MotorJointE"},{"params":{"x":8859,"rotation":0,"graphic":0,"id":6,"y":1433,"height":17,"width":17,"time":0,"safeId":-1,"snd":false,"rate":-150,"useWeld":false},"className":"MotorJointE"},{"params":{"x":7480,"sndId":-1,"rotation":0,"y":1030,"fnl":false,"safeId":-1,"id_off":-1,"off":false,"id":6,"width":64,"height":833},"className":"ToggleE"},{"params":{"x":8150,"sndId":-1,"rotation":-72,"y":737,"fnl":false,"safeId":-1,"id_off":-1,"off":false,"id":7,"width":111,"height":387},"className":"ToggleE"},{"params":{"x":8152,"sndId":-1,"rotation":-72,"y":724,"fnl":false,"safeId":-1,"id_off":-1,"off":false,"id":8,"width":73,"height":390},"className":"ToggleE"},{"params":{"x":7610,"active":0,"y":689,"cycle":0,"body":false,"id":9,"position":0,"width":45,"height":141,"stopOnEnd":true,"accelDist":0,"snapToGrid":true,"vertices":[{"x":0,"y":0,"length":0},{"x":32,"y":-96,"length":101.19288512538814},{"x":32,"y":32,"length":45.254833995939045}],"sideWait":0,"safeId":-1,"startTime":"0","rotation":0,"speed":1000},"className":"frg.game.editor.objects::MoverPather"},{"params":{"x":7570,"sndId":-1,"rotation":0,"y":490,"fnl":false,"safeId":-1,"id_off":-1,"off":false,"id":9,"width":64,"height":603},"className":"ToggleE"}]],"settings":{"prizes":"25,34,41","gravityY":500,"theme":6,"countdown":0}}