{"layers":[[{"params":{"stretchTexture":false,"x":1471,"rotation":0,"physic":true,"originOffsetRatio":0,"repeatTexture":true,"snapToGrid":true,"textureOffset":0,"id":-1,"smoothing":true,"y":-270,"density":"1","height":1470,"action":0,"isStatic":true,"wireframe":false,"width":155,"graphic":true,"textureMode":true,"shapeH":17,"straightSides":true,"vertices":[{"x":0,"y":0,"length":0},{"x":35,"y":0,"length":35},{"x":80,"y":0,"length":80},{"x":140,"y":-50,"length":148.66068747318505},{"x":140,"y":-115,"length":181.1767093199344},{"x":140,"y":-200,"length":244.13111231467406},{"x":140,"y":-260,"length":295.296461204668},{"x":140,"y":-330,"length":358.4689665786984},{"x":140,"y":-395,"length":419.0763653560052},{"x":140,"y":-470,"length":490.40799340956914},{"x":140,"y":-550,"length":567.5385449465084},{"x":140,"y":-620,"length":635.6099432828281},{"x":140,"y":-695,"length":708.9605066574583},{"x":140,"y":-760,"length":772.7871634544663},{"x":140,"y":-840,"length":851.5867542417508},{"x":140,"y":-915,"length":925.648421378225},{"x":140,"y":-995,"length":1004.800975317998},{"x":140,"y":-1070,"length":1079.1200118615168},{"x":140,"y":-1150,"length":1158.4903970253702},{"x":140,"y":-1210,"length":1218.0722474467595},{"x":140,"y":-1275,"length":1282.663244971181},{"x":140,"y":-1345,"length":1352.2666157233934},{"x":140,"y":-1400,"length":1406.9825869569247},{"x":140,"y":-1455,"length":1461.7198774046963}],"type":4,"safeId":-1},"className":"frg.game.editor.objects::DynamicPather"},{"params":{"stretchTexture":false,"x":1521,"rotation":0,"physic":true,"originOffsetRatio":0,"repeatTexture":true,"snapToGrid":true,"textureOffset":0,"id":-1,"smoothing":true,"y":-220,"density":"1","height":1525,"action":0,"isStatic":true,"wireframe":false,"width":210,"graphic":true,"textureMode":true,"shapeH":17,"straightSides":true,"vertices":[{"x":-55,"y":0,"length":55},{"x":-5,"y":0,"length":5},{"x":60,"y":0,"length":60},{"x":105,"y":-35,"length":110.67971810589327},{"x":140,"y":-65,"length":154.35349040433132},{"x":140,"y":-140,"length":197.9898987322333},{"x":140,"y":-215,"length":256.56383221335},{"x":140,"y":-290,"length":322.02484376209236},{"x":140,"y":-370,"length":395.60080889704966},{"x":140,"y":-440,"length":461.7358552246078},{"x":140,"y":-525,"length":543.3461143691009},{"x":140,"y":-610,"length":625.8594091327541},{"x":140,"y":-695,"length":708.9605066574583},{"x":140,"y":-780,"length":792.4645102463579},{"x":140,"y":-870,"length":881.1923740024082},{"x":140,"y":-955,"length":965.2072316347407},{"x":140,"y":-1040,"length":1049.3807697875925},{"x":140,"y":-1125,"length":1133.6776437771011},{"x":140,"y":-1210,"length":1218.0722474467595},{"x":140,"y":-1295,"length":1302.5455846149878},{"x":140,"y":-1380,"length":1387.0832707519762},{"x":140,"y":-1510,"length":1516.4761785138598}],"type":4,"safeId":-1},"className":"frg.game.editor.objects::DynamicPather"},{"params":{"x":10130,"rotation":0,"y":-865,"vertices":[{"x":-895,"y":-805,"length":1203.7649272179349},{"x":100,"y":-805,"length":811.1874012828355},{"x":100,"y":100,"length":141.4213562373095},{"x":-325,"y":95,"length":338.60005906674024}]},"className":"frg.game.editor.objects::FinishShaper"},{"params":{"stretchTexture":false,"x":8900,"rotation":0,"physic":false,"originOffsetRatio":0,"repeatTexture":true,"snapToGrid":false,"textureOffset":0,"id":-1,"smoothing":true,"y":-80,"density":"1","height":79.25,"action":0,"isStatic":true,"wireframe":false,"width":216,"graphic":true,"textureMode":true,"shapeH":17,"straightSides":true,"vertices":[{"x":0,"y":0,"length":0},{"x":37,"y":11,"length":38.600518131237564},{"x":74,"y":22,"length":77.20103626247513},{"x":113,"y":34,"length":118.00423721205946},{"x":148,"y":46,"length":154.983870128475},{"x":203,"y":63,"length":212.55117030964567}],"type":4,"safeId":-1},"className":"frg.game.editor.objects::DynamicPather"},{"params":{"x":9109,"rotation":90,"physic":true,"line":true,"plr":false,"id":-1,"graphic":true,"density":1,"isWheel":false,"isStatic":false,"ignore":false,"layer":8,"rem":true,"safeId":-1,"vertices":[{"x":0,"y":0,"length":0},{"x":70,"y":0,"length":70},{"x":140,"y":0,"length":140},{"x":195,"y":0,"length":195},{"x":265,"y":0,"length":265},{"x":335,"y":0,"length":335},{"x":410,"y":0,"length":410},{"x":490,"y":0,"length":490},{"x":560,"y":0,"length":560},{"x":635,"y":0,"length":635},{"x":700,"y":0,"length":700},{"x":745,"y":0,"length":745},{"x":815,"y":0,"length":815},{"x":890,"y":0,"length":890},{"x":890,"y":35,"length":890.6879363727792},{"x":835,"y":35,"length":835.7332110189232},{"x":775,"y":35,"length":775.7899200170108},{"x":710,"y":35,"length":710.8621526006291},{"x":640,"y":35,"length":640.956316764255},{"x":575,"y":35,"length":576.064232529672},{"x":515,"y":35,"length":516.1879502661797},{"x":450,"y":35,"length":451.3590588434002},{"x":380,"y":35,"length":381.6084380618437},{"x":315,"y":35,"length":316.9384798348096},{"x":240,"y":35,"length":242.53865671269807},{"x":175,"y":35,"length":178.46568297574746},{"x":120,"y":35,"length":125},{"x":60,"y":35,"length":69.46221994724903},{"x":0,"y":35,"length":35}],"y":-521},"className":"frg.game.editor.objects::LandscapeShaper"},{"params":{"x":9690,"bg":true,"rotation":0,"y":100,"vertices":[{"x":-1255,"y":0,"length":1255},{"x":2170,"y":-10,"length":2170.0230413523263},{"x":2170,"y":765,"length":2300.8965643852835},{"x":-1255,"y":775,"length":1475.0084745519262}],"viscosity":1.5,"id":-1,"sf":true,"density":1.5},"className":"frg.game.editor.objects::WaterShaper"},{"params":{"stretchTexture":false,"x":10288,"rotation":0,"physic":true,"originOffsetRatio":0,"repeatTexture":true,"snapToGrid":false,"textureOffset":0,"id":-1,"smoothing":true,"y":-755,"density":"1","height":16,"action":0,"isStatic":true,"wireframe":false,"width":248,"graphic":true,"textureMode":true,"shapeH":16,"straightSides":true,"vertices":[{"x":0,"y":0,"length":0},{"x":235,"y":0,"length":235}],"type":7,"safeId":-1},"className":"frg.game.editor.objects::DynamicPather"},{"params":{"stretchTexture":false,"x":10280,"rotation":0,"physic":true,"originOffsetRatio":0,"repeatTexture":true,"snapToGrid":false,"textureOffset":0,"id":-1,"smoothing":true,"y":-750,"density":"1","height":407,"action":0,"isStatic":true,"wireframe":false,"width":17,"graphic":true,"textureMode":true,"shapeH":16,"straightSides":true,"vertices":[{"x":0,"y":0,"length":0},{"x":-1,"y":394,"length":394.0012690334893}],"type":7,"safeId":-1},"className":"frg.game.editor.objects::DynamicPather"},{"params":{"stretchTexture":false,"x":10080,"rotation":0,"physic":true,"originOffsetRatio":0,"repeatTexture":true,"snapToGrid":false,"textureOffset":0,"id":-1,"smoothing":true,"y":-470,"density":"1","height":407,"action":0,"isStatic":true,"wireframe":false,"width":17,"graphic":true,"textureMode":true,"shapeH":16,"straightSides":true,"vertices":[{"x":0,"y":0,"length":0},{"x":-1,"y":394,"length":394.0012690334893}],"type":7,"safeId":-1},"className":"frg.game.editor.objects::DynamicPather"},{"params":{"stretchTexture":false,"x":9840,"rotation":0,"physic":true,"originOffsetRatio":0,"repeatTexture":true,"snapToGrid":false,"textureOffset":0,"id":-1,"smoothing":true,"y":-140,"density":"1","height":211,"action":0,"isStatic":true,"wireframe":false,"width":16,"graphic":true,"textureMode":true,"shapeH":16,"straightSides":true,"vertices":[{"x":0,"y":0,"length":0},{"x":0,"y":198,"length":198}],"type":7,"safeId":-1},"className":"frg.game.editor.objects::DynamicPather"},{"params":{"x":5520,"bg":true,"rotation":0,"y":70,"vertices":[{"x":0,"y":0,"length":0},{"x":1640,"y":0,"length":1640},{"x":1645,"y":385,"length":1689.4525740606039},{"x":5,"y":385,"length":385.0324661635691}],"viscosity":1.5,"id":-1,"sf":true,"density":1.5},"className":"frg.game.editor.objects::WaterShaper"},{"params":{"x":-570,"rotation":18,"physic":true,"line":true,"plr":false,"id":-1,"graphic":true,"density":1,"isWheel":false,"isStatic":false,"ignore":false,"layer":8,"rem":true,"safeId":-1,"vertices":[{"x":-15,"y":-25,"length":29.154759474226502},{"x":45,"y":-25,"length":51.478150704935004},{"x":85,"y":0,"length":85},{"x":130,"y":0,"length":130},{"x":180,"y":0,"length":180},{"x":250,"y":0,"length":250},{"x":305,"y":0,"length":305},{"x":380,"y":0,"length":380},{"x":440,"y":0,"length":440},{"x":520,"y":0,"length":520},{"x":605,"y":25,"length":605.5163086160438},{"x":520,"y":50,"length":522.398315464359},{"x":455,"y":50,"length":457.73900860643283},{"x":400,"y":50,"length":403.11288741492746},{"x":335,"y":50,"length":338.71079108879894},{"x":270,"y":50,"length":274.5906043549196},{"x":210,"y":50,"length":215.87033144922904},{"x":145,"y":50,"length":153.37861650177967},{"x":80,"y":50,"length":94.33981132056604},{"x":45,"y":70,"length":83.21658488546619},{"x":-20,"y":70,"length":72.80109889280519},{"x":15,"y":20,"length":25}],"y":30},"className":"frg.game.editor.objects::LandscapeShaper"},{"params":{"x":110,"bg":true,"rotation":0,"y":410,"vertices":[{"x":-270,"y":0,"length":270},{"x":415,"y":0,"length":415},{"x":415,"y":580,"length":713.1795005466716},{"x":-270,"y":580,"length":639.7655820689325}],"viscosity":1.5,"id":-1,"sf":true,"density":2.5},"className":"frg.game.editor.objects::WaterShaper"},{"params":{"x":470,"rotation":0,"physic":true,"line":true,"plr":false,"id":-1,"graphic":true,"density":1,"isWheel":false,"isStatic":true,"ignore":false,"layer":2,"rem":true,"safeId":-1,"vertices":[{"x":0,"y":0,"length":0},{"x":1416,"y":0,"length":1416},{"x":1468,"y":-5,"length":1468.008514961681},{"x":1517,"y":-15,"length":1517.0741577127994},{"x":1563,"y":-32,"length":1563.327540856362},{"x":1606,"y":-56,"length":1606.9760421362853},{"x":1641,"y":-76,"length":1642.7589597990327},{"x":1673,"y":-92,"length":1675.5276780763725},{"x":1707,"y":-103,"length":1710.1046751588044},{"x":1741,"y":-107,"length":1744.284953784788},{"x":1775,"y":-105,"length":1778.1029216555492},{"x":1814,"y":-98,"length":1816.6452598127132},{"x":1848,"y":-85,"length":1849.9537832064887},{"x":1881,"y":-65,"length":1882.122737761807},{"x":1910,"y":-40,"length":1910.4188022525323},{"x":1935,"y":-9,"length":1935.0209301193618},{"x":1967,"y":47,"length":1967.5614348731274},{"x":1987,"y":86,"length":1988.860226360817},{"x":2006,"y":117,"length":2009.4091171287146},{"x":2033,"y":151,"length":2038.6000098106545},{"x":2065,"y":180,"length":2072.83019082606},{"x":2098,"y":205,"length":2107.991698275873},{"x":2128,"y":222,"length":2139.5485505124675},{"x":2167,"y":240,"length":2180.249756335269},{"x":2212,"y":252,"length":2226.3081547710326},{"x":2259,"y":258,"length":2273.685334429547},{"x":2300,"y":257,"length":2314.31393721768},{"x":2352,"y":251,"length":2365.355153037277},{"x":2395,"y":237,"length":2406.6977375648985},{"x":2438,"y":218,"length":2447.72710897273},{"x":2480,"y":188,"length":2487.1155984392844},{"x":2511,"y":161,"length":2516.15619546959},{"x":2540,"y":124,"length":2543.0249703846794},{"x":2568,"y":98,"length":2569.8692573747794},{"x":2599,"y":81,"length":2600.261909885233},{"x":2638,"y":72,"length":2638.9823796304513},{"x":2679,"y":73,"length":2679.99440297923},{"x":2715,"y":84,"length":2716.2991366931587},{"x":2759,"y":106,"length":2761.0354941579435},{"x":2802,"y":136,"length":2805.2985580861086},{"x":3010,"y":330,"length":3028.0356668969407},{"x":3059,"y":367,"length":3080.9365459223595},{"x":3109,"y":392,"length":3133.6153241902557},{"x":3153,"y":405,"length":3178.9045282927264},{"x":3206,"y":409,"length":3231.983446739788},{"x":3249,"y":409,"length":3274.6422705388754},{"x":3301,"y":402,"length":3325.3879472927665},{"x":3356,"y":385,"length":3378.011397257268},{"x":3398,"y":364,"length":3417.4405627603824},{"x":3436,"y":337,"length":3452.4867849131588},{"x":3468,"y":305,"length":3481.386074539852},{"x":3501,"y":264,"length":3510.9396178231264},{"x":3528,"y":216,"length":3534.6060600864703},{"x":3546,"y":169,"length":3550.0249294899327},{"x":3558,"y":113,"length":3559.7939547114242},{"x":3558,"y":49,"length":3558.3373926596673},{"x":3553,"y":0,"length":3553},{"x":3536,"y":-45,"length":3536.2863289049433},{"x":3512,"y":-93,"length":3513.231133870927},{"x":3480,"y":-134,"length":3482.5789294716637},{"x":3442,"y":-172,"length":3446.2948219791065},{"x":3398,"y":-203,"length":3404.0583132490547},{"x":3357,"y":-226,"length":3364.598787374209},{"x":3339,"y":-244,"length":3347.9033737549835},{"x":3325,"y":-273,"length":3336.1885438326176},{"x":3324,"y":-303,"length":3337.7814488069766},{"x":3335,"y":-332,"length":3351.4845964139536},{"x":3355,"y":-352,"length":3373.4150352424767},{"x":3380,"y":-364,"length":3399.54349876568},{"x":3708,"y":-501,"length":3741.692798720921},{"x":3754,"y":-514,"length":3789.0252044556264},{"x":5130,"y":-515,"length":5155.78558514607},{"x":5170,"y":-510,"length":5195.093839383462},{"x":5203,"y":-500,"length":5226.969389617659},{"x":5228,"y":-485,"length":5250.4484570367895},{"x":5238,"y":-452,"length":5257.465929513952},{"x":5232,"y":-412,"length":5248.196642657362},{"x":5202,"y":-324,"length":5212.080198922499},{"x":5179,"y":-280,"length":5186.563505829269},{"x":5155,"y":-220,"length":5159.692335789025},{"x":5145,"y":-165,"length":5147.645092661303},{"x":5159,"y":-118,"length":5160.349309882035},{"x":5200,"y":-80,"length":5200.615348206403},{"x":5819,"y":-46,"length":5819.181815341397},{"x":5889,"y":-338,"length":5898.691804120639},{"x":5908,"y":-359,"length":5918.897279054604},{"x":5924,"y":-342,"length":5933.863833961814},{"x":5993,"y":-51,"length":5993.216999241726},{"x":6488,"y":-26,"length":6488.052095968404},{"x":6552,"y":-36,"length":6552.098900352466},{"x":6579,"y":-61,"length":6579.282787660065},{"x":6600,"y":-101,"length":6600.772757791318},{"x":6607,"y":-148,"length":6608.657427950097},{"x":6598,"y":-225,"length":6601.835275133726},{"x":6584,"y":-265,"length":6589.330846148188},{"x":6572,"y":-301,"length":6578.889343954646},{"x":6564,"y":-339,"length":6572.7480554179165},{"x":6562,"y":-387,"length":6573.401935071368},{"x":6571,"y":-423,"length":6584.600975002206},{"x":6590,"y":-448,"length":6605.210367581036},{"x":6625,"y":-463,"length":6641.159085581372},{"x":7667,"y":-455,"length":7680.48917712928},{"x":7726,"y":-463,"length":7739.860786861738},{"x":7773,"y":-473,"length":7787.378121036631},{"x":7817,"y":-487,"length":7832.155386609742},{"x":7861,"y":-507,"length":7877.332670390403},{"x":7900,"y":-528,"length":7917.62489639412},{"x":7937,"y":-556,"length":7956.450527716489},{"x":7974,"y":-585,"length":7995.430007197861},{"x":8011,"y":-605,"length":8033.812668963597},{"x":8055,"y":-618,"length":8078.672477579469},{"x":8114,"y":-629,"length":8138.3436275448585},{"x":8170,"y":-630,"length":8194.254084417935},{"x":8215,"y":-623,"length":8238.58932099422},{"x":8264,"y":-610,"length":8286.482727912971},{"x":8313,"y":-592,"length":8334.052615624645},{"x":8362,"y":-561,"length":8380.79739642953},{"x":8401,"y":-533,"length":8417.891066056865},{"x":8439,"y":-495,"length":8453.504953568076},{"x":8457,"y":-435,"length":8468.180087834693},{"x":8416,"y":-441,"length":8427.546321438998},{"x":8376,"y":-428,"length":8386.927923858651},{"x":8324,"y":-436,"length":8335.410727732617},{"x":8287,"y":-430,"length":8298.14852843693},{"x":8257,"y":-448,"length":8269.144635329581},{"x":8224,"y":-451,"length":8236.357022373422},{"x":8191,"y":-442,"length":8202.916859264149},{"x":8160,"y":-435,"length":8171.5864432801545},{"x":8126,"y":-446,"length":8138.2302744515655},{"x":8092,"y":-442,"length":8104.062438061543},{"x":8066,"y":-418,"length":8076.823633087452},{"x":8051,"y":391,"length":8060.488942986027},{"x":8011,"y":1005,"length":8073.793779878205},{"x":4443,"y":996,"length":4553.269704289435},{"x":1245,"y":725,"length":1440.7116297163705},{"x":0,"y":725,"length":725},{"x":21,"y":269,"length":269.8184574857695},{"x":0,"y":197,"length":197},{"x":-29,"y":155,"length":157.68956845650888},{"x":-44,"y":97,"length":106.51291001564083},{"x":-46,"y":62,"length":77.20103626247513},{"x":-36,"y":29,"length":46.22769732530488}],"y":380},"className":"frg.game.editor.objects::LandscapeShaper"},{"params":{"stretchTexture":false,"x":969,"rotation":123.00000000000006,"physic":true,"originOffsetRatio":0,"repeatTexture":true,"snapToGrid":false,"textureOffset":0,"id":-1,"smoothing":true,"y":-7,"density":"1","height":567,"action":0,"isStatic":true,"wireframe":false,"width":668.65,"graphic":true,"textureMode":true,"shapeH":17,"straightSides":true,"vertices":[{"x":17,"y":-72,"length":73.97972695272672},{"x":-58,"y":-188,"length":196.74348782107123},{"x":-88,"y":-224,"length":240.66574330386118},{"x":-119,"y":-253,"length":279.58898404622454},{"x":-161,"y":-284,"length":326.4613300224086},{"x":-205,"y":-305,"length":367.4914965002592},{"x":-255,"y":-320,"length":409.1760012512953},{"x":-313,"y":-326,"length":451.9347298006649},{"x":-368,"y":-323,"length":489.64579034236573},{"x":-423,"y":-309,"length":523.8415791057445},{"x":-475,"y":-287,"length":554.9720713693617},{"x":-521,"y":-256,"length":580.4972006823117},{"x":-560,"y":-217,"length":600.5738922064462},{"x":-589,"y":-177,"length":615.0203248673981},{"x":-610,"y":-138,"length":625.4150621787103},{"x":-624,"y":-100,"length":631.9620241755038},{"x":-633,"y":-61,"length":635.9323863430766},{"x":-636,"y":-23,"length":636.4157446198201},{"x":-635,"y":22,"length":635.380988069363},{"x":-628,"y":61,"length":630.955624430118},{"x":-617,"y":96,"length":624.423734334306},{"x":-601,"y":134,"length":615.7572573668946},{"x":-581,"y":167,"length":604.5246066125018},{"x":-555,"y":201,"length":590.2762065338565},{"x":-530,"y":226,"length":576.1735849550897}],"type":4,"safeId":-1},"className":"frg.game.editor.objects::DynamicPather"},{"params":{"x":-170,"physic":false,"lineId":0,"y":450,"height":2618,"isRoad":false,"direction":90,"width":12333,"textureMode":true,"cameraOffsetY":100,"straightSides":true,"directed":true,"originOffsetRatio":0,"thick":128,"stretchTexture":false,"camera":true,"rotation":0,"repeatTexture":true,"textureOffset":0,"snapToGrid":true,"line":false,"wireframe":false,"vertices":[{"x":0,"y":0,"length":0},{"x":2185,"y":-30,"length":2185.205939951656},{"x":2370,"y":-25,"length":2370.131852872325},{"x":2795,"y":195,"length":2801.7940680927995},{"x":3815,"y":355,"length":3831.4814367291406},{"x":3995,"y":340,"length":4009.441981124057},{"x":4120,"y":260,"length":4128.195731793734},{"x":4440,"y":-335,"length":4452.62001522699},{"x":4525,"y":-445,"length":4546.828565054988},{"x":4615,"y":-475,"length":4639.3803465549145},{"x":5700,"y":-335,"length":5709.835812000201},{"x":8420,"y":-525,"length":8436.35140330226},{"x":8610,"y":-635,"length":8633.38433060871},{"x":8725,"y":-680,"length":8751.458449881367},{"x":8840,"y":-680,"length":8866.115271075601},{"x":8950,"y":-640,"length":8972.853503763448},{"x":9040,"y":-585,"length":9058.908598722033},{"x":9415,"y":-410,"length":9423.92301539014},{"x":9720,"y":-340,"length":9725.94468419392},{"x":10165,"y":-350,"length":10171.023793109522},{"x":10820,"y":-1240,"length":10890.821823902914},{"x":12320,"y":-2250,"length":12523.773393031352}],"smoothing":true,"shape":false},"className":"frg.game.editor.objects::GroundPather"},{"params":{"x":5890,"rotation":6,"physic":true,"line":true,"plr":false,"id":-1,"graphic":true,"density":1,"isWheel":false,"isStatic":false,"ignore":false,"layer":8,"rem":true,"safeId":-1,"vertices":[{"x":0,"y":0,"length":0},{"x":60,"y":0,"length":60},{"x":115,"y":0,"length":115},{"x":170,"y":0,"length":170},{"x":235,"y":0,"length":235},{"x":295,"y":0,"length":295},{"x":350,"y":0,"length":350},{"x":400,"y":0,"length":400},{"x":455,"y":0,"length":455},{"x":515,"y":0,"length":515},{"x":580,"y":0,"length":580},{"x":645,"y":0,"length":645},{"x":705,"y":0,"length":705},{"x":765,"y":0,"length":765},{"x":825,"y":0,"length":825},{"x":890,"y":0,"length":890},{"x":935,"y":0,"length":935},{"x":985,"y":0,"length":985},{"x":985,"y":35,"length":985.6216312561327},{"x":915,"y":35,"length":915.6691542254767},{"x":855,"y":35,"length":855.716074407861},{"x":795,"y":35,"length":795.7700672933106},{"x":740,"y":35,"length":740.8272403199007},{"x":680,"y":35,"length":680.9001395212076},{"x":615,"y":35,"length":615.995129850878},{"x":540,"y":35,"length":541.1330705103875},{"x":470,"y":35,"length":471.3013897709193},{"x":405,"y":35,"length":406.5095324835569},{"x":340,"y":35,"length":341.796723214252},{"x":260,"y":35,"length":262.3451924468981},{"x":190,"y":35,"length":193.19679086361657},{"x":130,"y":35,"length":134.6291201783626},{"x":65,"y":35,"length":73.824115301167},{"x":0,"y":35,"length":35}],"y":-64},"className":"frg.game.editor.objects::LandscapeShaper"},{"params":{"x":2715,"rotation":0,"physic":true,"line":true,"plr":false,"id":-1,"graphic":true,"density":1,"isWheel":false,"isStatic":false,"ignore":false,"layer":9,"rem":true,"safeId":-1,"vertices":[{"x":180,"y":0,"length":180},{"x":173,"y":46,"length":179.0111728356641},{"x":155,"y":89,"length":178.73443988218946},{"x":127,"y":127,"length":179.60512242138307},{"x":90,"y":155,"length":179.2344832893492},{"x":46,"y":173,"length":179.0111728356641},{"x":0,"y":180,"length":180},{"x":-46,"y":173,"length":179.0111728356641},{"x":-89,"y":155,"length":178.73443988218946},{"x":-127,"y":127,"length":179.60512242138307},{"x":-155,"y":89,"length":178.73443988218946},{"x":-173,"y":46,"length":179.0111728356641},{"x":-180,"y":0,"length":180},{"x":-173,"y":-46,"length":179.0111728356641},{"x":-155,"y":-90,"length":179.2344832893492},{"x":-127,"y":-127,"length":179.60512242138307},{"x":-90,"y":-155,"length":179.2344832893492},{"x":-46,"y":-173,"length":179.0111728356641},{"x":0,"y":-180,"length":180},{"x":46,"y":-173,"length":179.0111728356641},{"x":90,"y":-155,"length":179.2344832893492},{"x":127,"y":-127,"length":179.60512242138307},{"x":155,"y":-90,"length":179.2344832893492},{"x":173,"y":-46,"length":179.0111728356641}],"y":400},"className":"frg.game.editor.objects::LandscapeShaper"},{"params":{"x":9030,"rotation":0,"physic":true,"line":true,"plr":false,"id":-1,"graphic":true,"density":1,"isWheel":false,"isStatic":true,"ignore":false,"layer":2,"rem":true,"safeId":-1,"vertices":[{"x":-1082,"y":-160,"length":1093.7659713119622},{"x":-1085,"y":-195,"length":1102.383780722485},{"x":-1070,"y":-255,"length":1099.9659085626245},{"x":-1025,"y":-320,"length":1073.79001671649},{"x":-965,"y":-390,"length":1040.8289965215226},{"x":-905,"y":-475,"length":1022.0812100806863},{"x":69,"y":-1200,"length":1201.9821130116704},{"x":776,"y":-82,"length":780.3204469959761},{"x":1273,"y":-83,"length":1275.702943478614},{"x":912,"y":440,"length":1012.5927118047018},{"x":881,"y":489,"length":1007.612028510974},{"x":865,"y":515,"length":1006.7025379922313},{"x":840,"y":540,"length":998.5990186255943},{"x":808,"y":549,"length":976.8648831849777},{"x":775,"y":535,"length":941.727136701497},{"x":745,"y":520,"length":908.5290309065529},{"x":720,"y":500,"length":876.584280032445},{"x":685,"y":500,"length":848.0713413386871},{"x":640,"y":505,"length":815.2453618389987},{"x":605,"y":485,"length":775.4031209635411},{"x":580,"y":453,"length":735.9408943658451},{"x":560,"y":410,"length":694.0461079784253},{"x":530,"y":365,"length":643.5254462723288},{"x":497,"y":314,"length":587.8817908389407},{"x":447,"y":261,"length":517.6195514081747},{"x":383,"y":207,"length":435.35962146253297},{"x":322,"y":169,"length":363.6550563377333},{"x":248,"y":140,"length":284.787640181241},{"x":162,"y":114,"length":198.09088823063013},{"x":50,"y":96,"length":108.24047302187847},{"x":-105,"y":90,"length":138.2931668593933},{"x":-200,"y":95,"length":221.41589825484527},{"x":-300,"y":111,"length":319.87653868328636},{"x":-411,"y":147,"length":436.4974226728034},{"x":-490,"y":180,"length":522.0153254455275},{"x":-561,"y":220,"length":602.5952206913029},{"x":-612,"y":256,"length":663.3852575992324},{"x":-635,"y":304,"length":704.0177554579145},{"x":-665,"y":310,"length":733.7063445275637},{"x":-700,"y":300,"length":761.5773105863908},{"x":-760,"y":280,"length":809.9382692526635},{"x":-805,"y":250,"length":842.9264499349869},{"x":-845,"y":210,"length":870.7037383633999},{"x":-875,"y":145,"length":886.9329174182228},{"x":-905,"y":75,"length":908.1024171314599},{"x":-930,"y":20,"length":930.2150289046076},{"x":-985,"y":-55,"length":986.5343379730884},{"x":-1030,"y":-110,"length":1035.8571330062848}],"y":-690},"className":"frg.game.editor.objects::LandscapeShaper"},{"params":{"stretchTexture":false,"x":9718,"rotation":-54,"physic":true,"originOffsetRatio":0,"repeatTexture":true,"snapToGrid":true,"textureOffset":0,"id":-1,"smoothing":true,"y":59,"density":"1","height":225,"action":0,"isStatic":true,"wireframe":false,"width":1199.35,"graphic":true,"textureMode":true,"shapeH":17,"straightSides":true,"vertices":[{"x":0,"y":0,"length":0},{"x":33,"y":45,"length":55.80322571321482},{"x":61,"y":83,"length":103.00485425454472},{"x":89,"y":120,"length":149.40214188558343},{"x":115,"y":148,"length":187.42731924668826},{"x":154,"y":176,"length":233.8632078801623},{"x":189,"y":192,"length":269.4160351575236},{"x":225,"y":205,"length":304.38462510448846},{"x":270,"y":210,"length":342.0526275297414},{"x":315,"y":210,"length":378.5828839237189},{"x":385,"y":210,"length":438.54874301495835},{"x":455,"y":210,"length":501.12373721467236},{"x":520,"y":210,"length":560.8029957123981},{"x":590,"y":210,"length":626.2587324740471},{"x":645,"y":210,"length":678.3251432757008},{"x":710,"y":210,"length":740.4052944165107},{"x":775,"y":210,"length":802.9476944359452},{"x":835,"y":210,"length":861.0023228772383},{"x":900,"y":210,"length":924.1753080449618},{"x":955,"y":210,"length":977.8164449425055},{"x":1016,"y":209,"length":1037.2738307698696},{"x":1075,"y":202,"length":1093.8139695578952},{"x":1114,"y":186,"length":1129.4210906477708},{"x":1149,"y":161,"length":1160.2249781831108},{"x":1186,"y":119,"length":1191.955116604648}],"type":4,"safeId":-1},"className":"frg.game.editor.objects::DynamicPather"}],[{"params":{"scaleX":1,"rotation":0,"scaleY":1,"x":1385,"y":317,"width":9.3,"height":128.35},"className":"SignPillar"},{"params":{"scaleX":1,"rotation":0,"scaleY":1,"x":4379,"y":-198,"width":9.3,"height":128.35},"className":"SignPillar"},{"params":{"scaleX":1,"rotation":0,"scaleY":1,"x":7600,"y":-140,"width":9.3,"height":128.35},"className":"SignPillar"},{"params":{"x":3715,"ag":true,"active":true,"y":480,"sgos":true,"btg":true,"id":-1,"ad":-1,"width":273,"height":324.1,"scaleX":1,"scaleY":1,"safeId":-1,"rotation":0},"className":"SpikeBall200E"},{"params":{"x":890,"ag":true,"active":true,"y":50,"sgos":true,"btg":true,"id":-1,"ad":-1,"width":273,"height":324.1,"scaleX":1,"scaleY":1,"safeId":-1,"rotation":0},"className":"SpikeBall200E"}],[{"params":{"x":2660,"rotation":0,"y":590,"time":1,"safeId":-1,"force":6000,"width":64.1,"height":64.1},"className":"BoostE"},{"params":{"x":2720,"stones":false,"physic":false,"impulse":1,"id":3,"radius":1,"y":610,"height":53.2,"width":53.2,"safeId":-1,"rotation":0,"count":1},"className":"Tnt1"},{"params":{"x":2560,"stones":false,"physic":false,"impulse":1,"id":3,"radius":1,"y":540,"height":53.2,"width":53.2,"safeId":-1,"rotation":45,"count":1},"className":"Tnt1"}],null,[{"params":{"x":1098,"rotation":0,"y":-30,"width":64,"height":32},"className":"PlayerWP"},{"params":{"x":1384,"rotation":0,"y":250,"id":0,"width":128,"height":466},"className":"SafePointE"},{"params":{"x":4380,"rotation":0,"y":-270,"id":0,"width":128,"height":1354},"className":"SafePointE"},{"params":{"x":7600,"rotation":0,"y":-210,"id":0,"width":128,"height":1313},"className":"SafePointE"},{"params":{"x":9840,"rotation":0,"y":-46,"id":0,"width":128,"height":128},"className":"SafePointE"}],[{"params":{"x":1120,"sndId":-1,"rotation":0,"y":10,"fnl":false,"safeId":-1,"id_off":-1,"off":false,"id":9,"width":316,"height":172},"className":"ToggleE"},{"params":{"x":540,"sndId":-1,"rotation":0,"y":-300,"fnl":false,"safeId":-1,"id_off":-1,"off":false,"id":1,"width":64,"height":619},"className":"ToggleE"},{"params":{"x":-310,"active":0,"y":140,"cycle":0,"body":false,"id":1,"position":0,"width":557,"height":189,"stopOnEnd":true,"accelDist":0,"snapToGrid":true,"vertices":[{"x":0,"y":0,"length":0},{"x":544,"y":176,"length":571.7621883265804}],"sideWait":0,"safeId":-1,"startTime":"0","rotation":0,"speed":580},"className":"frg.game.editor.objects::MoverPather"},{"params":{"x":6840,"rotation":0,"graphic":0,"safeId":-1,"id":2,"y":56,"width":17,"height":17},"className":"PivotJointE"},{"params":{"x":5430,"sndId":-1,"rotation":0,"y":-280,"fnl":false,"safeId":-1,"id_off":-1,"off":false,"id":2,"width":64,"height":683},"className":"ToggleE"},{"params":{"x":3060,"sndId":-1,"rotation":24,"y":250,"fnl":false,"safeId":-1,"id_off":-1,"off":false,"id":3,"width":110,"height":521},"className":"ToggleE"},{"params":{"x":2714,"active":3,"y":400,"cycle":0,"body":false,"id":3,"position":0,"width":973,"height":2413,"stopOnEnd":true,"accelDist":0,"snapToGrid":true,"vertices":[{"x":0,"y":0,"length":0},{"x":960,"y":-2400,"length":2584.879107424562}],"sideWait":0,"safeId":-1,"startTime":"0","rotation":0,"speed":1500},"className":"frg.game.editor.objects::MoverPather"},{"params":{"x":9090,"rotation":0,"graphic":0,"safeId":-1,"id":-1,"y":-20,"width":17,"height":17},"className":"PivotJointE"},{"params":{"x":9090,"rotation":0,"graphic":0,"safeId":-1,"id":5,"y":-480,"width":17,"height":17},"className":"PivotJointE"},{"params":{"x":9070,"sndId":-1,"rotation":0,"y":-320,"fnl":false,"safeId":-1,"id_off":-1,"off":false,"id":5,"width":22,"height":966},"className":"ToggleE"},{"params":{"x":889,"rotation":0,"graphic":0,"id":9,"y":49,"height":17,"width":17,"time":0,"safeId":-1,"snd":false,"rate":100,"useWeld":false},"className":"MotorJointE"},{"params":{"x":3715,"rotation":0,"graphic":0,"id":11,"y":480,"height":17,"width":17,"time":0,"safeId":-1,"snd":false,"rate":180,"useWeld":false},"className":"MotorJointE"},{"params":{"x":2220,"sndId":-1,"rotation":0,"y":-210,"fnl":false,"safeId":-1,"id_off":-1,"off":false,"id":11,"width":64,"height":1201},"className":"ToggleE"}]],"settings":{"prizes":"28,35,42","gravityY":500,"theme":6,"countdown":0}}