{"layers":[[{"params":{"x":-259,"rotation":0,"physic":true,"line":true,"plr":false,"id":-1,"graphic":true,"density":1,"isWheel":false,"isStatic":true,"ignore":false,"layer":2,"rem":true,"safeId":-1,"vertices":[{"x":0,"y":0,"length":0},{"x":365,"y":0,"length":365},{"x":365,"y":780,"length":861.1765208132418},{"x":0,"y":780,"length":780}],"y":-340},"className":"frg.game.editor.objects::LandscapeShaper"},{"params":{"x":11625,"rotation":0,"physic":true,"line":true,"plr":false,"id":-1,"graphic":true,"density":1,"isWheel":false,"isStatic":true,"ignore":false,"layer":2,"rem":true,"safeId":-1,"vertices":[{"x":0,"y":0,"length":0},{"x":520,"y":0,"length":520},{"x":520,"y":100,"length":529.5280917949491},{"x":330,"y":100,"length":344.81879299133334},{"x":325,"y":515,"length":608.9745479082028},{"x":195,"y":515,"length":550.6813960903346},{"x":195,"y":100,"length":219.14607000811125},{"x":0,"y":100,"length":100}],"y":-107},"className":"frg.game.editor.objects::LandscapeShaper"},{"params":{"x":11260,"bg":true,"rotation":0,"y":20,"vertices":[{"x":0,"y":0,"length":0},{"x":2535,"y":0,"length":2535},{"x":2535,"y":505,"length":2584.8114051125663},{"x":0,"y":505,"length":505}],"viscosity":1.5,"id":-1,"sf":true,"density":1.5},"className":"frg.game.editor.objects::WaterShaper"},{"params":{"x":8630,"rotation":0,"physic":true,"line":true,"plr":false,"id":-1,"graphic":true,"density":1,"isWheel":false,"isStatic":false,"ignore":false,"layer":8,"rem":true,"safeId":-1,"vertices":[{"x":-165,"y":0,"length":165},{"x":-95,"y":0,"length":95},{"x":-35,"y":25,"length":43.01162633521314},{"x":40,"y":25,"length":47.16990566028302},{"x":125,"y":25,"length":127.47548783981962},{"x":185,"y":0,"length":185},{"x":250,"y":0,"length":250},{"x":203,"y":26,"length":204.65825172711703},{"x":153,"y":53,"length":161.91973320136123},{"x":100,"y":80,"length":128.06248474865697},{"x":50,"y":80,"length":94.33981132056604},{"x":0,"y":80,"length":80},{"x":-53,"y":54,"length":75.66372975210778},{"x":-105,"y":29,"length":108.93117092916977}],"y":150},"className":"frg.game.editor.objects::LandscapeShaper"},{"params":{"x":7650,"bg":true,"rotation":0,"y":180,"vertices":[{"x":0,"y":0,"length":0},{"x":3435,"y":0,"length":3435},{"x":3435,"y":375,"length":3455.4088036005232},{"x":0,"y":375,"length":375}],"viscosity":1.5,"id":-1,"sf":true,"density":1.5},"className":"frg.game.editor.objects::WaterShaper"},{"params":{"x":5040,"bg":true,"rotation":0,"y":180,"vertices":[{"x":0,"y":0,"length":0},{"x":2515,"y":0,"length":2515},{"x":2515,"y":350,"length":2539.237090151292},{"x":0,"y":350,"length":350}],"viscosity":1.5,"id":-1,"sf":true,"density":1.5},"className":"frg.game.editor.objects::WaterShaper"},{"params":{"x":2203,"rotation":0,"physic":true,"line":true,"plr":false,"id":-1,"graphic":true,"density":1,"isWheel":false,"isStatic":true,"ignore":false,"layer":3,"rem":true,"safeId":-1,"vertices":[{"x":-707,"y":-707,"length":999.8489885977782},{"x":-642,"y":-766,"length":999.4598541212148},{"x":-573,"y":-819,"length":999.544896440375},{"x":-500,"y":-866,"length":999.9779997579947},{"x":-422,"y":-906,"length":999.4598541212148},{"x":-342,"y":-939,"length":999.3422837046375},{"x":-258,"y":-965,"length":998.8938882584075},{"x":-173,"y":-984,"length":999.092087847762},{"x":-87,"y":-996,"length":999.7924784674068},{"x":0,"y":-1000,"length":1000},{"x":87,"y":-996,"length":999.7924784674068},{"x":173,"y":-984,"length":999.092087847762},{"x":258,"y":-965,"length":998.8938882584075},{"x":342,"y":-939,"length":999.3422837046375},{"x":422,"y":-906,"length":999.4598541212148},{"x":500,"y":-866,"length":999.9779997579947},{"x":573,"y":-819,"length":999.544896440375},{"x":642,"y":-766,"length":999.4598541212148},{"x":707,"y":-707,"length":999.8489885977782}],"y":1166},"className":"frg.game.editor.objects::LandscapeShaper"},{"params":{"x":1284,"rotation":0,"physic":true,"line":true,"plr":false,"id":-1,"graphic":false,"density":1,"isWheel":false,"isStatic":false,"ignore":false,"layer":0,"rem":true,"safeId":-1,"vertices":[{"x":0,"y":0,"length":0},{"x":225,"y":0,"length":225},{"x":225,"y":45,"length":229.4558781116753},{"x":0,"y":45,"length":45}],"y":409},"className":"frg.game.editor.objects::LandscapeShaper"},{"params":{"x":3248,"rotation":0,"physic":true,"line":true,"plr":true,"id":-1,"graphic":true,"density":1,"isWheel":false,"isStatic":false,"ignore":false,"layer":8,"rem":true,"safeId":-1,"vertices":[{"x":500,"y":0,"length":500},{"x":498,"y":43,"length":499.85297838464464},{"x":492,"y":86,"length":499.4597080846462},{"x":482,"y":129,"length":498.96392655180995},{"x":469,"y":171,"length":499.20136217762865},{"x":453,"y":211,"length":499.7299270606074},{"x":433,"y":249,"length":499.48973963435924},{"x":409,"y":286,"length":499.07614649470077},{"x":383,"y":321,"length":499.7299270606074},{"x":353,"y":353,"length":499.21738751770255},{"x":321,"y":383,"length":499.7299270606074},{"x":286,"y":409,"length":499.07614649470077},{"x":250,"y":433,"length":499.98899987899733},{"x":211,"y":453,"length":499.7299270606074},{"x":171,"y":469,"length":499.20136217762865},{"x":129,"y":482,"length":498.96392655180995},{"x":86,"y":492,"length":499.4597080846462},{"x":43,"y":498,"length":499.85297838464464},{"x":0,"y":500,"length":500},{"x":-43,"y":498,"length":499.85297838464464},{"x":-86,"y":492,"length":499.4597080846462},{"x":-129,"y":482,"length":498.96392655180995},{"x":-171,"y":469,"length":499.20136217762865},{"x":-211,"y":453,"length":499.7299270606074},{"x":-249,"y":433,"length":499.48973963435924},{"x":-286,"y":409,"length":499.07614649470077},{"x":-321,"y":383,"length":499.7299270606074},{"x":-353,"y":353,"length":499.21738751770255},{"x":-383,"y":321,"length":499.7299270606074},{"x":-409,"y":286,"length":499.07614649470077},{"x":-433,"y":249,"length":499.48973963435924},{"x":-453,"y":211,"length":499.7299270606074},{"x":-469,"y":171,"length":499.20136217762865},{"x":-482,"y":129,"length":498.96392655180995},{"x":-492,"y":86,"length":499.4597080846462},{"x":-498,"y":43,"length":499.85297838464464},{"x":-500,"y":0,"length":500},{"x":-498,"y":-43,"length":499.85297838464464},{"x":-492,"y":-86,"length":499.4597080846462},{"x":-482,"y":-129,"length":498.96392655180995},{"x":-469,"y":-171,"length":499.20136217762865},{"x":-453,"y":-211,"length":499.7299270606074},{"x":-433,"y":-250,"length":499.98899987899733},{"x":-409,"y":-286,"length":499.07614649470077},{"x":-383,"y":-321,"length":499.7299270606074},{"x":-353,"y":-353,"length":499.21738751770255},{"x":-321,"y":-383,"length":499.7299270606074},{"x":-286,"y":-409,"length":499.07614649470077},{"x":-250,"y":-433,"length":499.98899987899733},{"x":-211,"y":-453,"length":499.7299270606074},{"x":-171,"y":-469,"length":499.20136217762865},{"x":-129,"y":-482,"length":498.96392655180995},{"x":-86,"y":-492,"length":499.4597080846462},{"x":-43,"y":-498,"length":499.85297838464464},{"x":0,"y":-500,"length":500},{"x":43,"y":-498,"length":499.85297838464464},{"x":86,"y":-492,"length":499.4597080846462},{"x":129,"y":-482,"length":498.96392655180995},{"x":171,"y":-469,"length":499.20136217762865},{"x":211,"y":-453,"length":499.7299270606074},{"x":250,"y":-433,"length":499.98899987899733},{"x":286,"y":-409,"length":499.07614649470077},{"x":321,"y":-383,"length":499.7299270606074},{"x":353,"y":-353,"length":499.21738751770255},{"x":383,"y":-321,"length":499.7299270606074},{"x":409,"y":-286,"length":499.07614649470077},{"x":433,"y":-250,"length":499.98899987899733},{"x":453,"y":-211,"length":499.7299270606074},{"x":469,"y":-171,"length":499.20136217762865},{"x":482,"y":-129,"length":498.96392655180995},{"x":492,"y":-86,"length":499.4597080846462},{"x":498,"y":-43,"length":499.85297838464464}],"y":-244},"className":"frg.game.editor.objects::LandscapeShaper"},{"params":{"x":4548,"rotation":0,"physic":true,"line":true,"plr":true,"id":-1,"graphic":true,"density":1,"isWheel":false,"isStatic":false,"ignore":false,"layer":8,"rem":true,"safeId":-1,"vertices":[{"x":500,"y":0,"length":500},{"x":498,"y":43,"length":499.85297838464464},{"x":492,"y":86,"length":499.4597080846462},{"x":482,"y":129,"length":498.96392655180995},{"x":469,"y":171,"length":499.20136217762865},{"x":453,"y":211,"length":499.7299270606074},{"x":433,"y":249,"length":499.48973963435924},{"x":409,"y":286,"length":499.07614649470077},{"x":383,"y":321,"length":499.7299270606074},{"x":353,"y":353,"length":499.21738751770255},{"x":321,"y":383,"length":499.7299270606074},{"x":286,"y":409,"length":499.07614649470077},{"x":250,"y":433,"length":499.98899987899733},{"x":211,"y":453,"length":499.7299270606074},{"x":171,"y":469,"length":499.20136217762865},{"x":129,"y":482,"length":498.96392655180995},{"x":86,"y":492,"length":499.4597080846462},{"x":43,"y":498,"length":499.85297838464464},{"x":0,"y":500,"length":500},{"x":-43,"y":498,"length":499.85297838464464},{"x":-86,"y":492,"length":499.4597080846462},{"x":-129,"y":482,"length":498.96392655180995},{"x":-171,"y":469,"length":499.20136217762865},{"x":-211,"y":453,"length":499.7299270606074},{"x":-249,"y":433,"length":499.48973963435924},{"x":-286,"y":409,"length":499.07614649470077},{"x":-321,"y":383,"length":499.7299270606074},{"x":-353,"y":353,"length":499.21738751770255},{"x":-383,"y":321,"length":499.7299270606074},{"x":-409,"y":286,"length":499.07614649470077},{"x":-433,"y":249,"length":499.48973963435924},{"x":-453,"y":211,"length":499.7299270606074},{"x":-469,"y":171,"length":499.20136217762865},{"x":-482,"y":129,"length":498.96392655180995},{"x":-492,"y":86,"length":499.4597080846462},{"x":-498,"y":43,"length":499.85297838464464},{"x":-500,"y":0,"length":500},{"x":-498,"y":-43,"length":499.85297838464464},{"x":-492,"y":-86,"length":499.4597080846462},{"x":-482,"y":-129,"length":498.96392655180995},{"x":-469,"y":-171,"length":499.20136217762865},{"x":-453,"y":-211,"length":499.7299270606074},{"x":-433,"y":-250,"length":499.98899987899733},{"x":-409,"y":-286,"length":499.07614649470077},{"x":-383,"y":-321,"length":499.7299270606074},{"x":-353,"y":-353,"length":499.21738751770255},{"x":-321,"y":-383,"length":499.7299270606074},{"x":-286,"y":-409,"length":499.07614649470077},{"x":-250,"y":-433,"length":499.98899987899733},{"x":-211,"y":-453,"length":499.7299270606074},{"x":-171,"y":-469,"length":499.20136217762865},{"x":-129,"y":-482,"length":498.96392655180995},{"x":-86,"y":-492,"length":499.4597080846462},{"x":-43,"y":-498,"length":499.85297838464464},{"x":0,"y":-500,"length":500},{"x":43,"y":-498,"length":499.85297838464464},{"x":86,"y":-492,"length":499.4597080846462},{"x":129,"y":-482,"length":498.96392655180995},{"x":171,"y":-469,"length":499.20136217762865},{"x":211,"y":-453,"length":499.7299270606074},{"x":250,"y":-433,"length":499.98899987899733},{"x":286,"y":-409,"length":499.07614649470077},{"x":321,"y":-383,"length":499.7299270606074},{"x":353,"y":-353,"length":499.21738751770255},{"x":383,"y":-321,"length":499.7299270606074},{"x":409,"y":-286,"length":499.07614649470077},{"x":433,"y":-250,"length":499.98899987899733},{"x":453,"y":-211,"length":499.7299270606074},{"x":469,"y":-171,"length":499.20136217762865},{"x":482,"y":-129,"length":498.96392655180995},{"x":492,"y":-86,"length":499.4597080846462},{"x":498,"y":-43,"length":499.85297838464464}],"y":-244},"className":"frg.game.editor.objects::LandscapeShaper"},{"params":{"x":2820,"bg":true,"rotation":0,"y":-142,"vertices":[{"x":0,"y":0,"length":0},{"x":2155,"y":0,"length":2155},{"x":2155,"y":640,"length":2248.0269126502913},{"x":0,"y":640,"length":640}],"viscosity":1.5,"id":-1,"sf":true,"density":1.5},"className":"frg.game.editor.objects::WaterShaper"},{"params":{"x":10320,"rotation":0,"physic":true,"line":true,"plr":false,"id":-1,"graphic":true,"density":1,"isWheel":false,"isStatic":true,"ignore":false,"layer":2,"rem":true,"safeId":-1,"vertices":[{"x":0,"y":-305,"length":305},{"x":175,"y":-305,"length":351.63901945034485},{"x":905,"y":-1195,"length":1499.0163441403834},{"x":955,"y":-1195,"length":1529.7221970017954},{"x":955,"y":100,"length":960.2213286529309},{"x":0,"y":100,"length":100}],"y":320},"className":"frg.game.editor.objects::LandscapeShaper"},{"params":{"x":2747,"rotation":0,"physic":true,"line":true,"plr":false,"id":-1,"graphic":true,"density":1,"isWheel":false,"isStatic":true,"ignore":false,"layer":2,"rem":true,"safeId":-1,"vertices":[{"x":0,"y":-425,"length":425},{"x":410,"y":-425,"length":590.5294234837075},{"x":421,"y":-447,"length":614.0439723668004},{"x":440,"y":-467,"length":641.6299556598024},{"x":465,"y":-481,"length":669.0186843429711},{"x":493,"y":-487,"length":692.9776331166829},{"x":521,"y":-486,"length":712.4864911000068},{"x":550,"y":-474,"length":726.0688672570943},{"x":573,"y":-457,"length":732.924279854338},{"x":590,"y":-434,"length":732.4315667692102},{"x":597,"y":-411,"length":724.7965231704688},{"x":600,"y":-385,"length":712.8990110808122},{"x":595,"y":-355,"length":692.8564064797265},{"x":582,"y":-328,"length":668.0628712928147},{"x":562,"y":-307,"length":640.3850404248993},{"x":538,"y":-295,"length":613.5706968231126},{"x":513,"y":-287,"length":587.82480383189},{"x":488,"y":-286,"length":565.6323894544937},{"x":464,"y":-292,"length":548.2335268843013},{"x":443,"y":-304,"length":537.2755345258148},{"x":424,"y":-323,"length":533.0150091695355},{"x":410,"y":-345,"length":535.8404613315422},{"x":95,"y":-345,"length":357.8407467016578},{"x":95,"y":265,"length":281.51376520518494},{"x":0,"y":265,"length":265}],"y":143},"className":"frg.game.editor.objects::LandscapeShaper"},{"params":{"x":-183,"physic":true,"lineId":0,"y":403,"height":64,"isRoad":true,"direction":90,"width":14378,"textureMode":true,"cameraOffsetY":100,"straightSides":true,"directed":true,"originOffsetRatio":0,"thick":128,"stretchTexture":false,"camera":false,"rotation":0,"repeatTexture":true,"textureOffset":0,"snapToGrid":true,"line":true,"wireframe":false,"vertices":[{"x":0,"y":0,"length":0},{"x":12905,"y":0,"length":12905},{"x":14365,"y":0,"length":14365}],"smoothing":true,"shape":true},"className":"frg.game.editor.objects::GroundPather"},{"params":{"x":4548,"rotation":0,"y":-244,"width":200.1,"height":200.1},"className":"OvalTemplate"},{"params":{"x":4947,"rotation":0,"physic":true,"line":true,"plr":false,"id":-1,"graphic":true,"density":1,"isWheel":false,"isStatic":true,"ignore":false,"layer":2,"rem":true,"safeId":-1,"vertices":[{"x":5,"y":-340,"length":340.03676271838606},{"x":-310,"y":-340,"length":460.10868281309365},{"x":-324,"y":-323,"length":457.4986338777418},{"x":-342,"y":-305,"length":458.24556735444804},{"x":-365,"y":-293,"length":468.05341575508237},{"x":-389,"y":-287,"length":483.41493564018066},{"x":-417,"y":-288,"length":506.78693747964735},{"x":-446,"y":-298,"length":536.3953765647127},{"x":-469,"y":-316,"length":565.5236511411349},{"x":-485,"y":-337,"length":590.58784274653},{"x":-496,"y":-362,"length":614.0521150521347},{"x":-499,"y":-392,"length":634.5589019153383},{"x":-494,"y":-417,"length":646.4711903867023},{"x":-481,"y":-444,"length":654.5968224793029},{"x":-463,"y":-464,"length":655.4883675550619},{"x":-437,"y":-480,"length":649.129416988631},{"x":-409,"y":-486,"length":635.1983942045193},{"x":-381,"y":-485,"length":616.7544081723291},{"x":-349,"y":-473,"length":587.8179990439218},{"x":-325,"y":-455,"length":559.1511423577707},{"x":-305,"y":-425,"length":523.1156659860227},{"x":100,"y":-425,"length":436.6062299143245},{"x":100,"y":-190,"length":214.7091055358389},{"x":835,"y":-190,"length":856.3439729454514},{"x":835,"y":-155,"length":849.2643875731515},{"x":630,"y":-155,"length":648.7873303325213},{"x":630,"y":-40,"length":631.2685640834652},{"x":835,"y":-40,"length":835.9575348066431},{"x":835,"y":-5,"length":835.0149699256895},{"x":100,"y":-5,"length":100.12492197250393},{"x":100,"y":265,"length":283.24018076537095},{"x":5,"y":265,"length":265.04716561397146}],"y":143},"className":"frg.game.editor.objects::LandscapeShaper"},{"params":{"x":11730,"rotation":0,"y":-1450,"vertices":[{"x":0,"y":0,"length":0},{"x":315,"y":0,"length":315},{"x":315,"y":675,"length":744.8825410761082},{"x":0,"y":675,"length":675}]},"className":"frg.game.editor.objects::FinishShaper"},{"params":{"x":5759,"rotation":90,"physic":true,"line":true,"plr":false,"id":-1,"graphic":true,"density":1,"isWheel":false,"isStatic":false,"ignore":false,"layer":8,"rem":true,"safeId":-1,"vertices":[{"x":55,"y":0,"length":55},{"x":51,"y":18,"length":54.08326913195984},{"x":42,"y":35,"length":54.67174773134658},{"x":27,"y":47,"length":54.20332093147061},{"x":9,"y":54,"length":54.74486277268398},{"x":-9,"y":54,"length":54.74486277268398},{"x":-27,"y":47,"length":54.20332093147061},{"x":-42,"y":35,"length":54.67174773134658},{"x":-51,"y":18,"length":54.08326913195984},{"x":-55,"y":0,"length":55},{"x":-5,"y":-105,"length":105.11898020814318}],"y":43},"className":"frg.game.editor.objects::LandscapeShaper"},{"params":{"x":8260,"rotation":0,"physic":true,"line":true,"plr":false,"id":-1,"graphic":true,"density":1,"isWheel":false,"isStatic":false,"ignore":false,"layer":8,"rem":true,"safeId":-1,"vertices":[{"x":0,"y":0,"length":0},{"x":75,"y":0,"length":75},{"x":135,"y":0,"length":135},{"x":195,"y":0,"length":195},{"x":260,"y":0,"length":260},{"x":325,"y":0,"length":325},{"x":390,"y":0,"length":390},{"x":470,"y":0,"length":470},{"x":530,"y":0,"length":530},{"x":595,"y":0,"length":595},{"x":596,"y":52,"length":598.2641557038162},{"x":595,"y":95,"length":602.5363059600642},{"x":525,"y":95,"length":533.5260068637704},{"x":460,"y":95,"length":469.7073557013984},{"x":385,"y":95,"length":396.547601177967},{"x":295,"y":95,"length":309.9193443462347},{"x":215,"y":95,"length":235.05318547086316},{"x":145,"y":95,"length":173.34935823359717},{"x":65,"y":95,"length":115.10864433221339},{"x":0,"y":95,"length":95},{"x":0,"y":50,"length":50}],"y":0},"className":"frg.game.editor.objects::LandscapeShaper"},{"params":{"x":11227,"rotation":0,"physic":true,"line":true,"plr":false,"id":-1,"graphic":false,"density":1,"isWheel":false,"isStatic":false,"ignore":false,"layer":0,"rem":true,"safeId":-1,"vertices":[{"x":0,"y":0,"length":0},{"x":45,"y":0,"length":45},{"x":45,"y":295,"length":298.41246622753545},{"x":0,"y":295,"length":295}],"y":-480},"className":"frg.game.editor.objects::LandscapeShaper"},{"params":{"x":-183,"physic":false,"lineId":0,"y":403,"height":578.5,"isRoad":false,"direction":90,"width":14178,"textureMode":true,"cameraOffsetY":100,"straightSides":true,"directed":false,"originOffsetRatio":0,"thick":128,"stretchTexture":false,"camera":true,"rotation":0,"repeatTexture":true,"textureOffset":0,"snapToGrid":true,"line":false,"wireframe":false,"vertices":[{"x":0,"y":0,"length":0},{"x":2345,"y":5,"length":2345.005330484347},{"x":2970,"y":-90,"length":2971.363323459452},{"x":3315,"y":-350,"length":3333.425415394801},{"x":4835,"y":-375,"length":4849.52059486296},{"x":5950,"y":-185,"length":5952.8753556579695},{"x":9040,"y":-185,"length":9041.892777510691},{"x":10640,"y":-210,"length":10642.072166641232},{"x":11405,"y":-540,"length":11417.776710025468},{"x":14165,"y":-515,"length":14174.358892027532}],"smoothing":true,"shape":false},"className":"frg.game.editor.objects::GroundPather"},{"params":{"x":11600,"rotation":0,"physic":true,"line":true,"plr":false,"id":-1,"graphic":true,"density":1,"isWheel":false,"isStatic":false,"ignore":false,"layer":8,"rem":true,"safeId":-1,"vertices":[{"x":0,"y":-1270,"length":1270},{"x":565,"y":-1270,"length":1390.0089927766655},{"x":565,"y":-755,"length":943.0005302225445},{"x":565,"y":-660,"length":868.80665282904},{"x":565,"y":-555,"length":791.9911615668448},{"x":565,"y":-460,"length":728.5773809280658},{"x":565,"y":-385,"length":683.7031519599716},{"x":565,"y":-295,"length":637.3774391990981},{"x":565,"y":-205,"length":601.0407640085654},{"x":565,"y":-115,"length":576.584772605035},{"x":565,"y":-40,"length":566.4141594275341},{"x":565,"y":70,"length":569.3197695495916},{"x":565,"y":175,"length":591.4811915860047},{"x":565,"y":280,"length":630.5751343020116},{"x":565,"y":380,"length":680.9001395212076},{"x":565,"y":465,"length":731.7444909256236},{"x":565,"y":545,"length":785.0159234053791},{"x":565,"y":625,"length":842.525963991615},{"x":565,"y":695,"length":895.6840960963859},{"x":565,"y":780,"length":963.1329087929661},{"x":565,"y":925,"length":1083.9049773850104},{"x":495,"y":828,"length":964.680776215635},{"x":435,"y":745,"length":862.6992523469578},{"x":435,"y":665,"length":794.638282490845},{"x":435,"y":575,"length":721.0062413044702},{"x":435,"y":495,"length":658.9764790946639},{"x":435,"y":385,"length":580.9044671888829},{"x":435,"y":270,"length":511.9814449762804},{"x":435,"y":175,"length":468.8816481800072},{"x":435,"y":75,"length":441.41816908686485},{"x":435,"y":-20,"length":435.4595273960601},{"x":335,"y":-20,"length":335.5964838909967},{"x":230,"y":-20,"length":230.8679276123039},{"x":140,"y":-20,"length":141.4213562373095},{"x":140,"y":85,"length":163.783393541592},{"x":140,"y":160,"length":212.60291625469299},{"x":140,"y":240,"length":277.8488797889961},{"x":140,"y":315,"length":344.7100230628637},{"x":140,"y":425,"length":447.4650824366076},{"x":140,"y":515,"length":533.689984916337},{"x":140,"y":635,"length":650.2499519415592},{"x":140,"y":730,"length":743.3034373659252},{"x":75,"y":825,"length":828.4020762890445},{"x":0,"y":925,"length":925},{"x":0,"y":805,"length":805},{"x":0,"y":715,"length":715},{"x":0,"y":620,"length":620},{"x":0,"y":515,"length":515},{"x":0,"y":395,"length":395},{"x":0,"y":290,"length":290},{"x":0,"y":180,"length":180},{"x":0,"y":70,"length":70},{"x":0,"y":-25,"length":25},{"x":0,"y":-135,"length":135},{"x":0,"y":-245,"length":245},{"x":0,"y":-355,"length":355},{"x":0,"y":-480,"length":480},{"x":0,"y":-580,"length":580},{"x":0,"y":-705,"length":705}],"y":-1040},"className":"frg.game.editor.objects::LandscapeShaper"},{"params":{"x":6796,"rotation":0,"physic":true,"line":true,"plr":false,"id":-1,"graphic":true,"density":1,"isWheel":false,"isStatic":true,"ignore":false,"layer":2,"rem":true,"safeId":-1,"vertices":[{"x":-20,"y":-10,"length":22.360679774997898},{"x":1525,"y":-10,"length":1525.032786532801},{"x":1525,"y":85,"length":1527.367015487764},{"x":890,"y":85,"length":894.0497749007043},{"x":890,"y":395,"length":973.7171047075224},{"x":725,"y":395,"length":825.6209784156408},{"x":725,"y":85,"length":729.9657526213131},{"x":-20,"y":85,"length":87.32124598286491}],"y":10},"className":"frg.game.editor.objects::LandscapeShaper"}],[{"params":{"x":4170,"active":false,"y":190,"safeId":-1,"id":13,"rotation":0,"width":85.95,"height":17.05},"className":"PlankBone"},{"params":{"x":4310,"active":false,"y":189,"safeId":-1,"id":13,"rotation":0,"width":85.95,"height":17.05},"className":"PlankBone"},{"params":{"x":4241,"active":false,"y":190,"safeId":-1,"id":13,"rotation":0,"width":85.95,"height":17.05},"className":"PlankBone"},{"params":{"x":3821,"active":false,"y":190,"safeId":-1,"id":13,"rotation":0,"width":85.95,"height":17.05},"className":"PlankBone"},{"params":{"x":4101,"active":false,"y":190,"safeId":-1,"id":13,"rotation":0,"width":85.95,"height":17.05},"className":"PlankBone"},{"params":{"x":3960,"active":false,"y":190,"safeId":-1,"id":13,"rotation":0,"width":85.95,"height":17.05},"className":"PlankBone"},{"params":{"x":4030,"active":false,"y":190,"safeId":-1,"id":13,"rotation":0,"width":85.95,"height":17.05},"className":"PlankBone"},{"params":{"x":3750,"active":false,"y":190,"safeId":-1,"id":13,"rotation":0,"width":85.95,"height":17.05},"className":"PlankBone"},{"params":{"x":3610,"active":false,"y":189,"safeId":-1,"id":13,"rotation":0,"width":85.95,"height":17.05},"className":"PlankBone"},{"params":{"x":3541,"active":false,"y":190,"safeId":-1,"id":13,"rotation":0,"width":85.95,"height":17.05},"className":"PlankBone"},{"params":{"x":3890,"active":false,"y":190,"safeId":-1,"id":13,"rotation":0,"width":85.95,"height":17.05},"className":"PlankBone"},{"params":{"x":3681,"active":false,"y":189,"safeId":-1,"id":13,"rotation":0,"width":85.95,"height":17.05},"className":"PlankBone"},{"params":{"x":3470,"active":false,"y":189,"safeId":-1,"id":13,"rotation":0,"width":85.95,"height":17.05},"className":"PlankBone"},{"params":{"x":5595,"active":false,"y":60,"safeId":-1,"id":2,"rotation":80,"width":85.95,"height":17.05},"className":"PlankBone"},{"params":{"x":5611,"active":false,"y":60,"safeId":-1,"id":2,"rotation":80,"width":85.95,"height":17.05},"className":"PlankBone"},{"params":{"x":5603,"active":false,"y":59,"safeId":-1,"id":2,"rotation":90,"width":85.95,"height":17.05},"className":"PlankBone"},{"params":{"x":5619,"active":false,"y":59,"safeId":-1,"id":2,"rotation":90,"width":85.95,"height":17.05},"className":"PlankBone"},{"params":{"x":5628,"active":false,"y":60,"safeId":-1,"id":2,"rotation":80,"width":85.95,"height":17.05},"className":"PlankBone"},{"params":{"x":5636,"active":false,"y":59,"safeId":-1,"id":2,"rotation":90,"width":85.95,"height":17.05},"className":"PlankBone"},{"params":{"x":5645,"active":false,"y":60,"safeId":-1,"id":2,"rotation":80,"width":85.95,"height":17.05},"className":"PlankBone"},{"params":{"x":5588,"active":false,"y":60,"safeId":-1,"id":2,"rotation":-90,"width":85.95,"height":17.05},"className":"PlankBone"},{"params":{"x":5683,"active":false,"y":59,"safeId":-1,"id":2,"rotation":90,"width":85.95,"height":17.05},"className":"PlankBone"},{"params":{"x":5659,"active":false,"y":60,"safeId":-1,"id":2,"rotation":80,"width":85.95,"height":17.05},"className":"PlankBone"},{"params":{"x":5667,"active":false,"y":59,"safeId":-1,"id":2,"rotation":90,"width":85.95,"height":17.05},"className":"PlankBone"},{"params":{"x":5652,"active":false,"y":60,"safeId":-1,"id":2,"rotation":-90,"width":85.95,"height":17.05},"className":"PlankBone"},{"params":{"x":5707,"active":false,"y":59,"safeId":-1,"id":2,"rotation":102,"width":85.95,"height":17.05},"className":"PlankBone"},{"params":{"x":5675,"active":false,"y":60,"safeId":-1,"id":2,"rotation":80,"width":85.95,"height":17.05},"className":"PlankBone"},{"params":{"x":5692,"active":false,"y":60,"safeId":-1,"id":2,"rotation":80,"width":85.95,"height":17.05},"className":"PlankBone"},{"params":{"scaleX":1,"rotation":0,"scaleY":1,"x":7600,"y":-60,"width":9.3,"height":128.35},"className":"SignPillar"},{"params":{"scaleX":1,"rotation":0,"scaleY":1,"x":10407,"y":-49,"width":9.3,"height":128.35},"className":"SignPillar"},{"params":{"x":250,"rotation":0,"y":370,"width":95,"height":72.35},"className":"Dec26"},{"params":{"x":520,"rotation":12,"y":370,"width":71.6,"height":72.35},"className":"Dec28"},{"params":{"scaleX":1,"rotation":0,"scaleY":1,"x":10370,"y":-30,"width":80.2,"height":95.5},"className":"Dec24"},{"params":{"x":10490,"rotation":0,"y":-20,"width":71.6,"height":72.35},"className":"Dec28"},{"params":{"scaleX":1,"rotation":0,"scaleY":1,"x":7570,"y":-40,"width":77.3,"height":79.6},"className":"Dec23"}],[{"params":{"x":2697,"rotation":0,"y":173,"time":3,"safeId":-1,"force":6000,"width":64.1,"height":64.1},"className":"BoostE"},{"params":{"x":1395,"stones":false,"physic":false,"impulse":1,"id":11,"radius":1,"y":436,"height":53.2,"width":53.2,"safeId":-1,"rotation":0,"count":1},"className":"Tnt1"},{"params":{"x":5673,"stones":false,"physic":false,"impulse":1,"id":2,"radius":1,"y":61,"height":53.2,"width":53.2,"safeId":-1,"rotation":90,"count":1},"className":"Tnt1"},{"params":{"x":8640,"stones":false,"physic":true,"impulse":3600,"id":16,"radius":100,"y":150,"height":53.2,"width":53.2,"safeId":-1,"rotation":0,"count":40},"className":"Tnt1"},{"params":{"x":8700,"stones":false,"physic":true,"impulse":3600,"id":16,"radius":100,"y":150,"height":53.2,"width":53.2,"safeId":-1,"rotation":0,"count":40},"className":"Tnt1"},{"params":{"speed":2000,"x":11820,"rotation":-90,"y":-570,"safeId":-1,"id":-1,"rate":1,"width":934,"height":128},"className":"GeyserE"},{"params":{"speed":2000,"x":11950,"rotation":-90,"y":-570,"safeId":-1,"id":-1,"rate":1,"width":934,"height":128},"className":"GeyserE"},{"params":{"speed":2000,"x":11690,"rotation":-90,"y":-396,"safeId":-1,"id":-1,"rate":1,"width":586,"height":128},"className":"GeyserE"},{"params":{"speed":2000,"x":12080,"rotation":-90,"y":-400,"safeId":-1,"id":-1,"rate":1,"width":594,"height":128},"className":"GeyserE"},{"params":{"x":11250,"stones":false,"physic":false,"impulse":1,"id":17,"radius":1,"y":-470,"height":53.2,"width":53.2,"safeId":-1,"rotation":0,"count":1},"className":"Tnt1"},{"params":{"x":11250,"stones":false,"physic":false,"impulse":1,"id":17,"radius":1,"y":-380,"height":53.2,"width":53.2,"safeId":-1,"rotation":0,"count":1},"className":"Tnt1"},{"params":{"x":11250,"stones":false,"physic":false,"impulse":1,"id":17,"radius":1,"y":-270,"height":53.2,"width":53.2,"safeId":-1,"rotation":0,"count":1},"className":"Tnt1"},{"params":{"x":11250,"stones":false,"physic":false,"impulse":1,"id":17,"radius":1,"y":-180,"height":53.2,"width":53.2,"safeId":-1,"rotation":0,"count":1},"className":"Tnt1"}],null,[{"params":{"x":400,"rotation":0,"y":330,"width":64,"height":32},"className":"PlayerWP"},{"params":{"x":7600,"rotation":0,"y":-140,"id":0,"width":128,"height":3176},"className":"SafePointE"},{"params":{"x":10405,"rotation":0,"y":-130,"id":0,"width":128,"height":2247},"className":"SafePointE"}],[{"params":{"x":1424,"sndId":-1,"rotation":0,"y":279,"fnl":false,"safeId":-1,"id_off":-1,"off":false,"id":11,"width":45,"height":359},"className":"ToggleE"},{"params":{"x":1394,"active":0,"y":432,"cycle":0,"body":false,"id":11,"position":0,"width":13,"height":45,"stopOnEnd":true,"accelDist":0,"snapToGrid":true,"vertices":[{"x":0,"y":0,"length":0},{"x":0,"y":-32,"length":32}],"sideWait":0,"safeId":-1,"startTime":"0","rotation":0,"speed":610},"className":"frg.game.editor.objects::MoverPather"},{"params":{"x":3248,"rotation":0,"graphic":1,"id":1,"y":-244,"height":17,"width":17,"time":4.5,"safeId":-1,"snd":false,"rate":-30,"useWeld":false},"className":"MotorJointE"},{"params":{"x":4548,"rotation":0,"graphic":1,"id":1,"y":-244,"height":17,"width":17,"time":4.5,"safeId":-1,"snd":false,"rate":30,"useWeld":false},"className":"MotorJointE"},{"params":{"x":2290,"sndId":-1,"rotation":0,"y":10,"fnl":false,"safeId":-1,"id_off":-1,"off":false,"id":1,"width":64,"height":1829},"className":"ToggleE"},{"params":{"x":4132,"rotation":0,"graphic":0,"safeId":-1,"id":12,"y":190,"width":17,"height":17},"className":"PivotJointE"},{"params":{"x":4345,"rotation":0,"graphic":0,"safeId":-1,"id":12,"y":190,"width":17,"height":17},"className":"PivotJointE"},{"params":{"x":4205,"rotation":0,"graphic":0,"safeId":-1,"id":12,"y":189,"width":17,"height":17},"className":"PivotJointE"},{"params":{"x":4066,"rotation":0,"graphic":0,"safeId":-1,"id":12,"y":190,"width":17,"height":17},"className":"PivotJointE"},{"params":{"x":3925,"rotation":0,"graphic":0,"safeId":-1,"id":12,"y":190,"width":17,"height":17},"className":"PivotJointE"},{"params":{"x":3855,"rotation":0,"graphic":0,"safeId":-1,"id":12,"y":190,"width":17,"height":17},"className":"PivotJointE"},{"params":{"x":3995,"rotation":0,"graphic":0,"safeId":-1,"id":12,"y":189,"width":17,"height":17},"className":"PivotJointE"},{"params":{"x":3785,"rotation":0,"graphic":0,"safeId":-1,"id":12,"y":189,"width":17,"height":17},"className":"PivotJointE"},{"params":{"x":3715,"rotation":0,"graphic":0,"safeId":-1,"id":12,"y":190,"width":17,"height":17},"className":"PivotJointE"},{"params":{"x":3645,"rotation":0,"graphic":0,"safeId":-1,"id":12,"y":190,"width":17,"height":17},"className":"PivotJointE"},{"params":{"x":3574,"rotation":0,"graphic":0,"safeId":-1,"id":12,"y":189,"width":17,"height":17},"className":"PivotJointE"},{"params":{"x":4275,"rotation":0,"graphic":0,"safeId":-1,"id":12,"y":190,"width":17,"height":17},"className":"PivotJointE"},{"params":{"x":3433,"rotation":0,"graphic":0,"safeId":-1,"id":12,"y":189,"width":17,"height":17},"className":"PivotJointE"},{"params":{"x":3506,"rotation":0,"graphic":0,"safeId":-1,"id":12,"y":190,"width":17,"height":17},"className":"PivotJointE"},{"params":{"x":5652,"rotation":90,"graphic":0,"safeId":-1,"id":14,"y":94,"width":17,"height":17},"className":"PivotJointE"},{"params":{"x":5588,"rotation":90,"graphic":0,"safeId":-1,"id":14,"y":94,"width":17,"height":17},"className":"PivotJointE"},{"params":{"x":5638,"rotation":90,"graphic":0,"safeId":-1,"id":14,"y":24,"width":17,"height":17},"className":"PivotJointE"},{"params":{"x":5635,"rotation":90,"graphic":0,"safeId":-1,"id":14,"y":94,"width":17,"height":17},"className":"PivotJointE"},{"params":{"x":5621,"rotation":90,"graphic":0,"safeId":-1,"id":14,"y":24,"width":17,"height":17},"className":"PivotJointE"},{"params":{"x":5618,"rotation":90,"graphic":0,"safeId":-1,"id":14,"y":94,"width":17,"height":17},"className":"PivotJointE"},{"params":{"x":5589,"rotation":90,"graphic":0,"safeId":-1,"id":14,"y":24,"width":17,"height":17},"className":"PivotJointE"},{"params":{"x":5602,"rotation":90,"graphic":0,"safeId":-1,"id":14,"y":94,"width":17,"height":17},"className":"PivotJointE"},{"params":{"x":5605,"rotation":90,"graphic":0,"safeId":-1,"id":14,"y":24,"width":17,"height":17},"className":"PivotJointE"},{"params":{"x":5714,"rotation":90,"graphic":0,"safeId":-1,"id":14,"y":24,"width":17,"height":17},"className":"PivotJointE"},{"params":{"x":5699,"rotation":90,"graphic":0,"safeId":-1,"id":14,"y":94,"width":17,"height":17},"className":"PivotJointE"},{"params":{"x":5669,"rotation":90,"graphic":0,"safeId":-1,"id":14,"y":24,"width":17,"height":17},"className":"PivotJointE"},{"params":{"x":5682,"rotation":90,"graphic":0,"safeId":-1,"id":14,"y":94,"width":17,"height":17},"className":"PivotJointE"},{"params":{"x":5653,"rotation":90,"graphic":0,"safeId":-1,"id":14,"y":24,"width":17,"height":17},"className":"PivotJointE"},{"params":{"x":5685,"rotation":90,"graphic":0,"safeId":-1,"id":14,"y":24,"width":17,"height":17},"className":"PivotJointE"},{"params":{"x":5666,"rotation":90,"graphic":0,"safeId":-1,"id":14,"y":94,"width":17,"height":17},"className":"PivotJointE"},{"params":{"x":5760,"active":0,"y":40,"cycle":0,"body":false,"id":2,"position":0,"width":973,"height":13,"stopOnEnd":true,"accelDist":0,"snapToGrid":true,"vertices":[{"x":0,"y":0,"length":0},{"x":960,"y":0,"length":960}],"sideWait":0,"safeId":-1,"startTime":"0","rotation":0,"speed":1200},"className":"frg.game.editor.objects::MoverPather"},{"params":{"x":5530,"sndId":-1,"rotation":0,"y":-300,"fnl":false,"safeId":-1,"id_off":13,"off":false,"id":2,"width":64,"height":1357},"className":"ToggleE"},{"params":{"x":8286,"rotation":0,"graphic":0,"safeId":-1,"id":-1,"y":48,"width":17,"height":17},"className":"PivotJointE"},{"params":{"x":8510,"rotation":0,"graphic":0,"safeId":-1,"id":16,"y":160,"width":17,"height":17},"className":"PivotJointE"},{"params":{"x":8830,"rotation":0,"graphic":0,"safeId":-1,"id":16,"y":160,"width":17,"height":17},"className":"PivotJointE"},{"params":{"x":8750,"rotation":0,"graphic":0,"safeId":-1,"id":16,"y":50,"width":17,"height":17},"className":"PivotJointE"},{"params":{"x":8540,"sndId":-1,"rotation":0,"y":-40,"fnl":false,"safeId":-1,"id_off":-1,"off":false,"id":16,"width":64,"height":585},"className":"ToggleE"},{"params":{"x":11257,"active":0,"y":-320,"cycle":0,"body":false,"id":17,"position":0,"width":301,"height":13,"stopOnEnd":true,"accelDist":0,"snapToGrid":true,"vertices":[{"x":0,"y":0,"length":0},{"x":288,"y":0,"length":288}],"sideWait":0,"safeId":-1,"startTime":"0","rotation":0,"speed":1000},"className":"frg.game.editor.objects::MoverPather"},{"params":{"x":11420,"sndId":-1,"rotation":63,"y":-400,"fnl":false,"safeId":-1,"id_off":-1,"off":false,"id":17,"width":64,"height":699},"className":"ToggleE"},{"params":{"x":11390,"sndId":-1,"rotation":51,"y":-810,"fnl":false,"safeId":-1,"id_off":-1,"off":false,"id":18,"width":64,"height":699},"className":"ToggleE"},{"params":{"x":11880,"active":0,"y":-1390,"cycle":0,"body":false,"id":18,"position":0,"width":13,"height":493,"stopOnEnd":true,"accelDist":0,"snapToGrid":true,"vertices":[{"x":0,"y":0,"length":0},{"x":0,"y":-480,"length":480}],"sideWait":0,"safeId":-1,"startTime":"0","rotation":0,"speed":500},"className":"frg.game.editor.objects::MoverPather"},{"params":{"x":2270,"sndId":-1,"rotation":0,"y":10,"fnl":false,"safeId":-1,"id_off":-1,"off":false,"id":12,"width":64,"height":1829},"className":"ToggleE"},{"params":{"x":2280,"sndId":-1,"rotation":0,"y":10,"fnl":false,"safeId":-1,"id_off":-1,"off":false,"id":13,"width":64,"height":1829},"className":"ToggleE"},{"params":{"x":5550,"sndId":0,"rotation":0,"y":-500,"fnl":false,"safeId":-1,"id_off":12,"off":false,"id":0,"width":64,"height":1701},"className":"ToggleE"},{"params":{"x":4440,"sndId":0,"rotation":0,"y":-1110,"fnl":false,"safeId":-1,"id_off":-1,"off":false,"id":14,"width":64,"height":1570},"className":"ToggleE"},{"params":{"x":7800,"sndId":-1,"rotation":0,"y":-260,"fnl":false,"safeId":-1,"id_off":14,"off":false,"id":0,"width":64,"height":1209},"className":"ToggleE"},{"params":{"x":7820,"sndId":-1,"rotation":0,"y":-270,"fnl":false,"safeId":-1,"id_off":2,"off":false,"id":0,"width":64,"height":1209},"className":"ToggleE"}]],"settings":{"prizes":"24,33,44","gravityY":500,"theme":6,"countdown":0}}