{"frames": {

"BarrelE0000":
{
	"frame": {"x":372,"y":1796,"w":54,"h":54},
	"rotated": false,
	"trimmed": false,
	"spriteSourceSize": {"x":0,"y":0,"w":54,"h":54},
	"sourceSize": {"w":54,"h":54}
},
"Bg0_00000":
{
	"frame": {"x":276,"y":207,"w":427,"h":170},
	"rotated": false,
	"trimmed": false,
	"spriteSourceSize": {"x":0,"y":0,"w":427,"h":170},
	"sourceSize": {"w":427,"h":170}
},
"Bg2_00000":
{
	"frame": {"x":2,"y":2,"w":800,"h":203},
	"rotated": false,
	"trimmed": false,
	"spriteSourceSize": {"x":0,"y":0,"w":800,"h":203},
	"sourceSize": {"w":800,"h":203}
},
"CarExplode0000":
{
	"frame": {"x":664,"y":421,"w":37,"h":38},
	"rotated": false,
	"trimmed": true,
	"spriteSourceSize": {"x":88,"y":91,"w":226,"h":257},
	"sourceSize": {"w":226,"h":257}
},
"CarExplode0001":
{
	"frame": {"x":440,"y":895,"w":76,"h":79},
	"rotated": false,
	"trimmed": true,
	"spriteSourceSize": {"x":72,"y":69,"w":226,"h":257},
	"sourceSize": {"w":226,"h":257}
},
"CarExplode0002":
{
	"frame": {"x":652,"y":981,"w":115,"h":138},
	"rotated": false,
	"trimmed": true,
	"spriteSourceSize": {"x":54,"y":44,"w":226,"h":257},
	"sourceSize": {"w":226,"h":257}
},
"CarExplode0003":
{
	"frame": {"x":501,"y":1390,"w":144,"h":174},
	"rotated": false,
	"trimmed": true,
	"spriteSourceSize": {"x":41,"y":23,"w":226,"h":257},
	"sourceSize": {"w":226,"h":257}
},
"CarExplode0004":
{
	"frame": {"x":832,"y":1390,"w":150,"h":179},
	"rotated": false,
	"trimmed": true,
	"spriteSourceSize": {"x":38,"y":22,"w":226,"h":257},
	"sourceSize": {"w":226,"h":257}
},
"CarExplode0005":
{
	"frame": {"x":370,"y":1192,"w":196,"h":196},
	"rotated": false,
	"trimmed": true,
	"spriteSourceSize": {"x":15,"y":15,"w":226,"h":257},
	"sourceSize": {"w":226,"h":257}
},
"CarExplode0006":
{
	"frame": {"x":804,"y":2,"w":196,"h":200},
	"rotated": false,
	"trimmed": true,
	"spriteSourceSize": {"x":15,"y":15,"w":226,"h":257},
	"sourceSize": {"w":226,"h":257}
},
"CarExplode0007":
{
	"frame": {"x":792,"y":695,"w":226,"h":226},
	"rotated": false,
	"trimmed": true,
	"spriteSourceSize": {"x":0,"y":0,"w":226,"h":257},
	"sourceSize": {"w":226,"h":257}
},
"CarExplode0008":
{
	"frame": {"x":792,"y":465,"w":226,"h":228},
	"rotated": false,
	"trimmed": true,
	"spriteSourceSize": {"x":0,"y":0,"w":226,"h":257},
	"sourceSize": {"w":226,"h":257}
},
"CarExplode0009":
{
	"frame": {"x":652,"y":1171,"w":178,"h":228},
	"rotated": false,
	"trimmed": true,
	"spriteSourceSize": {"x":15,"y":10,"w":226,"h":257},
	"sourceSize": {"w":226,"h":257}
},
"CarExplode0010":
{
	"frame": {"x":832,"y":1171,"w":178,"h":217},
	"rotated": false,
	"trimmed": true,
	"spriteSourceSize": {"x":15,"y":10,"w":226,"h":257},
	"sourceSize": {"w":226,"h":257}
},
"CarExplode0011":
{
	"frame": {"x":185,"y":1151,"w":183,"h":236},
	"rotated": false,
	"trimmed": true,
	"spriteSourceSize": {"x":13,"y":7,"w":226,"h":257},
	"sourceSize": {"w":226,"h":257}
},
"CarExplode0012":
{
	"frame": {"x":185,"y":1151,"w":183,"h":236},
	"rotated": false,
	"trimmed": true,
	"spriteSourceSize": {"x":13,"y":7,"w":226,"h":257},
	"sourceSize": {"w":226,"h":257}
},
"CarExplode0013":
{
	"frame": {"x":2,"y":996,"w":181,"h":242},
	"rotated": false,
	"trimmed": true,
	"spriteSourceSize": {"x":14,"y":5,"w":226,"h":257},
	"sourceSize": {"w":226,"h":257}
},
"CarExplode0014":
{
	"frame": {"x":2,"y":996,"w":181,"h":242},
	"rotated": false,
	"trimmed": true,
	"spriteSourceSize": {"x":14,"y":5,"w":226,"h":257},
	"sourceSize": {"w":226,"h":257}
},
"CarExplode0015":
{
	"frame": {"x":776,"y":923,"w":179,"h":246},
	"rotated": false,
	"trimmed": true,
	"spriteSourceSize": {"x":15,"y":6,"w":226,"h":257},
	"sourceSize": {"w":226,"h":257}
},
"CarExplode0016":
{
	"frame": {"x":776,"y":923,"w":179,"h":246},
	"rotated": false,
	"trimmed": true,
	"spriteSourceSize": {"x":15,"y":6,"w":226,"h":257},
	"sourceSize": {"w":226,"h":257}
},
"CarExplode0017":
{
	"frame": {"x":260,"y":895,"w":178,"h":254},
	"rotated": false,
	"trimmed": true,
	"spriteSourceSize": {"x":15,"y":3,"w":226,"h":257},
	"sourceSize": {"w":226,"h":257}
},
"CarExplode0018":
{
	"frame": {"x":260,"y":895,"w":178,"h":254},
	"rotated": false,
	"trimmed": true,
	"spriteSourceSize": {"x":15,"y":3,"w":226,"h":257},
	"sourceSize": {"w":226,"h":257}
},
"CarExplode0019":
{
	"frame": {"x":2,"y":1240,"w":166,"h":179},
	"rotated": false,
	"trimmed": true,
	"spriteSourceSize": {"x":16,"y":3,"w":226,"h":257},
	"sourceSize": {"w":226,"h":257}
},
"CarExplode0020":
{
	"frame": {"x":2,"y":1240,"w":166,"h":179},
	"rotated": false,
	"trimmed": true,
	"spriteSourceSize": {"x":16,"y":3,"w":226,"h":257},
	"sourceSize": {"w":226,"h":257}
},
"CarExplode0021":
{
	"frame": {"x":170,"y":1389,"w":164,"h":170},
	"rotated": false,
	"trimmed": true,
	"spriteSourceSize": {"x":17,"y":2,"w":226,"h":257},
	"sourceSize": {"w":226,"h":257}
},
"CarExplode0022":
{
	"frame": {"x":170,"y":1389,"w":164,"h":170},
	"rotated": false,
	"trimmed": true,
	"spriteSourceSize": {"x":17,"y":2,"w":226,"h":257},
	"sourceSize": {"w":226,"h":257}
},
"CarExplode0023":
{
	"frame": {"x":336,"y":1390,"w":163,"h":170},
	"rotated": false,
	"trimmed": true,
	"spriteSourceSize": {"x":17,"y":2,"w":226,"h":257},
	"sourceSize": {"w":226,"h":257}
},
"CarExplode0024":
{
	"frame": {"x":336,"y":1390,"w":163,"h":170},
	"rotated": false,
	"trimmed": true,
	"spriteSourceSize": {"x":17,"y":2,"w":226,"h":257},
	"sourceSize": {"w":226,"h":257}
},
"CarExplode0025":
{
	"frame": {"x":647,"y":1401,"w":136,"h":168},
	"rotated": false,
	"trimmed": true,
	"spriteSourceSize": {"x":40,"y":1,"w":226,"h":257},
	"sourceSize": {"w":226,"h":257}
},
"CarExplode0026":
{
	"frame": {"x":647,"y":1401,"w":136,"h":168},
	"rotated": false,
	"trimmed": true,
	"spriteSourceSize": {"x":40,"y":1,"w":226,"h":257},
	"sourceSize": {"w":226,"h":257}
},
"Dec12_anim0000":
{
	"frame": {"x":82,"y":1692,"w":60,"h":79},
	"rotated": false,
	"trimmed": false,
	"spriteSourceSize": {"x":0,"y":0,"w":60,"h":79},
	"sourceSize": {"w":60,"h":79}
},
"Dec12_anim0001":
{
	"frame": {"x":144,"y":1692,"w":60,"h":79},
	"rotated": false,
	"trimmed": false,
	"spriteSourceSize": {"x":0,"y":0,"w":60,"h":79},
	"sourceSize": {"w":60,"h":79}
},
"Dec12_anim0002":
{
	"frame": {"x":206,"y":1702,"w":60,"h":79},
	"rotated": false,
	"trimmed": false,
	"spriteSourceSize": {"x":0,"y":0,"w":60,"h":79},
	"sourceSize": {"w":60,"h":79}
},
"Dec12_anim0003":
{
	"frame": {"x":268,"y":1711,"w":60,"h":79},
	"rotated": false,
	"trimmed": false,
	"spriteSourceSize": {"x":0,"y":0,"w":60,"h":79},
	"sourceSize": {"w":60,"h":79}
},
"Dec12_anim0004":
{
	"frame": {"x":330,"y":1715,"w":60,"h":79},
	"rotated": false,
	"trimmed": false,
	"spriteSourceSize": {"x":0,"y":0,"w":60,"h":79},
	"sourceSize": {"w":60,"h":79}
},
"Dec12_anim0005":
{
	"frame": {"x":392,"y":1715,"w":60,"h":79},
	"rotated": false,
	"trimmed": false,
	"spriteSourceSize": {"x":0,"y":0,"w":60,"h":79},
	"sourceSize": {"w":60,"h":79}
},
"Dec12_anim0006":
{
	"frame": {"x":576,"y":1718,"w":60,"h":79},
	"rotated": false,
	"trimmed": false,
	"spriteSourceSize": {"x":0,"y":0,"w":60,"h":79},
	"sourceSize": {"w":60,"h":79}
},
"Dec12_anim0007":
{
	"frame": {"x":638,"y":1718,"w":60,"h":79},
	"rotated": false,
	"trimmed": false,
	"spriteSourceSize": {"x":0,"y":0,"w":60,"h":79},
	"sourceSize": {"w":60,"h":79}
},
"Dec12_anim0008":
{
	"frame": {"x":854,"y":1740,"w":60,"h":79},
	"rotated": false,
	"trimmed": false,
	"spriteSourceSize": {"x":0,"y":0,"w":60,"h":79},
	"sourceSize": {"w":60,"h":79}
},
"Dec12_anim0009":
{
	"frame": {"x":916,"y":1740,"w":60,"h":79},
	"rotated": false,
	"trimmed": false,
	"spriteSourceSize": {"x":0,"y":0,"w":60,"h":79},
	"sourceSize": {"w":60,"h":79}
},
"Dec12_anim0010":
{
	"frame": {"x":454,"y":1745,"w":60,"h":79},
	"rotated": false,
	"trimmed": false,
	"spriteSourceSize": {"x":0,"y":0,"w":60,"h":79},
	"sourceSize": {"w":60,"h":79}
},
"Dec170000":
{
	"frame": {"x":957,"y":1047,"w":60,"h":79},
	"rotated": false,
	"trimmed": false,
	"spriteSourceSize": {"x":0,"y":0,"w":60,"h":79},
	"sourceSize": {"w":60,"h":79}
},
"Dec180000":
{
	"frame": {"x":568,"y":1299,"w":74,"h":86},
	"rotated": false,
	"trimmed": false,
	"spriteSourceSize": {"x":0,"y":0,"w":74,"h":86},
	"sourceSize": {"w":74,"h":86}
},
"Dec190000":
{
	"frame": {"x":296,"y":1604,"w":72,"h":105},
	"rotated": false,
	"trimmed": false,
	"spriteSourceSize": {"x":0,"y":0,"w":72,"h":105},
	"sourceSize": {"w":72,"h":105}
},
"Dec200000":
{
	"frame": {"x":957,"y":923,"w":56,"h":122},
	"rotated": false,
	"trimmed": false,
	"spriteSourceSize": {"x":0,"y":0,"w":56,"h":122},
	"sourceSize": {"w":56,"h":122}
},
"Dec210000":
{
	"frame": {"x":568,"y":1192,"w":75,"h":105},
	"rotated": false,
	"trimmed": false,
	"spriteSourceSize": {"x":0,"y":0,"w":75,"h":105},
	"sourceSize": {"w":75,"h":105}
},
"Dec220000":
{
	"frame": {"x":185,"y":996,"w":70,"h":115},
	"rotated": false,
	"trimmed": false,
	"spriteSourceSize": {"x":0,"y":0,"w":70,"h":115},
	"sourceSize": {"w":70,"h":115}
},
"Dec230000":
{
	"frame": {"x":2,"y":1665,"w":78,"h":80},
	"rotated": false,
	"trimmed": false,
	"spriteSourceSize": {"x":0,"y":0,"w":78,"h":80},
	"sourceSize": {"w":78,"h":80}
},
"Dec240000":
{
	"frame": {"x":212,"y":1604,"w":82,"h":96},
	"rotated": false,
	"trimmed": false,
	"spriteSourceSize": {"x":0,"y":0,"w":82,"h":96},
	"sourceSize": {"w":82,"h":96}
},
"Dec250000":
{
	"frame": {"x":963,"y":361,"w":35,"h":91},
	"rotated": false,
	"trimmed": false,
	"spriteSourceSize": {"x":0,"y":0,"w":35,"h":91},
	"sourceSize": {"w":35,"h":91}
},
"Dec260000":
{
	"frame": {"x":884,"y":1664,"w":96,"h":74},
	"rotated": false,
	"trimmed": false,
	"spriteSourceSize": {"x":0,"y":0,"w":96,"h":74},
	"sourceSize": {"w":96,"h":74}
},
"Dec270000":
{
	"frame": {"x":116,"y":1604,"w":94,"h":86},
	"rotated": false,
	"trimmed": false,
	"spriteSourceSize": {"x":0,"y":0,"w":94,"h":86},
	"sourceSize": {"w":94,"h":86}
},
"Dec280000":
{
	"frame": {"x":706,"y":1674,"w":72,"h":74},
	"rotated": false,
	"trimmed": false,
	"spriteSourceSize": {"x":0,"y":0,"w":72,"h":74},
	"sourceSize": {"w":72,"h":74}
},
"GeyserBase0000":
{
	"frame": {"x":984,"y":1390,"w":25,"h":128},
	"rotated": false,
	"trimmed": false,
	"spriteSourceSize": {"x":0,"y":0,"w":25,"h":128},
	"sourceSize": {"w":25,"h":128}
},
"GlassCrashed00000":
{
	"frame": {"x":234,"y":1796,"w":136,"h":22},
	"rotated": false,
	"trimmed": false,
	"spriteSourceSize": {"x":0,"y":0,"w":136,"h":22},
	"sourceSize": {"w":136,"h":22}
},
"GlassCrashed0_00000":
{
	"frame": {"x":957,"y":1160,"w":40,"h":6},
	"rotated": false,
	"trimmed": false,
	"spriteSourceSize": {"x":0,"y":0,"w":40,"h":6},
	"sourceSize": {"w":40,"h":6}
},
"GlassCrashed0_10000":
{
	"frame": {"x":428,"y":1826,"w":63,"h":14},
	"rotated": false,
	"trimmed": false,
	"spriteSourceSize": {"x":0,"y":0,"w":63,"h":14},
	"sourceSize": {"w":63,"h":14}
},
"GlassCrashed0_20000":
{
	"frame": {"x":516,"y":1805,"w":56,"h":14},
	"rotated": false,
	"trimmed": false,
	"spriteSourceSize": {"x":0,"y":0,"w":56,"h":14},
	"sourceSize": {"w":56,"h":14}
},
"GlassCrashed0_30000":
{
	"frame": {"x":132,"y":1477,"w":34,"h":14},
	"rotated": false,
	"trimmed": false,
	"spriteSourceSize": {"x":0,"y":0,"w":34,"h":14},
	"sourceSize": {"w":34,"h":14}
},
"GlassCrashed0_40000":
{
	"frame": {"x":732,"y":1159,"w":36,"h":10},
	"rotated": false,
	"trimmed": false,
	"spriteSourceSize": {"x":0,"y":0,"w":36,"h":10},
	"sourceSize": {"w":36,"h":10}
},
"GlassCrashed0_50000":
{
	"frame": {"x":652,"y":1159,"w":78,"h":10},
	"rotated": false,
	"trimmed": false,
	"spriteSourceSize": {"x":0,"y":0,"w":78,"h":10},
	"sourceSize": {"w":78,"h":10}
},
"GlassCrashed10000":
{
	"frame": {"x":796,"y":1821,"w":70,"h":22},
	"rotated": false,
	"trimmed": false,
	"spriteSourceSize": {"x":0,"y":0,"w":70,"h":22},
	"sourceSize": {"w":70,"h":22}
},
"Motor00000":
{
	"frame": {"x":72,"y":1804,"w":47,"h":46},
	"rotated": false,
	"trimmed": false,
	"spriteSourceSize": {"x":0,"y":0,"w":47,"h":46},
	"sourceSize": {"w":47,"h":46}
},
"Motor10000":
{
	"frame": {"x":72,"y":1804,"w":47,"h":46},
	"rotated": false,
	"trimmed": false,
	"spriteSourceSize": {"x":0,"y":0,"w":47,"h":46},
	"sourceSize": {"w":47,"h":46}
},
"Pivot00000":
{
	"frame": {"x":132,"y":1493,"w":16,"h":16},
	"rotated": false,
	"trimmed": false,
	"spriteSourceSize": {"x":0,"y":0,"w":16,"h":16},
	"sourceSize": {"w":16,"h":16}
},
"Plank00000":
{
	"frame": {"x":720,"y":1814,"w":74,"h":21},
	"rotated": false,
	"trimmed": false,
	"spriteSourceSize": {"x":0,"y":0,"w":74,"h":21},
	"sourceSize": {"w":74,"h":21}
},
"PlankBone0000":
{
	"frame": {"x":275,"y":1820,"w":86,"h":18},
	"rotated": false,
	"trimmed": false,
	"spriteSourceSize": {"x":0,"y":0,"w":86,"h":18},
	"sourceSize": {"w":86,"h":18}
},
"Removed00000":
{
	"frame": {"x":1000,"y":361,"w":18,"h":75},
	"rotated": false,
	"trimmed": false,
	"spriteSourceSize": {"x":0,"y":0,"w":18,"h":75},
	"sourceSize": {"w":18,"h":75}
},
"Removed10000":
{
	"frame": {"x":785,"y":1435,"w":18,"h":51},
	"rotated": false,
	"trimmed": false,
	"spriteSourceSize": {"x":0,"y":0,"w":18,"h":51},
	"sourceSize": {"w":18,"h":51}
},
"RoadLine0_40000":
{
	"frame": {"x":370,"y":1151,"w":64,"h":36},
	"rotated": false,
	"trimmed": false,
	"spriteSourceSize": {"x":0,"y":0,"w":64,"h":36},
	"sourceSize": {"w":64,"h":36}
},
"RoadLine0_80000":
{
	"frame": {"x":963,"y":454,"w":20,"h":7},
	"rotated": false,
	"trimmed": false,
	"spriteSourceSize": {"x":0,"y":0,"w":20,"h":7},
	"sourceSize": {"w":20,"h":7}
},
"RoadLine0_Bg0000":
{
	"frame": {"x":785,"y":1401,"w":30,"h":32},
	"rotated": false,
	"trimmed": false,
	"spriteSourceSize": {"x":0,"y":0,"w":30,"h":32},
	"sourceSize": {"w":30,"h":32}
},
"RoadPillar0_00000":
{
	"frame": {"x":868,"y":1821,"w":128,"h":12},
	"rotated": false,
	"trimmed": false,
	"spriteSourceSize": {"x":0,"y":0,"w":128,"h":12},
	"sourceSize": {"w":128,"h":12}
},
"RoadTile0_10000":
{
	"frame": {"x":2,"y":1421,"w":128,"h":128},
	"rotated": false,
	"trimmed": false,
	"spriteSourceSize": {"x":0,"y":0,"w":128,"h":128},
	"sourceSize": {"w":128,"h":128}
},
"SafePointAnim0000":
{
	"frame": {"x":664,"y":379,"w":38,"h":40},
	"rotated": false,
	"trimmed": true,
	"spriteSourceSize": {"x":10,"y":10,"w":58,"h":58},
	"sourceSize": {"w":58,"h":58}
},
"SafePointAnim0001":
{
	"frame": {"x":516,"y":1745,"w":58,"h":58},
	"rotated": false,
	"trimmed": false,
	"spriteSourceSize": {"x":0,"y":0,"w":58,"h":58},
	"sourceSize": {"w":58,"h":58}
},
"Sign10000":
{
	"frame": {"x":500,"y":1669,"w":74,"h":74},
	"rotated": false,
	"trimmed": false,
	"spriteSourceSize": {"x":0,"y":0,"w":74,"h":74},
	"sourceSize": {"w":74,"h":74}
},
"Sign150000":
{
	"frame": {"x":652,"y":1121,"w":112,"h":36},
	"rotated": false,
	"trimmed": false,
	"spriteSourceSize": {"x":0,"y":0,"w":112,"h":36},
	"sourceSize": {"w":112,"h":36}
},
"Sign20000":
{
	"frame": {"x":780,"y":1674,"w":72,"h":72},
	"rotated": false,
	"trimmed": false,
	"spriteSourceSize": {"x":0,"y":0,"w":72,"h":72},
	"sourceSize": {"w":72,"h":72}
},
"Sign210000":
{
	"frame": {"x":884,"y":1571,"w":102,"h":91},
	"rotated": false,
	"trimmed": false,
	"spriteSourceSize": {"x":0,"y":0,"w":102,"h":91},
	"sourceSize": {"w":102,"h":91}
},
"SignPillar0000":
{
	"frame": {"x":1012,"y":1160,"w":10,"h":130},
	"rotated": false,
	"trimmed": false,
	"spriteSourceSize": {"x":0,"y":0,"w":10,"h":130},
	"sourceSize": {"w":10,"h":130}
},
"SpikeBall137E0000":
{
	"frame": {"x":440,"y":981,"w":210,"h":209},
	"rotated": false,
	"trimmed": false,
	"spriteSourceSize": {"x":0,"y":0,"w":210,"h":209},
	"sourceSize": {"w":210,"h":209}
},
"SpikeBall200E0000":
{
	"frame": {"x":2,"y":207,"w":272,"h":271},
	"rotated": false,
	"trimmed": false,
	"spriteSourceSize": {"x":0,"y":0,"w":272,"h":271},
	"sourceSize": {"w":272,"h":271}
},
"SpikeBall52E0000":
{
	"frame": {"x":2,"y":1551,"w":112,"h":112},
	"rotated": false,
	"trimmed": false,
	"spriteSourceSize": {"x":0,"y":0,"w":112,"h":112},
	"sourceSize": {"w":112,"h":112}
},
"Tnt10000":
{
	"frame": {"x":700,"y":1750,"w":58,"h":58},
	"rotated": false,
	"trimmed": false,
	"spriteSourceSize": {"x":0,"y":0,"w":58,"h":58},
	"sourceSize": {"w":58,"h":58}
},
"UnLine00000":
{
	"frame": {"x":121,"y":1804,"w":64,"h":32},
	"rotated": false,
	"trimmed": false,
	"spriteSourceSize": {"x":0,"y":0,"w":64,"h":32},
	"sourceSize": {"w":64,"h":32}
},
"bg0000":
{
	"frame": {"x":776,"y":876,"w":11,"h":11},
	"rotated": false,
	"trimmed": false,
	"spriteSourceSize": {"x":0,"y":0,"w":11,"h":11},
	"sourceSize": {"w":11,"h":11}
},
"bone_joint00000":
{
	"frame": {"x":805,"y":1435,"w":21,"h":23},
	"rotated": false,
	"trimmed": false,
	"spriteSourceSize": {"x":0,"y":0,"w":21,"h":23},
	"sourceSize": {"w":21,"h":23}
},
"bone_joint10000":
{
	"frame": {"x":132,"y":1455,"w":28,"h":20},
	"rotated": false,
	"trimmed": false,
	"spriteSourceSize": {"x":0,"y":0,"w":28,"h":20},
	"sourceSize": {"w":28,"h":20}
},
"bone_l0000":
{
	"frame": {"x":72,"y":1783,"w":160,"h":19},
	"rotated": false,
	"trimmed": false,
	"spriteSourceSize": {"x":0,"y":0,"w":160,"h":19},
	"sourceSize": {"w":160,"h":19}
},
"bone_m0000":
{
	"frame": {"x":534,"y":445,"w":122,"h":18},
	"rotated": false,
	"trimmed": false,
	"spriteSourceSize": {"x":0,"y":0,"w":122,"h":18},
	"sourceSize": {"w":122,"h":18}
},
"bone_s0000":
{
	"frame": {"x":187,"y":1820,"w":86,"h":18},
	"rotated": false,
	"trimmed": false,
	"spriteSourceSize": {"x":0,"y":0,"w":86,"h":18},
	"sourceSize": {"w":86,"h":18}
},
"boost_anim0000":
{
	"frame": {"x":374,"y":1562,"w":100,"h":101},
	"rotated": false,
	"trimmed": false,
	"spriteSourceSize": {"x":0,"y":0,"w":100,"h":101},
	"sourceSize": {"w":100,"h":101}
},
"boost_anim0001":
{
	"frame": {"x":374,"y":1562,"w":100,"h":101},
	"rotated": false,
	"trimmed": false,
	"spriteSourceSize": {"x":0,"y":0,"w":100,"h":101},
	"sourceSize": {"w":100,"h":101}
},
"boost_anim0002":
{
	"frame": {"x":476,"y":1566,"w":100,"h":101},
	"rotated": false,
	"trimmed": false,
	"spriteSourceSize": {"x":0,"y":0,"w":100,"h":101},
	"sourceSize": {"w":100,"h":101}
},
"boost_anim0003":
{
	"frame": {"x":476,"y":1566,"w":100,"h":101},
	"rotated": false,
	"trimmed": false,
	"spriteSourceSize": {"x":0,"y":0,"w":100,"h":101},
	"sourceSize": {"w":100,"h":101}
},
"boost_anim0004":
{
	"frame": {"x":578,"y":1571,"w":100,"h":101},
	"rotated": false,
	"trimmed": false,
	"spriteSourceSize": {"x":0,"y":0,"w":100,"h":101},
	"sourceSize": {"w":100,"h":101}
},
"boost_anim0005":
{
	"frame": {"x":578,"y":1571,"w":100,"h":101},
	"rotated": false,
	"trimmed": false,
	"spriteSourceSize": {"x":0,"y":0,"w":100,"h":101},
	"sourceSize": {"w":100,"h":101}
},
"boost_anim0006":
{
	"frame": {"x":680,"y":1571,"w":100,"h":101},
	"rotated": false,
	"trimmed": false,
	"spriteSourceSize": {"x":0,"y":0,"w":100,"h":101},
	"sourceSize": {"w":100,"h":101}
},
"boost_anim0007":
{
	"frame": {"x":680,"y":1571,"w":100,"h":101},
	"rotated": false,
	"trimmed": false,
	"spriteSourceSize": {"x":0,"y":0,"w":100,"h":101},
	"sourceSize": {"w":100,"h":101}
},
"boost_anim0008":
{
	"frame": {"x":782,"y":1571,"w":100,"h":101},
	"rotated": false,
	"trimmed": false,
	"spriteSourceSize": {"x":0,"y":0,"w":100,"h":101},
	"sourceSize": {"w":100,"h":101}
},
"boost_anim0009":
{
	"frame": {"x":782,"y":1571,"w":100,"h":101},
	"rotated": false,
	"trimmed": false,
	"spriteSourceSize": {"x":0,"y":0,"w":100,"h":101},
	"sourceSize": {"w":100,"h":101}
},
"fence_part0000":
{
	"frame": {"x":963,"y":204,"w":50,"h":155},
	"rotated": false,
	"trimmed": false,
	"spriteSourceSize": {"x":0,"y":0,"w":50,"h":155},
	"sourceSize": {"w":50,"h":155}
},
"fence_pillar0000":
{
	"frame": {"x":1002,"y":2,"w":16,"h":164},
	"rotated": false,
	"trimmed": false,
	"spriteSourceSize": {"x":0,"y":0,"w":16,"h":164},
	"sourceSize": {"w":16,"h":164}
},
"finish0000":
{
	"frame": {"x":780,"y":1748,"w":64,"h":64},
	"rotated": false,
	"trimmed": false,
	"spriteSourceSize": {"x":0,"y":0,"w":64,"h":64},
	"sourceSize": {"w":64,"h":64}
},
"geyser_anim0000":
{
	"frame": {"x":260,"y":480,"w":12,"h":112},
	"rotated": false,
	"trimmed": false,
	"spriteSourceSize": {"x":0,"y":0,"w":12,"h":112},
	"sourceSize": {"w":12,"h":112}
},
"geyser_anim0001":
{
	"frame": {"x":260,"y":480,"w":12,"h":112},
	"rotated": false,
	"trimmed": false,
	"spriteSourceSize": {"x":0,"y":0,"w":12,"h":112},
	"sourceSize": {"w":12,"h":112}
},
"geyser_anim0002":
{
	"frame": {"x":776,"y":723,"w":12,"h":112},
	"rotated": false,
	"trimmed": true,
	"spriteSourceSize": {"x":0,"y":0,"w":12,"h":112},
	"sourceSize": {"w":12,"h":112}
},
"geyser_anim0003":
{
	"frame": {"x":776,"y":723,"w":12,"h":112},
	"rotated": false,
	"trimmed": true,
	"spriteSourceSize": {"x":0,"y":0,"w":12,"h":112},
	"sourceSize": {"w":12,"h":112}
},
"geyser_anim0004":
{
	"frame": {"x":170,"y":1240,"w":12,"h":112},
	"rotated": false,
	"trimmed": true,
	"spriteSourceSize": {"x":0,"y":0,"w":12,"h":112},
	"sourceSize": {"w":12,"h":112}
},
"geyser_anim0005":
{
	"frame": {"x":170,"y":1240,"w":12,"h":112},
	"rotated": false,
	"trimmed": true,
	"spriteSourceSize": {"x":0,"y":0,"w":12,"h":112},
	"sourceSize": {"w":12,"h":112}
},
"glass_explode_anim0000":
{
	"frame": {"x":957,"y":1128,"w":61,"h":30},
	"rotated": false,
	"trimmed": true,
	"spriteSourceSize": {"x":10,"y":5,"w":76,"h":38},
	"sourceSize": {"w":76,"h":38}
},
"glass_explode_anim0001":
{
	"frame": {"x":957,"y":1128,"w":61,"h":30},
	"rotated": false,
	"trimmed": true,
	"spriteSourceSize": {"x":10,"y":5,"w":76,"h":38},
	"sourceSize": {"w":76,"h":38}
},
"glass_explode_anim0002":
{
	"frame": {"x":185,"y":1113,"w":68,"h":36},
	"rotated": false,
	"trimmed": true,
	"spriteSourceSize": {"x":5,"y":0,"w":76,"h":38},
	"sourceSize": {"w":76,"h":38}
},
"glass_explode_anim0003":
{
	"frame": {"x":185,"y":1113,"w":68,"h":36},
	"rotated": false,
	"trimmed": true,
	"spriteSourceSize": {"x":5,"y":0,"w":76,"h":38},
	"sourceSize": {"w":76,"h":38}
},
"glass_explode_anim0004":
{
	"frame": {"x":576,"y":1799,"w":76,"h":38},
	"rotated": false,
	"trimmed": true,
	"spriteSourceSize": {"x":0,"y":0,"w":76,"h":38},
	"sourceSize": {"w":76,"h":38}
},
"glass_explode_anim0005":
{
	"frame": {"x":576,"y":1799,"w":76,"h":38},
	"rotated": false,
	"trimmed": true,
	"spriteSourceSize": {"x":0,"y":0,"w":76,"h":38},
	"sourceSize": {"w":76,"h":38}
},
"ground_part_anim0000":
{
	"frame": {"x":1015,"y":222,"w":5,"h":5},
	"rotated": false,
	"trimmed": true,
	"spriteSourceSize": {"x":4,"y":4,"w":14,"h":14},
	"sourceSize": {"w":14,"h":14}
},
"ground_part_anim0001":
{
	"frame": {"x":1015,"y":222,"w":5,"h":5},
	"rotated": false,
	"trimmed": true,
	"spriteSourceSize": {"x":4,"y":4,"w":14,"h":14},
	"sourceSize": {"w":14,"h":14}
},
"ground_part_anim0002":
{
	"frame": {"x":1015,"y":204,"w":7,"h":7},
	"rotated": false,
	"trimmed": true,
	"spriteSourceSize": {"x":3,"y":3,"w":14,"h":14},
	"sourceSize": {"w":14,"h":14}
},
"ground_part_anim0003":
{
	"frame": {"x":1015,"y":204,"w":7,"h":7},
	"rotated": false,
	"trimmed": true,
	"spriteSourceSize": {"x":3,"y":3,"w":14,"h":14},
	"sourceSize": {"w":14,"h":14}
},
"ground_part_anim0004":
{
	"frame": {"x":776,"y":863,"w":11,"h":11},
	"rotated": false,
	"trimmed": true,
	"spriteSourceSize": {"x":1,"y":1,"w":14,"h":14},
	"sourceSize": {"w":14,"h":14}
},
"ground_part_anim0005":
{
	"frame": {"x":776,"y":863,"w":11,"h":11},
	"rotated": false,
	"trimmed": true,
	"spriteSourceSize": {"x":1,"y":1,"w":14,"h":14},
	"sourceSize": {"w":14,"h":14}
},
"ground_part_anim0006":
{
	"frame": {"x":518,"y":652,"w":13,"h":13},
	"rotated": false,
	"trimmed": true,
	"spriteSourceSize": {"x":0,"y":0,"w":14,"h":14},
	"sourceSize": {"w":14,"h":14}
},
"ground_part_anim0007":
{
	"frame": {"x":518,"y":652,"w":13,"h":13},
	"rotated": false,
	"trimmed": true,
	"spriteSourceSize": {"x":0,"y":0,"w":14,"h":14},
	"sourceSize": {"w":14,"h":14}
},
"ground_part_anim0008":
{
	"frame": {"x":776,"y":889,"w":10,"h":10},
	"rotated": false,
	"trimmed": true,
	"spriteSourceSize": {"x":2,"y":2,"w":14,"h":14},
	"sourceSize": {"w":14,"h":14}
},
"ground_part_anim0009":
{
	"frame": {"x":776,"y":889,"w":10,"h":10},
	"rotated": false,
	"trimmed": true,
	"spriteSourceSize": {"x":2,"y":2,"w":14,"h":14},
	"sourceSize": {"w":14,"h":14}
},
"ground_part_anim0010":
{
	"frame": {"x":776,"y":901,"w":10,"h":10},
	"rotated": false,
	"trimmed": true,
	"spriteSourceSize": {"x":2,"y":2,"w":14,"h":14},
	"sourceSize": {"w":14,"h":14}
},
"ground_part_anim0011":
{
	"frame": {"x":776,"y":901,"w":10,"h":10},
	"rotated": false,
	"trimmed": true,
	"spriteSourceSize": {"x":2,"y":2,"w":14,"h":14},
	"sourceSize": {"w":14,"h":14}
},
"ground_part_anim0012":
{
	"frame": {"x":518,"y":667,"w":12,"h":12},
	"rotated": false,
	"trimmed": true,
	"spriteSourceSize": {"x":1,"y":1,"w":14,"h":14},
	"sourceSize": {"w":14,"h":14}
},
"ground_part_anim0013":
{
	"frame": {"x":518,"y":667,"w":12,"h":12},
	"rotated": false,
	"trimmed": true,
	"spriteSourceSize": {"x":1,"y":1,"w":14,"h":14},
	"sourceSize": {"w":14,"h":14}
},
"ground_part_anim0014":
{
	"frame": {"x":518,"y":681,"w":12,"h":12},
	"rotated": false,
	"trimmed": true,
	"spriteSourceSize": {"x":1,"y":1,"w":14,"h":14},
	"sourceSize": {"w":14,"h":14}
},
"ground_part_anim0015":
{
	"frame": {"x":518,"y":681,"w":12,"h":12},
	"rotated": false,
	"trimmed": true,
	"spriteSourceSize": {"x":1,"y":1,"w":14,"h":14},
	"sourceSize": {"w":14,"h":14}
},
"ground_part_anim0016":
{
	"frame": {"x":260,"y":611,"w":14,"h":14},
	"rotated": false,
	"trimmed": false,
	"spriteSourceSize": {"x":0,"y":0,"w":14,"h":14},
	"sourceSize": {"w":14,"h":14}
},
"ground_part_anim0017":
{
	"frame": {"x":260,"y":611,"w":14,"h":14},
	"rotated": false,
	"trimmed": false,
	"spriteSourceSize": {"x":0,"y":0,"w":14,"h":14},
	"sourceSize": {"w":14,"h":14}
},
"ground_part_anim0018":
{
	"frame": {"x":518,"y":695,"w":12,"h":12},
	"rotated": false,
	"trimmed": true,
	"spriteSourceSize": {"x":1,"y":1,"w":14,"h":14},
	"sourceSize": {"w":14,"h":14}
},
"ground_part_anim0019":
{
	"frame": {"x":518,"y":695,"w":12,"h":12},
	"rotated": false,
	"trimmed": true,
	"spriteSourceSize": {"x":1,"y":1,"w":14,"h":14},
	"sourceSize": {"w":14,"h":14}
},
"ground_part_anim0020":
{
	"frame": {"x":776,"y":837,"w":12,"h":11},
	"rotated": false,
	"trimmed": true,
	"spriteSourceSize": {"x":1,"y":1,"w":14,"h":14},
	"sourceSize": {"w":14,"h":14}
},
"ground_part_anim0021":
{
	"frame": {"x":776,"y":837,"w":12,"h":11},
	"rotated": false,
	"trimmed": true,
	"spriteSourceSize": {"x":1,"y":1,"w":14,"h":14},
	"sourceSize": {"w":14,"h":14}
},
"ground_part_anim0022":
{
	"frame": {"x":1012,"y":1292,"w":10,"h":10},
	"rotated": false,
	"trimmed": true,
	"spriteSourceSize": {"x":2,"y":2,"w":14,"h":14},
	"sourceSize": {"w":14,"h":14}
},
"ground_part_anim0023":
{
	"frame": {"x":1012,"y":1292,"w":10,"h":10},
	"rotated": false,
	"trimmed": true,
	"spriteSourceSize": {"x":2,"y":2,"w":14,"h":14},
	"sourceSize": {"w":14,"h":14}
},
"ground_part_anim0024":
{
	"frame": {"x":260,"y":627,"w":8,"h":8},
	"rotated": false,
	"trimmed": true,
	"spriteSourceSize": {"x":3,"y":3,"w":14,"h":14},
	"sourceSize": {"w":14,"h":14}
},
"ground_part_anim0025":
{
	"frame": {"x":260,"y":627,"w":8,"h":8},
	"rotated": false,
	"trimmed": true,
	"spriteSourceSize": {"x":3,"y":3,"w":14,"h":14},
	"sourceSize": {"w":14,"h":14}
},
"hell_rider_head0000":
{
	"frame": {"x":2,"y":1747,"w":68,"h":68},
	"rotated": false,
	"trimmed": false,
	"spriteSourceSize": {"x":0,"y":0,"w":68,"h":68},
	"sourceSize": {"w":68,"h":68}
},
"hell_rider_head0001":
{
	"frame": {"x":2,"y":1747,"w":68,"h":68},
	"rotated": false,
	"trimmed": false,
	"spriteSourceSize": {"x":0,"y":0,"w":68,"h":68},
	"sourceSize": {"w":68,"h":68}
},
"hell_rider_head0002":
{
	"frame": {"x":2,"y":1747,"w":68,"h":68},
	"rotated": false,
	"trimmed": false,
	"spriteSourceSize": {"x":0,"y":0,"w":68,"h":68},
	"sourceSize": {"w":68,"h":68}
},
"hell_rider_head0003":
{
	"frame": {"x":2,"y":1747,"w":68,"h":68},
	"rotated": false,
	"trimmed": false,
	"spriteSourceSize": {"x":0,"y":0,"w":68,"h":68},
	"sourceSize": {"w":68,"h":68}
},
"hell_rider_head0004":
{
	"frame": {"x":2,"y":1747,"w":68,"h":68},
	"rotated": false,
	"trimmed": false,
	"spriteSourceSize": {"x":0,"y":0,"w":68,"h":68},
	"sourceSize": {"w":68,"h":68}
},
"hell_rider_head0005":
{
	"frame": {"x":2,"y":1747,"w":68,"h":68},
	"rotated": false,
	"trimmed": false,
	"spriteSourceSize": {"x":0,"y":0,"w":68,"h":68},
	"sourceSize": {"w":68,"h":68}
},
"hell_rider_head0006":
{
	"frame": {"x":2,"y":1747,"w":68,"h":68},
	"rotated": false,
	"trimmed": false,
	"spriteSourceSize": {"x":0,"y":0,"w":68,"h":68},
	"sourceSize": {"w":68,"h":68}
},
"hell_rider_head0007":
{
	"frame": {"x":2,"y":1747,"w":68,"h":68},
	"rotated": false,
	"trimmed": false,
	"spriteSourceSize": {"x":0,"y":0,"w":68,"h":68},
	"sourceSize": {"w":68,"h":68}
},
"hell_rider_head0008":
{
	"frame": {"x":2,"y":1747,"w":68,"h":68},
	"rotated": false,
	"trimmed": false,
	"spriteSourceSize": {"x":0,"y":0,"w":68,"h":68},
	"sourceSize": {"w":68,"h":68}
},
"hell_rider_head0009":
{
	"frame": {"x":2,"y":1747,"w":68,"h":68},
	"rotated": false,
	"trimmed": false,
	"spriteSourceSize": {"x":0,"y":0,"w":68,"h":68},
	"sourceSize": {"w":68,"h":68}
},
"hell_rider_head0010":
{
	"frame": {"x":2,"y":1747,"w":68,"h":68},
	"rotated": false,
	"trimmed": false,
	"spriteSourceSize": {"x":0,"y":0,"w":68,"h":68},
	"sourceSize": {"w":68,"h":68}
},
"hell_rider_head0011":
{
	"frame": {"x":2,"y":1747,"w":68,"h":68},
	"rotated": false,
	"trimmed": false,
	"spriteSourceSize": {"x":0,"y":0,"w":68,"h":68},
	"sourceSize": {"w":68,"h":68}
},
"hell_rider_head0012":
{
	"frame": {"x":2,"y":1747,"w":68,"h":68},
	"rotated": false,
	"trimmed": false,
	"spriteSourceSize": {"x":0,"y":0,"w":68,"h":68},
	"sourceSize": {"w":68,"h":68}
},
"hell_rider_head0013":
{
	"frame": {"x":2,"y":1747,"w":68,"h":68},
	"rotated": false,
	"trimmed": false,
	"spriteSourceSize": {"x":0,"y":0,"w":68,"h":68},
	"sourceSize": {"w":68,"h":68}
},
"hell_rider_head0014":
{
	"frame": {"x":2,"y":1747,"w":68,"h":68},
	"rotated": false,
	"trimmed": false,
	"spriteSourceSize": {"x":0,"y":0,"w":68,"h":68},
	"sourceSize": {"w":68,"h":68}
},
"hell_rider_head0015":
{
	"frame": {"x":2,"y":1747,"w":68,"h":68},
	"rotated": false,
	"trimmed": false,
	"spriteSourceSize": {"x":0,"y":0,"w":68,"h":68},
	"sourceSize": {"w":68,"h":68}
},
"hell_rider_head0016":
{
	"frame": {"x":2,"y":1747,"w":68,"h":68},
	"rotated": false,
	"trimmed": false,
	"spriteSourceSize": {"x":0,"y":0,"w":68,"h":68},
	"sourceSize": {"w":68,"h":68}
},
"hell_rider_head0017":
{
	"frame": {"x":2,"y":1747,"w":68,"h":68},
	"rotated": false,
	"trimmed": false,
	"spriteSourceSize": {"x":0,"y":0,"w":68,"h":68},
	"sourceSize": {"w":68,"h":68}
},
"hell_rider_head0018":
{
	"frame": {"x":2,"y":1747,"w":68,"h":68},
	"rotated": false,
	"trimmed": false,
	"spriteSourceSize": {"x":0,"y":0,"w":68,"h":68},
	"sourceSize": {"w":68,"h":68}
},
"hell_rider_head0019":
{
	"frame": {"x":2,"y":1747,"w":68,"h":68},
	"rotated": false,
	"trimmed": false,
	"spriteSourceSize": {"x":0,"y":0,"w":68,"h":68},
	"sourceSize": {"w":68,"h":68}
},
"line0000":
{
	"frame": {"x":132,"y":1421,"w":30,"h":32},
	"rotated": false,
	"trimmed": false,
	"spriteSourceSize": {"x":0,"y":0,"w":30,"h":32},
	"sourceSize": {"w":30,"h":32}
},
"line_alum0000":
{
	"frame": {"x":2,"y":1817,"w":64,"h":14},
	"rotated": false,
	"trimmed": false,
	"spriteSourceSize": {"x":0,"y":0,"w":64,"h":14},
	"sourceSize": {"w":64,"h":14}
},
"line_metal_g0000":
{
	"frame": {"x":576,"y":1674,"w":128,"h":42},
	"rotated": false,
	"trimmed": false,
	"spriteSourceSize": {"x":0,"y":0,"w":128,"h":42},
	"sourceSize": {"w":128,"h":42}
},
"line_rivet0000":
{
	"frame": {"x":654,"y":1810,"w":64,"h":32},
	"rotated": false,
	"trimmed": false,
	"spriteSourceSize": {"x":0,"y":0,"w":64,"h":32},
	"sourceSize": {"w":64,"h":32}
},
"line_spike0000":
{
	"frame": {"x":534,"y":379,"w":128,"h":64},
	"rotated": false,
	"trimmed": false,
	"spriteSourceSize": {"x":0,"y":0,"w":128,"h":64},
	"sourceSize": {"w":128,"h":64}
},
"line_stone_shape0000":
{
	"frame": {"x":116,"y":1562,"w":256,"h":40},
	"rotated": false,
	"trimmed": false,
	"spriteSourceSize": {"x":0,"y":0,"w":256,"h":40},
	"sourceSize": {"w":256,"h":40}
},
"line_wood0000":
{
	"frame": {"x":370,"y":1669,"w":128,"h":44},
	"rotated": false,
	"trimmed": false,
	"spriteSourceSize": {"x":0,"y":0,"w":128,"h":44},
	"sourceSize": {"w":128,"h":44}
},
"line_wood_g0000":
{
	"frame": {"x":370,"y":1669,"w":128,"h":44},
	"rotated": false,
	"trimmed": false,
	"spriteSourceSize": {"x":0,"y":0,"w":128,"h":44},
	"sourceSize": {"w":128,"h":44}
},
"particle_boost0000":
{
	"frame": {"x":493,"y":1826,"w":69,"h":9},
	"rotated": false,
	"trimmed": false,
	"spriteSourceSize": {"x":0,"y":0,"w":69,"h":9},
	"sourceSize": {"w":69,"h":9}
},
"smoke_part_anim0000":
{
	"frame": {"x":1015,"y":213,"w":7,"h":7},
	"rotated": false,
	"trimmed": true,
	"spriteSourceSize": {"x":7,"y":6,"w":19,"h":19},
	"sourceSize": {"w":19,"h":19}
},
"smoke_part_anim0001":
{
	"frame": {"x":776,"y":913,"w":8,"h":8},
	"rotated": false,
	"trimmed": true,
	"spriteSourceSize": {"x":6,"y":6,"w":19,"h":19},
	"sourceSize": {"w":19,"h":19}
},
"smoke_part_anim0002":
{
	"frame": {"x":985,"y":454,"w":10,"h":9},
	"rotated": false,
	"trimmed": true,
	"spriteSourceSize": {"x":5,"y":6,"w":19,"h":19},
	"sourceSize": {"w":19,"h":19}
},
"smoke_part_anim0003":
{
	"frame": {"x":1012,"y":1304,"w":10,"h":10},
	"rotated": false,
	"trimmed": true,
	"spriteSourceSize": {"x":5,"y":5,"w":19,"h":19},
	"sourceSize": {"w":19,"h":19}
},
"smoke_part_anim0004":
{
	"frame": {"x":776,"y":850,"w":12,"h":11},
	"rotated": false,
	"trimmed": true,
	"spriteSourceSize": {"x":4,"y":5,"w":19,"h":19},
	"sourceSize": {"w":19,"h":19}
},
"smoke_part_anim0005":
{
	"frame": {"x":518,"y":709,"w":13,"h":11},
	"rotated": false,
	"trimmed": true,
	"spriteSourceSize": {"x":3,"y":5,"w":19,"h":19},
	"sourceSize": {"w":19,"h":19}
},
"smoke_part_anim0006":
{
	"frame": {"x":1002,"y":189,"w":14,"h":13},
	"rotated": false,
	"trimmed": true,
	"spriteSourceSize": {"x":3,"y":4,"w":19,"h":19},
	"sourceSize": {"w":19,"h":19}
},
"smoke_part_anim0007":
{
	"frame": {"x":518,"y":637,"w":14,"h":13},
	"rotated": false,
	"trimmed": true,
	"spriteSourceSize": {"x":3,"y":4,"w":19,"h":19},
	"sourceSize": {"w":19,"h":19}
},
"smoke_part_anim0008":
{
	"frame": {"x":260,"y":594,"w":14,"h":15},
	"rotated": false,
	"trimmed": true,
	"spriteSourceSize": {"x":3,"y":3,"w":19,"h":19},
	"sourceSize": {"w":19,"h":19}
},
"smoke_part_anim0009":
{
	"frame": {"x":150,"y":1493,"w":15,"h":16},
	"rotated": false,
	"trimmed": true,
	"spriteSourceSize": {"x":3,"y":2,"w":19,"h":19},
	"sourceSize": {"w":19,"h":19}
},
"smoke_part_anim0010":
{
	"frame": {"x":785,"y":1488,"w":17,"h":17},
	"rotated": false,
	"trimmed": true,
	"spriteSourceSize": {"x":1,"y":1,"w":19,"h":19},
	"sourceSize": {"w":19,"h":19}
},
"smoke_part_anim0011":
{
	"frame": {"x":805,"y":1480,"w":17,"h":19},
	"rotated": false,
	"trimmed": true,
	"spriteSourceSize": {"x":1,"y":0,"w":19,"h":19},
	"sourceSize": {"w":19,"h":19}
},
"smoke_part_anim0012":
{
	"frame": {"x":1002,"y":168,"w":18,"h":19},
	"rotated": false,
	"trimmed": true,
	"spriteSourceSize": {"x":0,"y":0,"w":19,"h":19},
	"sourceSize": {"w":19,"h":19}
},
"smoke_part_anim0013":
{
	"frame": {"x":1000,"y":438,"w":18,"h":19},
	"rotated": false,
	"trimmed": true,
	"spriteSourceSize": {"x":0,"y":0,"w":19,"h":19},
	"sourceSize": {"w":19,"h":19}
},
"smoke_part_anim0014":
{
	"frame": {"x":805,"y":1460,"w":19,"h":18},
	"rotated": false,
	"trimmed": true,
	"spriteSourceSize": {"x":0,"y":1,"w":19,"h":19},
	"sourceSize": {"w":19,"h":19}
},
"tile0000":
{
	"frame": {"x":2,"y":480,"w":256,"h":256},
	"rotated": false,
	"trimmed": false,
	"spriteSourceSize": {"x":0,"y":0,"w":256,"h":256},
	"sourceSize": {"w":256,"h":256}
},
"tile_bg0000":
{
	"frame": {"x":260,"y":637,"w":256,"h":256},
	"rotated": false,
	"trimmed": false,
	"spriteSourceSize": {"x":0,"y":0,"w":256,"h":256},
	"sourceSize": {"w":256,"h":256}
},
"tile_rivet0000":
{
	"frame": {"x":534,"y":465,"w":256,"h":256},
	"rotated": false,
	"trimmed": false,
	"spriteSourceSize": {"x":0,"y":0,"w":256,"h":256},
	"sourceSize": {"w":256,"h":256}
},
"tile_rivet_bg0000":
{
	"frame": {"x":276,"y":379,"w":256,"h":256},
	"rotated": false,
	"trimmed": false,
	"spriteSourceSize": {"x":0,"y":0,"w":256,"h":256},
	"sourceSize": {"w":256,"h":256}
},
"tile_saw0000":
{
	"frame": {"x":705,"y":207,"w":256,"h":256},
	"rotated": false,
	"trimmed": false,
	"spriteSourceSize": {"x":0,"y":0,"w":256,"h":256},
	"sourceSize": {"w":256,"h":256}
},
"tile_stone0000":
{
	"frame": {"x":518,"y":723,"w":256,"h":256},
	"rotated": false,
	"trimmed": false,
	"spriteSourceSize": {"x":0,"y":0,"w":256,"h":256},
	"sourceSize": {"w":256,"h":256}
},
"tile_stone_hall0000":
{
	"frame": {"x":2,"y":738,"w":256,"h":256},
	"rotated": false,
	"trimmed": false,
	"spriteSourceSize": {"x":0,"y":0,"w":256,"h":256},
	"sourceSize": {"w":256,"h":256}
}},
"meta": {
	"app": "Adobe Flash Professional",
	"version": "15.0.1.179",
	"image": "theme0.png",
	"format": "RGBA8888",
	"size": {"w":1024,"h":2048},
	"scale": "1"
}
}
