{"frames": {

"BarrelE0000":
{
	"frame": {"x":380,"y":833,"w":54,"h":54},
	"rotated": false,
	"trimmed": false,
	"spriteSourceSize": {"x":0,"y":0,"w":54,"h":54},
	"sourceSize": {"w":54,"h":54}
},
"Bg0_00000":
{
	"frame": {"x":2,"y":2,"w":427,"h":240},
	"rotated": false,
	"trimmed": false,
	"spriteSourceSize": {"x":0,"y":0,"w":427,"h":240},
	"sourceSize": {"w":427,"h":240}
},
"Bg1_00000":
{
	"frame": {"x":290,"y":244,"w":10,"h":10},
	"rotated": false,
	"trimmed": false,
	"spriteSourceSize": {"x":0,"y":0,"w":10,"h":10},
	"sourceSize": {"w":10,"h":10}
},
"Bg2_00000":
{
	"frame": {"x":278,"y":244,"w":10,"h":10},
	"rotated": false,
	"trimmed": false,
	"spriteSourceSize": {"x":0,"y":0,"w":10,"h":10},
	"sourceSize": {"w":10,"h":10}
},
"CarExplode0000":
{
	"frame": {"x":100,"y":1166,"w":36,"h":37},
	"rotated": false,
	"trimmed": true,
	"spriteSourceSize": {"x":89,"y":92,"w":226,"h":257},
	"sourceSize": {"w":226,"h":257}
},
"CarExplode0001":
{
	"frame": {"x":939,"y":1297,"w":75,"h":78},
	"rotated": false,
	"trimmed": true,
	"spriteSourceSize": {"x":73,"y":70,"w":226,"h":257},
	"sourceSize": {"w":226,"h":257}
},
"CarExplode0002":
{
	"frame": {"x":781,"y":1154,"w":114,"h":137},
	"rotated": false,
	"trimmed": true,
	"spriteSourceSize": {"x":55,"y":45,"w":226,"h":257},
	"sourceSize": {"w":226,"h":257}
},
"CarExplode0003":
{
	"frame": {"x":2,"y":990,"w":144,"h":174},
	"rotated": false,
	"trimmed": true,
	"spriteSourceSize": {"x":41,"y":23,"w":226,"h":257},
	"sourceSize": {"w":226,"h":257}
},
"CarExplode0004":
{
	"frame": {"x":621,"y":518,"w":150,"h":179},
	"rotated": false,
	"trimmed": true,
	"spriteSourceSize": {"x":38,"y":22,"w":226,"h":257},
	"sourceSize": {"w":226,"h":257}
},
"CarExplode0005":
{
	"frame": {"x":804,"y":956,"w":196,"h":196},
	"rotated": false,
	"trimmed": true,
	"spriteSourceSize": {"x":15,"y":15,"w":226,"h":257},
	"sourceSize": {"w":226,"h":257}
},
"CarExplode0006":
{
	"frame": {"x":182,"y":774,"w":196,"h":200},
	"rotated": false,
	"trimmed": true,
	"spriteSourceSize": {"x":15,"y":15,"w":226,"h":257},
	"sourceSize": {"w":226,"h":257}
},
"CarExplode0007":
{
	"frame": {"x":776,"y":490,"w":226,"h":226},
	"rotated": false,
	"trimmed": true,
	"spriteSourceSize": {"x":0,"y":0,"w":226,"h":257},
	"sourceSize": {"w":226,"h":257}
},
"CarExplode0008":
{
	"frame": {"x":776,"y":260,"w":226,"h":228},
	"rotated": false,
	"trimmed": true,
	"spriteSourceSize": {"x":0,"y":0,"w":226,"h":257},
	"sourceSize": {"w":226,"h":257}
},
"CarExplode0009":
{
	"frame": {"x":2,"y":760,"w":178,"h":228},
	"rotated": false,
	"trimmed": true,
	"spriteSourceSize": {"x":15,"y":10,"w":226,"h":257},
	"sourceSize": {"w":226,"h":257}
},
"CarExplode0010":
{
	"frame": {"x":440,"y":766,"w":178,"h":217},
	"rotated": false,
	"trimmed": true,
	"spriteSourceSize": {"x":15,"y":10,"w":226,"h":257},
	"sourceSize": {"w":226,"h":257}
},
"CarExplode0011":
{
	"frame": {"x":804,"y":718,"w":183,"h":236},
	"rotated": false,
	"trimmed": true,
	"spriteSourceSize": {"x":13,"y":7,"w":226,"h":257},
	"sourceSize": {"w":226,"h":257}
},
"CarExplode0012":
{
	"frame": {"x":804,"y":718,"w":183,"h":236},
	"rotated": false,
	"trimmed": true,
	"spriteSourceSize": {"x":13,"y":7,"w":226,"h":257},
	"sourceSize": {"w":226,"h":257}
},
"CarExplode0013":
{
	"frame": {"x":621,"y":718,"w":181,"h":242},
	"rotated": false,
	"trimmed": true,
	"spriteSourceSize": {"x":14,"y":5,"w":226,"h":257},
	"sourceSize": {"w":226,"h":257}
},
"CarExplode0014":
{
	"frame": {"x":621,"y":718,"w":181,"h":242},
	"rotated": false,
	"trimmed": true,
	"spriteSourceSize": {"x":14,"y":5,"w":226,"h":257},
	"sourceSize": {"w":226,"h":257}
},
"CarExplode0015":
{
	"frame": {"x":440,"y":518,"w":179,"h":246},
	"rotated": false,
	"trimmed": true,
	"spriteSourceSize": {"x":15,"y":6,"w":226,"h":257},
	"sourceSize": {"w":226,"h":257}
},
"CarExplode0016":
{
	"frame": {"x":440,"y":518,"w":179,"h":246},
	"rotated": false,
	"trimmed": true,
	"spriteSourceSize": {"x":15,"y":6,"w":226,"h":257},
	"sourceSize": {"w":226,"h":257}
},
"CarExplode0017":
{
	"frame": {"x":260,"y":518,"w":178,"h":254},
	"rotated": false,
	"trimmed": true,
	"spriteSourceSize": {"x":15,"y":3,"w":226,"h":257},
	"sourceSize": {"w":226,"h":257}
},
"CarExplode0018":
{
	"frame": {"x":260,"y":518,"w":178,"h":254},
	"rotated": false,
	"trimmed": true,
	"spriteSourceSize": {"x":15,"y":3,"w":226,"h":257},
	"sourceSize": {"w":226,"h":257}
},
"CarExplode0019":
{
	"frame": {"x":620,"y":962,"w":166,"h":179},
	"rotated": false,
	"trimmed": true,
	"spriteSourceSize": {"x":16,"y":3,"w":226,"h":257},
	"sourceSize": {"w":226,"h":257}
},
"CarExplode0020":
{
	"frame": {"x":620,"y":962,"w":166,"h":179},
	"rotated": false,
	"trimmed": true,
	"spriteSourceSize": {"x":16,"y":3,"w":226,"h":257},
	"sourceSize": {"w":226,"h":257}
},
"CarExplode0021":
{
	"frame": {"x":182,"y":976,"w":164,"h":170},
	"rotated": false,
	"trimmed": true,
	"spriteSourceSize": {"x":17,"y":2,"w":226,"h":257},
	"sourceSize": {"w":226,"h":257}
},
"CarExplode0022":
{
	"frame": {"x":182,"y":976,"w":164,"h":170},
	"rotated": false,
	"trimmed": true,
	"spriteSourceSize": {"x":17,"y":2,"w":226,"h":257},
	"sourceSize": {"w":226,"h":257}
},
"CarExplode0023":
{
	"frame": {"x":348,"y":985,"w":163,"h":170},
	"rotated": false,
	"trimmed": true,
	"spriteSourceSize": {"x":17,"y":2,"w":226,"h":257},
	"sourceSize": {"w":226,"h":257}
},
"CarExplode0024":
{
	"frame": {"x":348,"y":985,"w":163,"h":170},
	"rotated": false,
	"trimmed": true,
	"spriteSourceSize": {"x":17,"y":2,"w":226,"h":257},
	"sourceSize": {"w":226,"h":257}
},
"CarExplode0025":
{
	"frame": {"x":513,"y":1143,"w":136,"h":168},
	"rotated": false,
	"trimmed": true,
	"spriteSourceSize": {"x":40,"y":1,"w":226,"h":257},
	"sourceSize": {"w":226,"h":257}
},
"CarExplode0026":
{
	"frame": {"x":513,"y":1143,"w":136,"h":168},
	"rotated": false,
	"trimmed": true,
	"spriteSourceSize": {"x":40,"y":1,"w":226,"h":257},
	"sourceSize": {"w":226,"h":257}
},
"Dec100000":
{
	"frame": {"x":2,"y":1382,"w":82,"h":31},
	"rotated": false,
	"trimmed": false,
	"spriteSourceSize": {"x":0,"y":0,"w":82,"h":31},
	"sourceSize": {"w":82,"h":31}
},
"Dec110000":
{
	"frame": {"x":148,"y":1148,"w":120,"h":135},
	"rotated": false,
	"trimmed": false,
	"spriteSourceSize": {"x":0,"y":0,"w":120,"h":135},
	"sourceSize": {"w":120,"h":135}
},
"Dec120000":
{
	"frame": {"x":296,"y":1300,"w":91,"h":137},
	"rotated": false,
	"trimmed": true,
	"spriteSourceSize": {"x":5,"y":6,"w":99,"h":144},
	"sourceSize": {"w":99,"h":144}
},
"Dec120001":
{
	"frame": {"x":296,"y":1300,"w":91,"h":137},
	"rotated": false,
	"trimmed": true,
	"spriteSourceSize": {"x":5,"y":6,"w":99,"h":144},
	"sourceSize": {"w":99,"h":144}
},
"Dec120002":
{
	"frame": {"x":845,"y":1297,"w":92,"h":137},
	"rotated": false,
	"trimmed": true,
	"spriteSourceSize": {"x":4,"y":6,"w":99,"h":144},
	"sourceSize": {"w":99,"h":144}
},
"Dec120003":
{
	"frame": {"x":845,"y":1297,"w":92,"h":137},
	"rotated": false,
	"trimmed": true,
	"spriteSourceSize": {"x":4,"y":6,"w":99,"h":144},
	"sourceSize": {"w":99,"h":144}
},
"Dec120004":
{
	"frame": {"x":651,"y":1273,"w":94,"h":141},
	"rotated": false,
	"trimmed": true,
	"spriteSourceSize": {"x":2,"y":3,"w":99,"h":144},
	"sourceSize": {"w":99,"h":144}
},
"Dec120005":
{
	"frame": {"x":651,"y":1273,"w":94,"h":141},
	"rotated": false,
	"trimmed": true,
	"spriteSourceSize": {"x":2,"y":3,"w":99,"h":144},
	"sourceSize": {"w":99,"h":144}
},
"Dec120006":
{
	"frame": {"x":2,"y":1166,"w":96,"h":140},
	"rotated": false,
	"trimmed": true,
	"spriteSourceSize": {"x":1,"y":3,"w":99,"h":144},
	"sourceSize": {"w":99,"h":144}
},
"Dec120007":
{
	"frame": {"x":2,"y":1166,"w":96,"h":140},
	"rotated": false,
	"trimmed": true,
	"spriteSourceSize": {"x":1,"y":3,"w":99,"h":144},
	"sourceSize": {"w":99,"h":144}
},
"Dec120008":
{
	"frame": {"x":371,"y":1157,"w":96,"h":141},
	"rotated": false,
	"trimmed": true,
	"spriteSourceSize": {"x":1,"y":2,"w":99,"h":144},
	"sourceSize": {"w":99,"h":144}
},
"Dec120009":
{
	"frame": {"x":371,"y":1157,"w":96,"h":141},
	"rotated": false,
	"trimmed": true,
	"spriteSourceSize": {"x":1,"y":2,"w":99,"h":144},
	"sourceSize": {"w":99,"h":144}
},
"Dec120010":
{
	"frame": {"x":513,"y":985,"w":98,"h":143},
	"rotated": false,
	"trimmed": true,
	"spriteSourceSize": {"x":0,"y":0,"w":99,"h":144},
	"sourceSize": {"w":99,"h":144}
},
"Dec120011":
{
	"frame": {"x":513,"y":985,"w":98,"h":143},
	"rotated": false,
	"trimmed": true,
	"spriteSourceSize": {"x":0,"y":0,"w":99,"h":144},
	"sourceSize": {"w":99,"h":144}
},
"Dec120012":
{
	"frame": {"x":270,"y":1157,"w":99,"h":139},
	"rotated": false,
	"trimmed": true,
	"spriteSourceSize": {"x":0,"y":3,"w":99,"h":144},
	"sourceSize": {"w":99,"h":144}
},
"Dec120013":
{
	"frame": {"x":270,"y":1157,"w":99,"h":139},
	"rotated": false,
	"trimmed": true,
	"spriteSourceSize": {"x":0,"y":3,"w":99,"h":144},
	"sourceSize": {"w":99,"h":144}
},
"Dec120014":
{
	"frame": {"x":897,"y":1154,"w":98,"h":141},
	"rotated": false,
	"trimmed": true,
	"spriteSourceSize": {"x":0,"y":1,"w":99,"h":144},
	"sourceSize": {"w":99,"h":144}
},
"Dec120015":
{
	"frame": {"x":897,"y":1154,"w":98,"h":141},
	"rotated": false,
	"trimmed": true,
	"spriteSourceSize": {"x":0,"y":1,"w":99,"h":144},
	"sourceSize": {"w":99,"h":144}
},
"Dec120016":
{
	"frame": {"x":100,"y":1285,"w":97,"h":133},
	"rotated": false,
	"trimmed": true,
	"spriteSourceSize": {"x":2,"y":8,"w":99,"h":144},
	"sourceSize": {"w":99,"h":144}
},
"Dec120017":
{
	"frame": {"x":100,"y":1285,"w":97,"h":133},
	"rotated": false,
	"trimmed": true,
	"spriteSourceSize": {"x":2,"y":8,"w":99,"h":144},
	"sourceSize": {"w":99,"h":144}
},
"Dec120018":
{
	"frame": {"x":747,"y":1293,"w":96,"h":134},
	"rotated": false,
	"trimmed": true,
	"spriteSourceSize": {"x":2,"y":9,"w":99,"h":144},
	"sourceSize": {"w":99,"h":144}
},
"Dec120019":
{
	"frame": {"x":747,"y":1293,"w":96,"h":134},
	"rotated": false,
	"trimmed": true,
	"spriteSourceSize": {"x":2,"y":9,"w":99,"h":144},
	"sourceSize": {"w":99,"h":144}
},
"Dec120020":
{
	"frame": {"x":199,"y":1298,"w":95,"h":132},
	"rotated": false,
	"trimmed": true,
	"spriteSourceSize": {"x":2,"y":11,"w":99,"h":144},
	"sourceSize": {"w":99,"h":144}
},
"Dec120021":
{
	"frame": {"x":199,"y":1298,"w":95,"h":132},
	"rotated": false,
	"trimmed": true,
	"spriteSourceSize": {"x":2,"y":11,"w":99,"h":144},
	"sourceSize": {"w":99,"h":144}
},
"Dec80000":
{
	"frame": {"x":380,"y":938,"w":49,"h":37},
	"rotated": false,
	"trimmed": false,
	"spriteSourceSize": {"x":0,"y":0,"w":49,"h":37},
	"sourceSize": {"w":49,"h":37}
},
"Dec90000":
{
	"frame": {"x":947,"y":2,"w":48,"h":192},
	"rotated": false,
	"trimmed": false,
	"spriteSourceSize": {"x":0,"y":0,"w":48,"h":192},
	"sourceSize": {"w":48,"h":192}
},
"LineChain0000":
{
	"frame": {"x":621,"y":699,"w":32,"h":16},
	"rotated": false,
	"trimmed": false,
	"spriteSourceSize": {"x":0,"y":0,"w":32,"h":16},
	"sourceSize": {"w":32,"h":16}
},
"Motor00000":
{
	"frame": {"x":380,"y":889,"w":45,"h":47},
	"rotated": false,
	"trimmed": false,
	"spriteSourceSize": {"x":0,"y":0,"w":45,"h":47},
	"sourceSize": {"w":45,"h":47}
},
"Motor10000":
{
	"frame": {"x":469,"y":1200,"w":35,"h":37},
	"rotated": false,
	"trimmed": false,
	"spriteSourceSize": {"x":0,"y":0,"w":35,"h":37},
	"sourceSize": {"w":35,"h":37}
},
"Pivot00000":
{
	"frame": {"x":1007,"y":186,"w":15,"h":15},
	"rotated": false,
	"trimmed": false,
	"spriteSourceSize": {"x":0,"y":0,"w":15,"h":15},
	"sourceSize": {"w":15,"h":15}
},
"Plank00000":
{
	"frame": {"x":585,"y":1486,"w":74,"h":21},
	"rotated": false,
	"trimmed": false,
	"spriteSourceSize": {"x":0,"y":0,"w":74,"h":21},
	"sourceSize": {"w":74,"h":21}
},
"Removed00000":
{
	"frame": {"x":1004,"y":256,"w":16,"h":75},
	"rotated": false,
	"trimmed": false,
	"spriteSourceSize": {"x":0,"y":0,"w":16,"h":75},
	"sourceSize": {"w":16,"h":75}
},
"Removed10000":
{
	"frame": {"x":997,"y":133,"w":16,"h":51},
	"rotated": false,
	"trimmed": false,
	"spriteSourceSize": {"x":0,"y":0,"w":16,"h":51},
	"sourceSize": {"w":16,"h":51}
},
"RoadLine0_40000":
{
	"frame": {"x":440,"y":1460,"w":64,"h":36},
	"rotated": false,
	"trimmed": false,
	"spriteSourceSize": {"x":0,"y":0,"w":64,"h":36},
	"sourceSize": {"w":64,"h":36}
},
"RoadLine0_70000":
{
	"frame": {"x":310,"y":1460,"w":128,"h":20},
	"rotated": false,
	"trimmed": false,
	"spriteSourceSize": {"x":0,"y":0,"w":128,"h":20},
	"sourceSize": {"w":128,"h":20}
},
"RoadLine0_80000":
{
	"frame": {"x":260,"y":244,"w":16,"h":8},
	"rotated": false,
	"trimmed": false,
	"spriteSourceSize": {"x":0,"y":0,"w":16,"h":8},
	"sourceSize": {"w":16,"h":8}
},
"RoadLine0_Bg0000":
{
	"frame": {"x":148,"y":990,"w":30,"h":64},
	"rotated": false,
	"trimmed": false,
	"spriteSourceSize": {"x":0,"y":0,"w":30,"h":64},
	"sourceSize": {"w":30,"h":64}
},
"RoadPillar0_00000":
{
	"frame": {"x":197,"y":1482,"w":134,"h":18},
	"rotated": false,
	"trimmed": false,
	"spriteSourceSize": {"x":0,"y":0,"w":134,"h":18},
	"sourceSize": {"w":134,"h":18}
},
"RoadPillar0_10000":
{
	"frame": {"x":716,"y":1470,"w":128,"h":18},
	"rotated": false,
	"trimmed": false,
	"spriteSourceSize": {"x":0,"y":0,"w":128,"h":18},
	"sourceSize": {"w":128,"h":18}
},
"RoadPillar0_20000":
{
	"frame": {"x":2,"y":1486,"w":128,"h":18},
	"rotated": false,
	"trimmed": false,
	"spriteSourceSize": {"x":0,"y":0,"w":128,"h":18},
	"sourceSize": {"w":128,"h":18}
},
"RoadTile0_10000":
{
	"frame": {"x":651,"y":1143,"w":128,"h":128},
	"rotated": false,
	"trimmed": false,
	"spriteSourceSize": {"x":0,"y":0,"w":128,"h":128},
	"sourceSize": {"w":128,"h":128}
},
"SafePointAnim0000":
{
	"frame": {"x":469,"y":1157,"w":38,"h":41},
	"rotated": false,
	"trimmed": true,
	"spriteSourceSize": {"x":10,"y":10,"w":57,"h":57},
	"sourceSize": {"w":57,"h":57}
},
"SafePointAnim0001":
{
	"frame": {"x":380,"y":774,"w":57,"h":57},
	"rotated": false,
	"trimmed": false,
	"spriteSourceSize": {"x":0,"y":0,"w":57,"h":57},
	"sourceSize": {"w":57,"h":57}
},
"Sign10000":
{
	"frame": {"x":2,"y":1308,"w":72,"h":72},
	"rotated": false,
	"trimmed": false,
	"spriteSourceSize": {"x":0,"y":0,"w":72,"h":72},
	"sourceSize": {"w":72,"h":72}
},
"Sign150000":
{
	"frame": {"x":197,"y":1439,"w":111,"h":35},
	"rotated": false,
	"trimmed": false,
	"spriteSourceSize": {"x":0,"y":0,"w":111,"h":35},
	"sourceSize": {"w":111,"h":35}
},
"Sign20000":
{
	"frame": {"x":939,"y":1377,"w":71,"h":71},
	"rotated": false,
	"trimmed": false,
	"spriteSourceSize": {"x":0,"y":0,"w":71,"h":71},
	"sourceSize": {"w":71,"h":71}
},
"Sign210000":
{
	"frame": {"x":389,"y":1300,"w":102,"h":90},
	"rotated": false,
	"trimmed": false,
	"spriteSourceSize": {"x":0,"y":0,"w":102,"h":90},
	"sourceSize": {"w":102,"h":90}
},
"SignPillar0000":
{
	"frame": {"x":997,"y":2,"w":10,"h":129},
	"rotated": false,
	"trimmed": false,
	"spriteSourceSize": {"x":0,"y":0,"w":10,"h":129},
	"sourceSize": {"w":10,"h":129}
},
"SpikesE0000":
{
	"frame": {"x":2,"y":1420,"w":127,"h":48},
	"rotated": false,
	"trimmed": false,
	"spriteSourceSize": {"x":0,"y":0,"w":127,"h":48},
	"sourceSize": {"w":127,"h":48}
},
"Tnt10000":
{
	"frame": {"x":947,"y":196,"w":58,"h":58},
	"rotated": false,
	"trimmed": false,
	"spriteSourceSize": {"x":0,"y":0,"w":58,"h":58},
	"sourceSize": {"w":58,"h":58}
},
"UnLine00000":
{
	"frame": {"x":846,"y":1482,"w":64,"h":32},
	"rotated": false,
	"trimmed": false,
	"spriteSourceSize": {"x":0,"y":0,"w":64,"h":32},
	"sourceSize": {"w":64,"h":32}
},
"UnLine10000":
{
	"frame": {"x":912,"y":1450,"w":64,"h":40},
	"rotated": false,
	"trimmed": false,
	"spriteSourceSize": {"x":0,"y":0,"w":64,"h":40},
	"sourceSize": {"w":64,"h":40}
},
"bg0000":
{
	"frame": {"x":1007,"y":242,"w":10,"h":10},
	"rotated": false,
	"trimmed": false,
	"spriteSourceSize": {"x":0,"y":0,"w":10,"h":10},
	"sourceSize": {"w":10,"h":10}
},
"finish0000":
{
	"frame": {"x":519,"y":1426,"w":64,"h":64},
	"rotated": false,
	"trimmed": false,
	"spriteSourceSize": {"x":0,"y":0,"w":64,"h":64},
	"sourceSize": {"w":64,"h":64}
},
"ground_part_anim0000":
{
	"frame": {"x":1018,"y":124,"w":4,"h":4},
	"rotated": false,
	"trimmed": true,
	"spriteSourceSize": {"x":4,"y":4,"w":13,"h":13},
	"sourceSize": {"w":13,"h":13}
},
"ground_part_anim0001":
{
	"frame": {"x":1018,"y":124,"w":4,"h":4},
	"rotated": false,
	"trimmed": true,
	"spriteSourceSize": {"x":4,"y":4,"w":13,"h":13},
	"sourceSize": {"w":13,"h":13}
},
"ground_part_anim0002":
{
	"frame": {"x":358,"y":244,"w":6,"h":6},
	"rotated": false,
	"trimmed": true,
	"spriteSourceSize": {"x":3,"y":3,"w":13,"h":13},
	"sourceSize": {"w":13,"h":13}
},
"ground_part_anim0003":
{
	"frame": {"x":358,"y":244,"w":6,"h":6},
	"rotated": false,
	"trimmed": true,
	"spriteSourceSize": {"x":3,"y":3,"w":13,"h":13},
	"sourceSize": {"w":13,"h":13}
},
"ground_part_anim0004":
{
	"frame": {"x":1007,"y":230,"w":10,"h":10},
	"rotated": false,
	"trimmed": true,
	"spriteSourceSize": {"x":1,"y":1,"w":13,"h":13},
	"sourceSize": {"w":13,"h":13}
},
"ground_part_anim0005":
{
	"frame": {"x":1007,"y":230,"w":10,"h":10},
	"rotated": false,
	"trimmed": true,
	"spriteSourceSize": {"x":1,"y":1,"w":13,"h":13},
	"sourceSize": {"w":13,"h":13}
},
"ground_part_anim0006":
{
	"frame": {"x":1007,"y":203,"w":12,"h":12},
	"rotated": false,
	"trimmed": true,
	"spriteSourceSize": {"x":0,"y":0,"w":13,"h":13},
	"sourceSize": {"w":13,"h":13}
},
"ground_part_anim0007":
{
	"frame": {"x":1007,"y":203,"w":12,"h":12},
	"rotated": false,
	"trimmed": true,
	"spriteSourceSize": {"x":0,"y":0,"w":13,"h":13},
	"sourceSize": {"w":13,"h":13}
},
"ground_part_anim0008":
{
	"frame": {"x":314,"y":244,"w":9,"h":9},
	"rotated": false,
	"trimmed": true,
	"spriteSourceSize": {"x":2,"y":2,"w":13,"h":13},
	"sourceSize": {"w":13,"h":13}
},
"ground_part_anim0009":
{
	"frame": {"x":314,"y":244,"w":9,"h":9},
	"rotated": false,
	"trimmed": true,
	"spriteSourceSize": {"x":2,"y":2,"w":13,"h":13},
	"sourceSize": {"w":13,"h":13}
},
"ground_part_anim0010":
{
	"frame": {"x":325,"y":244,"w":9,"h":9},
	"rotated": false,
	"trimmed": true,
	"spriteSourceSize": {"x":2,"y":2,"w":13,"h":13},
	"sourceSize": {"w":13,"h":13}
},
"ground_part_anim0011":
{
	"frame": {"x":325,"y":244,"w":9,"h":9},
	"rotated": false,
	"trimmed": true,
	"spriteSourceSize": {"x":2,"y":2,"w":13,"h":13},
	"sourceSize": {"w":13,"h":13}
},
"ground_part_anim0012":
{
	"frame": {"x":1009,"y":61,"w":11,"h":11},
	"rotated": false,
	"trimmed": true,
	"spriteSourceSize": {"x":1,"y":1,"w":13,"h":13},
	"sourceSize": {"w":13,"h":13}
},
"ground_part_anim0013":
{
	"frame": {"x":1009,"y":61,"w":11,"h":11},
	"rotated": false,
	"trimmed": true,
	"spriteSourceSize": {"x":1,"y":1,"w":13,"h":13},
	"sourceSize": {"w":13,"h":13}
},
"ground_part_anim0014":
{
	"frame": {"x":1009,"y":74,"w":11,"h":11},
	"rotated": false,
	"trimmed": true,
	"spriteSourceSize": {"x":1,"y":1,"w":13,"h":13},
	"sourceSize": {"w":13,"h":13}
},
"ground_part_anim0015":
{
	"frame": {"x":1009,"y":74,"w":11,"h":11},
	"rotated": false,
	"trimmed": true,
	"spriteSourceSize": {"x":1,"y":1,"w":13,"h":13},
	"sourceSize": {"w":13,"h":13}
},
"ground_part_anim0016":
{
	"frame": {"x":1009,"y":18,"w":13,"h":13},
	"rotated": false,
	"trimmed": false,
	"spriteSourceSize": {"x":0,"y":0,"w":13,"h":13},
	"sourceSize": {"w":13,"h":13}
},
"ground_part_anim0017":
{
	"frame": {"x":1009,"y":18,"w":13,"h":13},
	"rotated": false,
	"trimmed": false,
	"spriteSourceSize": {"x":0,"y":0,"w":13,"h":13},
	"sourceSize": {"w":13,"h":13}
},
"ground_part_anim0018":
{
	"frame": {"x":1009,"y":87,"w":11,"h":11},
	"rotated": false,
	"trimmed": true,
	"spriteSourceSize": {"x":1,"y":1,"w":13,"h":13},
	"sourceSize": {"w":13,"h":13}
},
"ground_part_anim0019":
{
	"frame": {"x":1009,"y":87,"w":11,"h":11},
	"rotated": false,
	"trimmed": true,
	"spriteSourceSize": {"x":1,"y":1,"w":13,"h":13},
	"sourceSize": {"w":13,"h":13}
},
"ground_part_anim0020":
{
	"frame": {"x":1009,"y":100,"w":11,"h":10},
	"rotated": false,
	"trimmed": true,
	"spriteSourceSize": {"x":1,"y":1,"w":13,"h":13},
	"sourceSize": {"w":13,"h":13}
},
"ground_part_anim0021":
{
	"frame": {"x":1009,"y":100,"w":11,"h":10},
	"rotated": false,
	"trimmed": true,
	"spriteSourceSize": {"x":1,"y":1,"w":13,"h":13},
	"sourceSize": {"w":13,"h":13}
},
"ground_part_anim0022":
{
	"frame": {"x":336,"y":244,"w":9,"h":9},
	"rotated": false,
	"trimmed": true,
	"spriteSourceSize": {"x":2,"y":2,"w":13,"h":13},
	"sourceSize": {"w":13,"h":13}
},
"ground_part_anim0023":
{
	"frame": {"x":336,"y":244,"w":9,"h":9},
	"rotated": false,
	"trimmed": true,
	"spriteSourceSize": {"x":2,"y":2,"w":13,"h":13},
	"sourceSize": {"w":13,"h":13}
},
"ground_part_anim0024":
{
	"frame": {"x":997,"y":186,"w":8,"h":8},
	"rotated": false,
	"trimmed": true,
	"spriteSourceSize": {"x":2,"y":2,"w":13,"h":13},
	"sourceSize": {"w":13,"h":13}
},
"ground_part_anim0025":
{
	"frame": {"x":997,"y":186,"w":8,"h":8},
	"rotated": false,
	"trimmed": true,
	"spriteSourceSize": {"x":2,"y":2,"w":13,"h":13},
	"sourceSize": {"w":13,"h":13}
},
"hell_rider_head0000":
{
	"frame": {"x":647,"y":1416,"w":67,"h":68},
	"rotated": false,
	"trimmed": false,
	"spriteSourceSize": {"x":0,"y":0,"w":67,"h":68},
	"sourceSize": {"w":67,"h":68}
},
"hell_rider_head0001":
{
	"frame": {"x":647,"y":1416,"w":67,"h":68},
	"rotated": false,
	"trimmed": false,
	"spriteSourceSize": {"x":0,"y":0,"w":67,"h":68},
	"sourceSize": {"w":67,"h":68}
},
"hell_rider_head0002":
{
	"frame": {"x":647,"y":1416,"w":67,"h":68},
	"rotated": false,
	"trimmed": false,
	"spriteSourceSize": {"x":0,"y":0,"w":67,"h":68},
	"sourceSize": {"w":67,"h":68}
},
"hell_rider_head0003":
{
	"frame": {"x":647,"y":1416,"w":67,"h":68},
	"rotated": false,
	"trimmed": false,
	"spriteSourceSize": {"x":0,"y":0,"w":67,"h":68},
	"sourceSize": {"w":67,"h":68}
},
"hell_rider_head0004":
{
	"frame": {"x":647,"y":1416,"w":67,"h":68},
	"rotated": false,
	"trimmed": false,
	"spriteSourceSize": {"x":0,"y":0,"w":67,"h":68},
	"sourceSize": {"w":67,"h":68}
},
"hell_rider_head0005":
{
	"frame": {"x":647,"y":1416,"w":67,"h":68},
	"rotated": false,
	"trimmed": false,
	"spriteSourceSize": {"x":0,"y":0,"w":67,"h":68},
	"sourceSize": {"w":67,"h":68}
},
"hell_rider_head0006":
{
	"frame": {"x":647,"y":1416,"w":67,"h":68},
	"rotated": false,
	"trimmed": false,
	"spriteSourceSize": {"x":0,"y":0,"w":67,"h":68},
	"sourceSize": {"w":67,"h":68}
},
"hell_rider_head0007":
{
	"frame": {"x":647,"y":1416,"w":67,"h":68},
	"rotated": false,
	"trimmed": false,
	"spriteSourceSize": {"x":0,"y":0,"w":67,"h":68},
	"sourceSize": {"w":67,"h":68}
},
"hell_rider_head0008":
{
	"frame": {"x":647,"y":1416,"w":67,"h":68},
	"rotated": false,
	"trimmed": false,
	"spriteSourceSize": {"x":0,"y":0,"w":67,"h":68},
	"sourceSize": {"w":67,"h":68}
},
"hell_rider_head0009":
{
	"frame": {"x":647,"y":1416,"w":67,"h":68},
	"rotated": false,
	"trimmed": false,
	"spriteSourceSize": {"x":0,"y":0,"w":67,"h":68},
	"sourceSize": {"w":67,"h":68}
},
"hell_rider_head0010":
{
	"frame": {"x":647,"y":1416,"w":67,"h":68},
	"rotated": false,
	"trimmed": false,
	"spriteSourceSize": {"x":0,"y":0,"w":67,"h":68},
	"sourceSize": {"w":67,"h":68}
},
"hell_rider_head0011":
{
	"frame": {"x":647,"y":1416,"w":67,"h":68},
	"rotated": false,
	"trimmed": false,
	"spriteSourceSize": {"x":0,"y":0,"w":67,"h":68},
	"sourceSize": {"w":67,"h":68}
},
"hell_rider_head0012":
{
	"frame": {"x":647,"y":1416,"w":67,"h":68},
	"rotated": false,
	"trimmed": false,
	"spriteSourceSize": {"x":0,"y":0,"w":67,"h":68},
	"sourceSize": {"w":67,"h":68}
},
"hell_rider_head0013":
{
	"frame": {"x":647,"y":1416,"w":67,"h":68},
	"rotated": false,
	"trimmed": false,
	"spriteSourceSize": {"x":0,"y":0,"w":67,"h":68},
	"sourceSize": {"w":67,"h":68}
},
"hell_rider_head0014":
{
	"frame": {"x":647,"y":1416,"w":67,"h":68},
	"rotated": false,
	"trimmed": false,
	"spriteSourceSize": {"x":0,"y":0,"w":67,"h":68},
	"sourceSize": {"w":67,"h":68}
},
"hell_rider_head0015":
{
	"frame": {"x":647,"y":1416,"w":67,"h":68},
	"rotated": false,
	"trimmed": false,
	"spriteSourceSize": {"x":0,"y":0,"w":67,"h":68},
	"sourceSize": {"w":67,"h":68}
},
"hell_rider_head0016":
{
	"frame": {"x":647,"y":1416,"w":67,"h":68},
	"rotated": false,
	"trimmed": false,
	"spriteSourceSize": {"x":0,"y":0,"w":67,"h":68},
	"sourceSize": {"w":67,"h":68}
},
"hell_rider_head0017":
{
	"frame": {"x":647,"y":1416,"w":67,"h":68},
	"rotated": false,
	"trimmed": false,
	"spriteSourceSize": {"x":0,"y":0,"w":67,"h":68},
	"sourceSize": {"w":67,"h":68}
},
"hell_rider_head0018":
{
	"frame": {"x":647,"y":1416,"w":67,"h":68},
	"rotated": false,
	"trimmed": false,
	"spriteSourceSize": {"x":0,"y":0,"w":67,"h":68},
	"sourceSize": {"w":67,"h":68}
},
"hell_rider_head0019":
{
	"frame": {"x":647,"y":1416,"w":67,"h":68},
	"rotated": false,
	"trimmed": false,
	"spriteSourceSize": {"x":0,"y":0,"w":67,"h":68},
	"sourceSize": {"w":67,"h":68}
},
"ive_side0000":
{
	"frame": {"x":846,"y":1436,"w":64,"h":44},
	"rotated": false,
	"trimmed": false,
	"spriteSourceSize": {"x":0,"y":0,"w":64,"h":44},
	"sourceSize": {"w":64,"h":44}
},
"line0000":
{
	"frame": {"x":989,"y":848,"w":30,"h":64},
	"rotated": false,
	"trimmed": false,
	"spriteSourceSize": {"x":0,"y":0,"w":30,"h":64},
	"sourceSize": {"w":30,"h":64}
},
"line_ivy0000":
{
	"frame": {"x":131,"y":1420,"w":64,"h":64},
	"rotated": false,
	"trimmed": false,
	"spriteSourceSize": {"x":0,"y":0,"w":64,"h":64},
	"sourceSize": {"w":64,"h":64}
},
"line_metal_g0000":
{
	"frame": {"x":493,"y":1313,"w":128,"h":64},
	"rotated": false,
	"trimmed": false,
	"spriteSourceSize": {"x":0,"y":0,"w":128,"h":64},
	"sourceSize": {"w":128,"h":64}
},
"line_rivet0000":
{
	"frame": {"x":333,"y":1482,"w":64,"h":32},
	"rotated": false,
	"trimmed": false,
	"spriteSourceSize": {"x":0,"y":0,"w":64,"h":32},
	"sourceSize": {"w":64,"h":32}
},
"line_stone_shape0000":
{
	"frame": {"x":389,"y":1392,"w":256,"h":32},
	"rotated": false,
	"trimmed": false,
	"spriteSourceSize": {"x":0,"y":0,"w":256,"h":32},
	"sourceSize": {"w":256,"h":32}
},
"line_top0000":
{
	"frame": {"x":989,"y":718,"w":30,"h":128},
	"rotated": false,
	"trimmed": false,
	"spriteSourceSize": {"x":0,"y":0,"w":30,"h":128},
	"sourceSize": {"w":30,"h":128}
},
"line_top10000":
{
	"frame": {"x":989,"y":848,"w":30,"h":64},
	"rotated": false,
	"trimmed": false,
	"spriteSourceSize": {"x":0,"y":0,"w":30,"h":64},
	"sourceSize": {"w":30,"h":64}
},
"line_wood0000":
{
	"frame": {"x":389,"y":1426,"w":128,"h":32},
	"rotated": false,
	"trimmed": false,
	"spriteSourceSize": {"x":0,"y":0,"w":128,"h":32},
	"sourceSize": {"w":128,"h":32}
},
"line_wood_g0000":
{
	"frame": {"x":716,"y":1436,"w":128,"h":32},
	"rotated": false,
	"trimmed": false,
	"spriteSourceSize": {"x":0,"y":0,"w":128,"h":32},
	"sourceSize": {"w":128,"h":32}
},
"smoke_part_anim0000":
{
	"frame": {"x":366,"y":244,"w":6,"h":6},
	"rotated": false,
	"trimmed": true,
	"spriteSourceSize": {"x":7,"y":6,"w":18,"h":18},
	"sourceSize": {"w":18,"h":18}
},
"smoke_part_anim0001":
{
	"frame": {"x":1009,"y":124,"w":7,"h":7},
	"rotated": false,
	"trimmed": true,
	"spriteSourceSize": {"x":6,"y":6,"w":18,"h":18},
	"sourceSize": {"w":18,"h":18}
},
"smoke_part_anim0002":
{
	"frame": {"x":347,"y":244,"w":9,"h":8},
	"rotated": false,
	"trimmed": true,
	"spriteSourceSize": {"x":5,"y":6,"w":18,"h":18},
	"sourceSize": {"w":18,"h":18}
},
"smoke_part_anim0003":
{
	"frame": {"x":302,"y":244,"w":10,"h":9},
	"rotated": false,
	"trimmed": true,
	"spriteSourceSize": {"x":4,"y":5,"w":18,"h":18},
	"sourceSize": {"w":18,"h":18}
},
"smoke_part_anim0004":
{
	"frame": {"x":1009,"y":112,"w":11,"h":10},
	"rotated": false,
	"trimmed": true,
	"spriteSourceSize": {"x":4,"y":5,"w":18,"h":18},
	"sourceSize": {"w":18,"h":18}
},
"smoke_part_anim0005":
{
	"frame": {"x":1007,"y":217,"w":12,"h":11},
	"rotated": false,
	"trimmed": true,
	"spriteSourceSize": {"x":3,"y":4,"w":18,"h":18},
	"sourceSize": {"w":18,"h":18}
},
"smoke_part_anim0006":
{
	"frame": {"x":1009,"y":33,"w":13,"h":12},
	"rotated": false,
	"trimmed": true,
	"spriteSourceSize": {"x":3,"y":4,"w":18,"h":18},
	"sourceSize": {"w":18,"h":18}
},
"smoke_part_anim0007":
{
	"frame": {"x":1009,"y":47,"w":13,"h":12},
	"rotated": false,
	"trimmed": true,
	"spriteSourceSize": {"x":3,"y":4,"w":18,"h":18},
	"sourceSize": {"w":18,"h":18}
},
"smoke_part_anim0008":
{
	"frame": {"x":1009,"y":2,"w":13,"h":14},
	"rotated": false,
	"trimmed": true,
	"spriteSourceSize": {"x":3,"y":3,"w":18,"h":18},
	"sourceSize": {"w":18,"h":18}
},
"smoke_part_anim0009":
{
	"frame": {"x":1004,"y":370,"w":14,"h":15},
	"rotated": false,
	"trimmed": true,
	"spriteSourceSize": {"x":3,"y":2,"w":18,"h":18},
	"sourceSize": {"w":18,"h":18}
},
"smoke_part_anim0010":
{
	"frame": {"x":1004,"y":352,"w":16,"h":16},
	"rotated": false,
	"trimmed": true,
	"spriteSourceSize": {"x":1,"y":1,"w":18,"h":18},
	"sourceSize": {"w":18,"h":18}
},
"smoke_part_anim0011":
{
	"frame": {"x":989,"y":914,"w":17,"h":18},
	"rotated": false,
	"trimmed": true,
	"spriteSourceSize": {"x":0,"y":0,"w":18,"h":18},
	"sourceSize": {"w":18,"h":18}
},
"smoke_part_anim0012":
{
	"frame": {"x":989,"y":934,"w":17,"h":18},
	"rotated": false,
	"trimmed": true,
	"spriteSourceSize": {"x":0,"y":0,"w":18,"h":18},
	"sourceSize": {"w":18,"h":18}
},
"smoke_part_anim0013":
{
	"frame": {"x":1002,"y":954,"w":17,"h":18},
	"rotated": false,
	"trimmed": true,
	"spriteSourceSize": {"x":0,"y":0,"w":18,"h":18},
	"sourceSize": {"w":18,"h":18}
},
"smoke_part_anim0014":
{
	"frame": {"x":1004,"y":333,"w":18,"h":17},
	"rotated": false,
	"trimmed": true,
	"spriteSourceSize": {"x":0,"y":1,"w":18,"h":18},
	"sourceSize": {"w":18,"h":18}
},
"tile0000":
{
	"frame": {"x":431,"y":2,"w":256,"h":256},
	"rotated": false,
	"trimmed": false,
	"spriteSourceSize": {"x":0,"y":0,"w":256,"h":256},
	"sourceSize": {"w":256,"h":256}
},
"tile_bg0000":
{
	"frame": {"x":689,"y":2,"w":256,"h":256},
	"rotated": false,
	"trimmed": false,
	"spriteSourceSize": {"x":0,"y":0,"w":256,"h":256},
	"sourceSize": {"w":256,"h":256}
},
"tile_rivet0000":
{
	"frame": {"x":518,"y":260,"w":256,"h":256},
	"rotated": false,
	"trimmed": false,
	"spriteSourceSize": {"x":0,"y":0,"w":256,"h":256},
	"sourceSize": {"w":256,"h":256}
},
"tile_rivet_bg0000":
{
	"frame": {"x":260,"y":260,"w":256,"h":256},
	"rotated": false,
	"trimmed": false,
	"spriteSourceSize": {"x":0,"y":0,"w":256,"h":256},
	"sourceSize": {"w":256,"h":256}
},
"tile_saw0000":
{
	"frame": {"x":2,"y":244,"w":256,"h":256},
	"rotated": false,
	"trimmed": false,
	"spriteSourceSize": {"x":0,"y":0,"w":256,"h":256},
	"sourceSize": {"w":256,"h":256}
},
"tile_stone0000":
{
	"frame": {"x":2,"y":502,"w":256,"h":256},
	"rotated": false,
	"trimmed": false,
	"spriteSourceSize": {"x":0,"y":0,"w":256,"h":256},
	"sourceSize": {"w":256,"h":256}
}},
"meta": {
	"app": "Adobe Flash Professional",
	"version": "15.0.1.179",
	"image": "theme1.png",
	"format": "RGBA8888",
	"size": {"w":1024,"h":2048},
	"scale": "1"
}
}
