{"frames": {

"BarrelE0000":
{
	"frame": {"x":722,"y":962,"w":54,"h":54},
	"rotated": false,
	"trimmed": false,
	"spriteSourceSize": {"x":0,"y":0,"w":54,"h":54},
	"sourceSize": {"w":54,"h":54}
},
"Bg0_00000":
{
	"frame": {"x":2,"y":2,"w":427,"h":160},
	"rotated": false,
	"trimmed": false,
	"spriteSourceSize": {"x":0,"y":0,"w":427,"h":160},
	"sourceSize": {"w":427,"h":160}
},
"Bg1_00000":
{
	"frame": {"x":2,"y":1469,"w":360,"h":24},
	"rotated": false,
	"trimmed": false,
	"spriteSourceSize": {"x":0,"y":0,"w":360,"h":24},
	"sourceSize": {"w":360,"h":24}
},
"Bg2_00000":
{
	"frame": {"x":367,"y":1181,"w":360,"h":105},
	"rotated": false,
	"trimmed": false,
	"spriteSourceSize": {"x":0,"y":0,"w":360,"h":105},
	"sourceSize": {"w":360,"h":105}
},
"CarExplode0000":
{
	"frame": {"x":601,"y":906,"w":36,"h":37},
	"rotated": false,
	"trimmed": true,
	"spriteSourceSize": {"x":89,"y":92,"w":226,"h":257},
	"sourceSize": {"w":226,"h":257}
},
"CarExplode0001":
{
	"frame": {"x":947,"y":2,"w":75,"h":78},
	"rotated": false,
	"trimmed": true,
	"spriteSourceSize": {"x":73,"y":70,"w":226,"h":257},
	"sourceSize": {"w":226,"h":257}
},
"CarExplode0002":
{
	"frame": {"x":902,"y":1158,"w":114,"h":137},
	"rotated": false,
	"trimmed": true,
	"spriteSourceSize": {"x":55,"y":45,"w":226,"h":257},
	"sourceSize": {"w":226,"h":257}
},
"CarExplode0003":
{
	"frame": {"x":487,"y":1288,"w":144,"h":174},
	"rotated": false,
	"trimmed": true,
	"spriteSourceSize": {"x":41,"y":23,"w":226,"h":257},
	"sourceSize": {"w":226,"h":257}
},
"CarExplode0004":
{
	"frame": {"x":335,"y":1288,"w":150,"h":179},
	"rotated": false,
	"trimmed": true,
	"spriteSourceSize": {"x":38,"y":22,"w":226,"h":257},
	"sourceSize": {"w":226,"h":257}
},
"CarExplode0005":
{
	"frame": {"x":169,"y":1004,"w":196,"h":196},
	"rotated": false,
	"trimmed": true,
	"spriteSourceSize": {"x":15,"y":15,"w":226,"h":257},
	"sourceSize": {"w":226,"h":257}
},
"CarExplode0006":
{
	"frame": {"x":822,"y":956,"w":196,"h":200},
	"rotated": false,
	"trimmed": true,
	"spriteSourceSize": {"x":15,"y":15,"w":226,"h":257},
	"sourceSize": {"w":226,"h":257}
},
"CarExplode0007":
{
	"frame": {"x":776,"y":490,"w":226,"h":226},
	"rotated": false,
	"trimmed": true,
	"spriteSourceSize": {"x":0,"y":0,"w":226,"h":257},
	"sourceSize": {"w":226,"h":257}
},
"CarExplode0008":
{
	"frame": {"x":776,"y":260,"w":226,"h":228},
	"rotated": false,
	"trimmed": true,
	"spriteSourceSize": {"x":0,"y":0,"w":226,"h":257},
	"sourceSize": {"w":226,"h":257}
},
"CarExplode0009":
{
	"frame": {"x":362,"y":774,"w":178,"h":228},
	"rotated": false,
	"trimmed": true,
	"spriteSourceSize": {"x":15,"y":10,"w":226,"h":257},
	"sourceSize": {"w":226,"h":257}
},
"CarExplode0010":
{
	"frame": {"x":542,"y":962,"w":178,"h":217},
	"rotated": false,
	"trimmed": true,
	"spriteSourceSize": {"x":15,"y":10,"w":226,"h":257},
	"sourceSize": {"w":226,"h":257}
},
"CarExplode0011":
{
	"frame": {"x":822,"y":718,"w":183,"h":236},
	"rotated": false,
	"trimmed": true,
	"spriteSourceSize": {"x":13,"y":7,"w":226,"h":257},
	"sourceSize": {"w":226,"h":257}
},
"CarExplode0012":
{
	"frame": {"x":822,"y":718,"w":183,"h":236},
	"rotated": false,
	"trimmed": true,
	"spriteSourceSize": {"x":13,"y":7,"w":226,"h":257},
	"sourceSize": {"w":226,"h":257}
},
"CarExplode0013":
{
	"frame": {"x":639,"y":718,"w":181,"h":242},
	"rotated": false,
	"trimmed": true,
	"spriteSourceSize": {"x":14,"y":5,"w":226,"h":257},
	"sourceSize": {"w":226,"h":257}
},
"CarExplode0014":
{
	"frame": {"x":639,"y":718,"w":181,"h":242},
	"rotated": false,
	"trimmed": true,
	"spriteSourceSize": {"x":14,"y":5,"w":226,"h":257},
	"sourceSize": {"w":226,"h":257}
},
"CarExplode0015":
{
	"frame": {"x":2,"y":680,"w":179,"h":246},
	"rotated": false,
	"trimmed": true,
	"spriteSourceSize": {"x":15,"y":6,"w":226,"h":257},
	"sourceSize": {"w":226,"h":257}
},
"CarExplode0016":
{
	"frame": {"x":2,"y":680,"w":179,"h":246},
	"rotated": false,
	"trimmed": true,
	"spriteSourceSize": {"x":15,"y":6,"w":226,"h":257},
	"sourceSize": {"w":226,"h":257}
},
"CarExplode0017":
{
	"frame": {"x":459,"y":518,"w":178,"h":254},
	"rotated": false,
	"trimmed": true,
	"spriteSourceSize": {"x":15,"y":3,"w":226,"h":257},
	"sourceSize": {"w":226,"h":257}
},
"CarExplode0018":
{
	"frame": {"x":459,"y":518,"w":178,"h":254},
	"rotated": false,
	"trimmed": true,
	"spriteSourceSize": {"x":15,"y":3,"w":226,"h":257},
	"sourceSize": {"w":226,"h":257}
},
"CarExplode0019":
{
	"frame": {"x":2,"y":1202,"w":166,"h":179},
	"rotated": false,
	"trimmed": true,
	"spriteSourceSize": {"x":16,"y":3,"w":226,"h":257},
	"sourceSize": {"w":226,"h":257}
},
"CarExplode0020":
{
	"frame": {"x":2,"y":1202,"w":166,"h":179},
	"rotated": false,
	"trimmed": true,
	"spriteSourceSize": {"x":16,"y":3,"w":226,"h":257},
	"sourceSize": {"w":226,"h":257}
},
"CarExplode0021":
{
	"frame": {"x":367,"y":1004,"w":164,"h":170},
	"rotated": false,
	"trimmed": true,
	"spriteSourceSize": {"x":17,"y":2,"w":226,"h":257},
	"sourceSize": {"w":226,"h":257}
},
"CarExplode0022":
{
	"frame": {"x":367,"y":1004,"w":164,"h":170},
	"rotated": false,
	"trimmed": true,
	"spriteSourceSize": {"x":17,"y":2,"w":226,"h":257},
	"sourceSize": {"w":226,"h":257}
},
"CarExplode0023":
{
	"frame": {"x":170,"y":1202,"w":163,"h":170},
	"rotated": false,
	"trimmed": true,
	"spriteSourceSize": {"x":17,"y":2,"w":226,"h":257},
	"sourceSize": {"w":226,"h":257}
},
"CarExplode0024":
{
	"frame": {"x":170,"y":1202,"w":163,"h":170},
	"rotated": false,
	"trimmed": true,
	"spriteSourceSize": {"x":17,"y":2,"w":226,"h":257},
	"sourceSize": {"w":226,"h":257}
},
"CarExplode0025":
{
	"frame": {"x":633,"y":1373,"w":136,"h":168},
	"rotated": false,
	"trimmed": true,
	"spriteSourceSize": {"x":40,"y":1,"w":226,"h":257},
	"sourceSize": {"w":226,"h":257}
},
"CarExplode0026":
{
	"frame": {"x":633,"y":1373,"w":136,"h":168},
	"rotated": false,
	"trimmed": true,
	"spriteSourceSize": {"x":40,"y":1,"w":226,"h":257},
	"sourceSize": {"w":226,"h":257}
},
"Dec130000":
{
	"frame": {"x":729,"y":1158,"w":171,"h":213},
	"rotated": false,
	"trimmed": false,
	"spriteSourceSize": {"x":0,"y":0,"w":171,"h":213},
	"sourceSize": {"w":171,"h":213}
},
"Dec140000":
{
	"frame": {"x":2,"y":928,"w":165,"h":245},
	"rotated": false,
	"trimmed": false,
	"spriteSourceSize": {"x":0,"y":0,"w":165,"h":245},
	"sourceSize": {"w":165,"h":245}
},
"Dec150000":
{
	"frame": {"x":260,"y":518,"w":197,"h":235},
	"rotated": false,
	"trimmed": false,
	"spriteSourceSize": {"x":0,"y":0,"w":197,"h":235},
	"sourceSize": {"w":197,"h":235}
},
"Dec160000":
{
	"frame": {"x":183,"y":755,"w":177,"h":243},
	"rotated": false,
	"trimmed": false,
	"spriteSourceSize": {"x":0,"y":0,"w":177,"h":243},
	"sourceSize": {"w":177,"h":243}
},
"LineChain0000":
{
	"frame": {"x":364,"y":230,"w":32,"h":16},
	"rotated": false,
	"trimmed": false,
	"spriteSourceSize": {"x":0,"y":0,"w":32,"h":16},
	"sourceSize": {"w":32,"h":16}
},
"Motor00000":
{
	"frame": {"x":633,"y":1288,"w":45,"h":47},
	"rotated": false,
	"trimmed": false,
	"spriteSourceSize": {"x":0,"y":0,"w":45,"h":47},
	"sourceSize": {"w":45,"h":47}
},
"Motor10000":
{
	"frame": {"x":680,"y":1288,"w":35,"h":37},
	"rotated": false,
	"trimmed": false,
	"spriteSourceSize": {"x":0,"y":0,"w":35,"h":37},
	"sourceSize": {"w":35,"h":37}
},
"Plank00000":
{
	"frame": {"x":947,"y":229,"w":72,"h":20},
	"rotated": false,
	"trimmed": false,
	"spriteSourceSize": {"x":0,"y":0,"w":72,"h":20},
	"sourceSize": {"w":72,"h":20}
},
"Removed00000":
{
	"frame": {"x":1004,"y":382,"w":16,"h":75},
	"rotated": false,
	"trimmed": false,
	"spriteSourceSize": {"x":0,"y":0,"w":16,"h":75},
	"sourceSize": {"w":16,"h":75}
},
"Removed10000":
{
	"frame": {"x":1004,"y":459,"w":16,"h":51},
	"rotated": false,
	"trimmed": false,
	"spriteSourceSize": {"x":0,"y":0,"w":16,"h":51},
	"sourceSize": {"w":16,"h":51}
},
"RoadLine0_40000":
{
	"frame": {"x":722,"y":1106,"w":64,"h":36},
	"rotated": false,
	"trimmed": false,
	"spriteSourceSize": {"x":0,"y":0,"w":64,"h":36},
	"sourceSize": {"w":64,"h":36}
},
"RoadLine0_70000":
{
	"frame": {"x":2,"y":1175,"w":128,"h":20},
	"rotated": false,
	"trimmed": false,
	"spriteSourceSize": {"x":0,"y":0,"w":128,"h":20},
	"sourceSize": {"w":128,"h":20}
},
"RoadLine0_80000":
{
	"frame": {"x":364,"y":248,"w":16,"h":8},
	"rotated": false,
	"trimmed": false,
	"spriteSourceSize": {"x":0,"y":0,"w":16,"h":8},
	"sourceSize": {"w":16,"h":8}
},
"RoadLine0_Bg0000":
{
	"frame": {"x":788,"y":1005,"w":31,"h":32},
	"rotated": false,
	"trimmed": false,
	"spriteSourceSize": {"x":0,"y":0,"w":31,"h":32},
	"sourceSize": {"w":31,"h":32}
},
"RoadPillar0_00000":
{
	"frame": {"x":2,"y":1451,"w":128,"h":16},
	"rotated": false,
	"trimmed": false,
	"spriteSourceSize": {"x":0,"y":0,"w":128,"h":16},
	"sourceSize": {"w":128,"h":16}
},
"RoadPillar0_10000":
{
	"frame": {"x":132,"y":1437,"w":128,"h":18},
	"rotated": false,
	"trimmed": false,
	"spriteSourceSize": {"x":0,"y":0,"w":128,"h":18},
	"sourceSize": {"w":128,"h":18}
},
"RoadPillar0_20000":
{
	"frame": {"x":132,"y":1417,"w":128,"h":18},
	"rotated": false,
	"trimmed": false,
	"spriteSourceSize": {"x":0,"y":0,"w":128,"h":18},
	"sourceSize": {"w":128,"h":18}
},
"RoadTile0_10000":
{
	"frame": {"x":639,"y":518,"w":128,"h":128},
	"rotated": false,
	"trimmed": false,
	"spriteSourceSize": {"x":0,"y":0,"w":128,"h":128},
	"sourceSize": {"w":128,"h":128}
},
"SafePointAnim0000":
{
	"frame": {"x":778,"y":962,"w":38,"h":41},
	"rotated": false,
	"trimmed": true,
	"spriteSourceSize": {"x":10,"y":10,"w":57,"h":57},
	"sourceSize": {"w":57,"h":57}
},
"SafePointAnim0001":
{
	"frame": {"x":542,"y":900,"w":57,"h":57},
	"rotated": false,
	"trimmed": false,
	"spriteSourceSize": {"x":0,"y":0,"w":57,"h":57},
	"sourceSize": {"w":57,"h":57}
},
"Sign10000":
{
	"frame": {"x":947,"y":82,"w":72,"h":72},
	"rotated": false,
	"trimmed": false,
	"spriteSourceSize": {"x":0,"y":0,"w":72,"h":72},
	"sourceSize": {"w":72,"h":72}
},
"Sign150000":
{
	"frame": {"x":902,"y":1297,"w":111,"h":35},
	"rotated": false,
	"trimmed": false,
	"spriteSourceSize": {"x":0,"y":0,"w":111,"h":35},
	"sourceSize": {"w":111,"h":35}
},
"Sign20000":
{
	"frame": {"x":947,"y":156,"w":71,"h":71},
	"rotated": false,
	"trimmed": false,
	"spriteSourceSize": {"x":0,"y":0,"w":71,"h":71},
	"sourceSize": {"w":71,"h":71}
},
"Sign210000":
{
	"frame": {"x":260,"y":164,"w":102,"h":90},
	"rotated": false,
	"trimmed": false,
	"spriteSourceSize": {"x":0,"y":0,"w":102,"h":90},
	"sourceSize": {"w":102,"h":90}
},
"SignPillar0000":
{
	"frame": {"x":1004,"y":251,"w":10,"h":129},
	"rotated": false,
	"trimmed": false,
	"spriteSourceSize": {"x":0,"y":0,"w":10,"h":129},
	"sourceSize": {"w":10,"h":129}
},
"SpikesE0000":
{
	"frame": {"x":771,"y":1439,"w":130,"h":51},
	"rotated": false,
	"trimmed": false,
	"spriteSourceSize": {"x":0,"y":0,"w":130,"h":51},
	"sourceSize": {"w":130,"h":51}
},
"Tnt10000":
{
	"frame": {"x":542,"y":840,"w":58,"h":58},
	"rotated": false,
	"trimmed": false,
	"spriteSourceSize": {"x":0,"y":0,"w":58,"h":58},
	"sourceSize": {"w":58,"h":58}
},
"UnLine00000":
{
	"frame": {"x":902,"y":1334,"w":64,"h":32},
	"rotated": false,
	"trimmed": false,
	"spriteSourceSize": {"x":0,"y":0,"w":64,"h":32},
	"sourceSize": {"w":64,"h":32}
},
"UnLine10000":
{
	"frame": {"x":722,"y":1064,"w":64,"h":40},
	"rotated": false,
	"trimmed": false,
	"spriteSourceSize": {"x":0,"y":0,"w":64,"h":40},
	"sourceSize": {"w":64,"h":40}
},
"bg0000":
{
	"frame": {"x":1004,"y":676,"w":10,"h":10},
	"rotated": false,
	"trimmed": false,
	"spriteSourceSize": {"x":0,"y":0,"w":10,"h":10},
	"sourceSize": {"w":10,"h":10}
},
"finish0000":
{
	"frame": {"x":364,"y":164,"w":64,"h":64},
	"rotated": false,
	"trimmed": false,
	"spriteSourceSize": {"x":0,"y":0,"w":64,"h":64},
	"sourceSize": {"w":64,"h":64}
},
"ground_part_anim0000":
{
	"frame": {"x":972,"y":251,"w":4,"h":4},
	"rotated": false,
	"trimmed": true,
	"spriteSourceSize": {"x":4,"y":4,"w":13,"h":13},
	"sourceSize": {"w":13,"h":13}
},
"ground_part_anim0001":
{
	"frame": {"x":972,"y":251,"w":4,"h":4},
	"rotated": false,
	"trimmed": true,
	"spriteSourceSize": {"x":4,"y":4,"w":13,"h":13},
	"sourceSize": {"w":13,"h":13}
},
"ground_part_anim0002":
{
	"frame": {"x":956,"y":251,"w":6,"h":6},
	"rotated": false,
	"trimmed": true,
	"spriteSourceSize": {"x":3,"y":3,"w":13,"h":13},
	"sourceSize": {"w":13,"h":13}
},
"ground_part_anim0003":
{
	"frame": {"x":956,"y":251,"w":6,"h":6},
	"rotated": false,
	"trimmed": true,
	"spriteSourceSize": {"x":3,"y":3,"w":13,"h":13},
	"sourceSize": {"w":13,"h":13}
},
"ground_part_anim0004":
{
	"frame": {"x":1004,"y":688,"w":10,"h":10},
	"rotated": false,
	"trimmed": true,
	"spriteSourceSize": {"x":1,"y":1,"w":13,"h":13},
	"sourceSize": {"w":13,"h":13}
},
"ground_part_anim0005":
{
	"frame": {"x":1004,"y":688,"w":10,"h":10},
	"rotated": false,
	"trimmed": true,
	"spriteSourceSize": {"x":1,"y":1,"w":13,"h":13},
	"sourceSize": {"w":13,"h":13}
},
"ground_part_anim0006":
{
	"frame": {"x":417,"y":230,"w":12,"h":12},
	"rotated": false,
	"trimmed": true,
	"spriteSourceSize": {"x":0,"y":0,"w":13,"h":13},
	"sourceSize": {"w":13,"h":13}
},
"ground_part_anim0007":
{
	"frame": {"x":417,"y":230,"w":12,"h":12},
	"rotated": false,
	"trimmed": true,
	"spriteSourceSize": {"x":0,"y":0,"w":13,"h":13},
	"sourceSize": {"w":13,"h":13}
},
"ground_part_anim0008":
{
	"frame": {"x":1007,"y":711,"w":9,"h":9},
	"rotated": false,
	"trimmed": true,
	"spriteSourceSize": {"x":2,"y":2,"w":13,"h":13},
	"sourceSize": {"w":13,"h":13}
},
"ground_part_anim0009":
{
	"frame": {"x":1007,"y":711,"w":9,"h":9},
	"rotated": false,
	"trimmed": true,
	"spriteSourceSize": {"x":2,"y":2,"w":13,"h":13},
	"sourceSize": {"w":13,"h":13}
},
"ground_part_anim0010":
{
	"frame": {"x":1007,"y":722,"w":9,"h":9},
	"rotated": false,
	"trimmed": true,
	"spriteSourceSize": {"x":2,"y":2,"w":13,"h":13},
	"sourceSize": {"w":13,"h":13}
},
"ground_part_anim0011":
{
	"frame": {"x":1007,"y":722,"w":9,"h":9},
	"rotated": false,
	"trimmed": true,
	"spriteSourceSize": {"x":2,"y":2,"w":13,"h":13},
	"sourceSize": {"w":13,"h":13}
},
"ground_part_anim0012":
{
	"frame": {"x":1004,"y":625,"w":11,"h":11},
	"rotated": false,
	"trimmed": true,
	"spriteSourceSize": {"x":1,"y":1,"w":13,"h":13},
	"sourceSize": {"w":13,"h":13}
},
"ground_part_anim0013":
{
	"frame": {"x":1004,"y":625,"w":11,"h":11},
	"rotated": false,
	"trimmed": true,
	"spriteSourceSize": {"x":1,"y":1,"w":13,"h":13},
	"sourceSize": {"w":13,"h":13}
},
"ground_part_anim0014":
{
	"frame": {"x":1004,"y":638,"w":11,"h":11},
	"rotated": false,
	"trimmed": true,
	"spriteSourceSize": {"x":1,"y":1,"w":13,"h":13},
	"sourceSize": {"w":13,"h":13}
},
"ground_part_anim0015":
{
	"frame": {"x":1004,"y":638,"w":11,"h":11},
	"rotated": false,
	"trimmed": true,
	"spriteSourceSize": {"x":1,"y":1,"w":13,"h":13},
	"sourceSize": {"w":13,"h":13}
},
"ground_part_anim0016":
{
	"frame": {"x":1004,"y":582,"w":13,"h":13},
	"rotated": false,
	"trimmed": false,
	"spriteSourceSize": {"x":0,"y":0,"w":13,"h":13},
	"sourceSize": {"w":13,"h":13}
},
"ground_part_anim0017":
{
	"frame": {"x":1004,"y":582,"w":13,"h":13},
	"rotated": false,
	"trimmed": false,
	"spriteSourceSize": {"x":0,"y":0,"w":13,"h":13},
	"sourceSize": {"w":13,"h":13}
},
"ground_part_anim0018":
{
	"frame": {"x":1004,"y":651,"w":11,"h":11},
	"rotated": false,
	"trimmed": true,
	"spriteSourceSize": {"x":1,"y":1,"w":13,"h":13},
	"sourceSize": {"w":13,"h":13}
},
"ground_part_anim0019":
{
	"frame": {"x":1004,"y":651,"w":11,"h":11},
	"rotated": false,
	"trimmed": true,
	"spriteSourceSize": {"x":1,"y":1,"w":13,"h":13},
	"sourceSize": {"w":13,"h":13}
},
"ground_part_anim0020":
{
	"frame": {"x":382,"y":248,"w":11,"h":10},
	"rotated": false,
	"trimmed": true,
	"spriteSourceSize": {"x":1,"y":1,"w":13,"h":13},
	"sourceSize": {"w":13,"h":13}
},
"ground_part_anim0021":
{
	"frame": {"x":382,"y":248,"w":11,"h":10},
	"rotated": false,
	"trimmed": true,
	"spriteSourceSize": {"x":1,"y":1,"w":13,"h":13},
	"sourceSize": {"w":13,"h":13}
},
"ground_part_anim0022":
{
	"frame": {"x":1007,"y":733,"w":9,"h":9},
	"rotated": false,
	"trimmed": true,
	"spriteSourceSize": {"x":2,"y":2,"w":13,"h":13},
	"sourceSize": {"w":13,"h":13}
},
"ground_part_anim0023":
{
	"frame": {"x":1007,"y":733,"w":9,"h":9},
	"rotated": false,
	"trimmed": true,
	"spriteSourceSize": {"x":2,"y":2,"w":13,"h":13},
	"sourceSize": {"w":13,"h":13}
},
"ground_part_anim0024":
{
	"frame": {"x":406,"y":250,"w":8,"h":8},
	"rotated": false,
	"trimmed": true,
	"spriteSourceSize": {"x":2,"y":2,"w":13,"h":13},
	"sourceSize": {"w":13,"h":13}
},
"ground_part_anim0025":
{
	"frame": {"x":406,"y":250,"w":8,"h":8},
	"rotated": false,
	"trimmed": true,
	"spriteSourceSize": {"x":2,"y":2,"w":13,"h":13},
	"sourceSize": {"w":13,"h":13}
},
"hell_rider_head0000":
{
	"frame": {"x":183,"y":680,"w":67,"h":68},
	"rotated": false,
	"trimmed": false,
	"spriteSourceSize": {"x":0,"y":0,"w":67,"h":68},
	"sourceSize": {"w":67,"h":68}
},
"hell_rider_head0001":
{
	"frame": {"x":183,"y":680,"w":67,"h":68},
	"rotated": false,
	"trimmed": false,
	"spriteSourceSize": {"x":0,"y":0,"w":67,"h":68},
	"sourceSize": {"w":67,"h":68}
},
"hell_rider_head0002":
{
	"frame": {"x":183,"y":680,"w":67,"h":68},
	"rotated": false,
	"trimmed": false,
	"spriteSourceSize": {"x":0,"y":0,"w":67,"h":68},
	"sourceSize": {"w":67,"h":68}
},
"hell_rider_head0003":
{
	"frame": {"x":183,"y":680,"w":67,"h":68},
	"rotated": false,
	"trimmed": false,
	"spriteSourceSize": {"x":0,"y":0,"w":67,"h":68},
	"sourceSize": {"w":67,"h":68}
},
"hell_rider_head0004":
{
	"frame": {"x":183,"y":680,"w":67,"h":68},
	"rotated": false,
	"trimmed": false,
	"spriteSourceSize": {"x":0,"y":0,"w":67,"h":68},
	"sourceSize": {"w":67,"h":68}
},
"hell_rider_head0005":
{
	"frame": {"x":183,"y":680,"w":67,"h":68},
	"rotated": false,
	"trimmed": false,
	"spriteSourceSize": {"x":0,"y":0,"w":67,"h":68},
	"sourceSize": {"w":67,"h":68}
},
"hell_rider_head0006":
{
	"frame": {"x":183,"y":680,"w":67,"h":68},
	"rotated": false,
	"trimmed": false,
	"spriteSourceSize": {"x":0,"y":0,"w":67,"h":68},
	"sourceSize": {"w":67,"h":68}
},
"hell_rider_head0007":
{
	"frame": {"x":183,"y":680,"w":67,"h":68},
	"rotated": false,
	"trimmed": false,
	"spriteSourceSize": {"x":0,"y":0,"w":67,"h":68},
	"sourceSize": {"w":67,"h":68}
},
"hell_rider_head0008":
{
	"frame": {"x":183,"y":680,"w":67,"h":68},
	"rotated": false,
	"trimmed": false,
	"spriteSourceSize": {"x":0,"y":0,"w":67,"h":68},
	"sourceSize": {"w":67,"h":68}
},
"hell_rider_head0009":
{
	"frame": {"x":183,"y":680,"w":67,"h":68},
	"rotated": false,
	"trimmed": false,
	"spriteSourceSize": {"x":0,"y":0,"w":67,"h":68},
	"sourceSize": {"w":67,"h":68}
},
"hell_rider_head0010":
{
	"frame": {"x":183,"y":680,"w":67,"h":68},
	"rotated": false,
	"trimmed": false,
	"spriteSourceSize": {"x":0,"y":0,"w":67,"h":68},
	"sourceSize": {"w":67,"h":68}
},
"hell_rider_head0011":
{
	"frame": {"x":183,"y":680,"w":67,"h":68},
	"rotated": false,
	"trimmed": false,
	"spriteSourceSize": {"x":0,"y":0,"w":67,"h":68},
	"sourceSize": {"w":67,"h":68}
},
"hell_rider_head0012":
{
	"frame": {"x":183,"y":680,"w":67,"h":68},
	"rotated": false,
	"trimmed": false,
	"spriteSourceSize": {"x":0,"y":0,"w":67,"h":68},
	"sourceSize": {"w":67,"h":68}
},
"hell_rider_head0013":
{
	"frame": {"x":183,"y":680,"w":67,"h":68},
	"rotated": false,
	"trimmed": false,
	"spriteSourceSize": {"x":0,"y":0,"w":67,"h":68},
	"sourceSize": {"w":67,"h":68}
},
"hell_rider_head0014":
{
	"frame": {"x":183,"y":680,"w":67,"h":68},
	"rotated": false,
	"trimmed": false,
	"spriteSourceSize": {"x":0,"y":0,"w":67,"h":68},
	"sourceSize": {"w":67,"h":68}
},
"hell_rider_head0015":
{
	"frame": {"x":183,"y":680,"w":67,"h":68},
	"rotated": false,
	"trimmed": false,
	"spriteSourceSize": {"x":0,"y":0,"w":67,"h":68},
	"sourceSize": {"w":67,"h":68}
},
"hell_rider_head0016":
{
	"frame": {"x":183,"y":680,"w":67,"h":68},
	"rotated": false,
	"trimmed": false,
	"spriteSourceSize": {"x":0,"y":0,"w":67,"h":68},
	"sourceSize": {"w":67,"h":68}
},
"hell_rider_head0017":
{
	"frame": {"x":183,"y":680,"w":67,"h":68},
	"rotated": false,
	"trimmed": false,
	"spriteSourceSize": {"x":0,"y":0,"w":67,"h":68},
	"sourceSize": {"w":67,"h":68}
},
"hell_rider_head0018":
{
	"frame": {"x":183,"y":680,"w":67,"h":68},
	"rotated": false,
	"trimmed": false,
	"spriteSourceSize": {"x":0,"y":0,"w":67,"h":68},
	"sourceSize": {"w":67,"h":68}
},
"hell_rider_head0019":
{
	"frame": {"x":183,"y":680,"w":67,"h":68},
	"rotated": false,
	"trimmed": false,
	"spriteSourceSize": {"x":0,"y":0,"w":67,"h":68},
	"sourceSize": {"w":67,"h":68}
},
"ive_side0000":
{
	"frame": {"x":722,"y":1018,"w":64,"h":44},
	"rotated": false,
	"trimmed": false,
	"spriteSourceSize": {"x":0,"y":0,"w":64,"h":44},
	"sourceSize": {"w":64,"h":44}
},
"line0000":
{
	"frame": {"x":602,"y":840,"w":30,"h":64},
	"rotated": false,
	"trimmed": false,
	"spriteSourceSize": {"x":0,"y":0,"w":30,"h":64},
	"sourceSize": {"w":30,"h":64}
},
"line_ivy0000":
{
	"frame": {"x":542,"y":774,"w":64,"h":64},
	"rotated": false,
	"trimmed": false,
	"spriteSourceSize": {"x":0,"y":0,"w":64,"h":64},
	"sourceSize": {"w":64,"h":64}
},
"line_metal_g0000":
{
	"frame": {"x":639,"y":648,"w":128,"h":64},
	"rotated": false,
	"trimmed": false,
	"spriteSourceSize": {"x":0,"y":0,"w":128,"h":64},
	"sourceSize": {"w":128,"h":64}
},
"line_rivet0000":
{
	"frame": {"x":633,"y":1337,"w":64,"h":32},
	"rotated": false,
	"trimmed": false,
	"spriteSourceSize": {"x":0,"y":0,"w":64,"h":32},
	"sourceSize": {"w":64,"h":32}
},
"line_stone_shape0000":
{
	"frame": {"x":2,"y":1383,"w":256,"h":32},
	"rotated": false,
	"trimmed": false,
	"spriteSourceSize": {"x":0,"y":0,"w":256,"h":32},
	"sourceSize": {"w":256,"h":32}
},
"line_wood0000":
{
	"frame": {"x":2,"y":1417,"w":128,"h":32},
	"rotated": false,
	"trimmed": false,
	"spriteSourceSize": {"x":0,"y":0,"w":128,"h":32},
	"sourceSize": {"w":128,"h":32}
},
"line_wood_g0000":
{
	"frame": {"x":771,"y":1373,"w":128,"h":64},
	"rotated": false,
	"trimmed": false,
	"spriteSourceSize": {"x":0,"y":0,"w":128,"h":64},
	"sourceSize": {"w":128,"h":64}
},
"smoke_part_anim0000":
{
	"frame": {"x":964,"y":251,"w":6,"h":6},
	"rotated": false,
	"trimmed": true,
	"spriteSourceSize": {"x":7,"y":6,"w":18,"h":18},
	"sourceSize": {"w":18,"h":18}
},
"smoke_part_anim0001":
{
	"frame": {"x":947,"y":251,"w":7,"h":7},
	"rotated": false,
	"trimmed": true,
	"spriteSourceSize": {"x":6,"y":6,"w":18,"h":18},
	"sourceSize": {"w":18,"h":18}
},
"smoke_part_anim0002":
{
	"frame": {"x":395,"y":250,"w":9,"h":8},
	"rotated": false,
	"trimmed": true,
	"spriteSourceSize": {"x":5,"y":6,"w":18,"h":18},
	"sourceSize": {"w":18,"h":18}
},
"smoke_part_anim0003":
{
	"frame": {"x":1004,"y":700,"w":10,"h":9},
	"rotated": false,
	"trimmed": true,
	"spriteSourceSize": {"x":4,"y":5,"w":18,"h":18},
	"sourceSize": {"w":18,"h":18}
},
"smoke_part_anim0004":
{
	"frame": {"x":1004,"y":664,"w":11,"h":10},
	"rotated": false,
	"trimmed": true,
	"spriteSourceSize": {"x":4,"y":5,"w":18,"h":18},
	"sourceSize": {"w":18,"h":18}
},
"smoke_part_anim0005":
{
	"frame": {"x":417,"y":244,"w":12,"h":11},
	"rotated": false,
	"trimmed": true,
	"spriteSourceSize": {"x":3,"y":4,"w":18,"h":18},
	"sourceSize": {"w":18,"h":18}
},
"smoke_part_anim0006":
{
	"frame": {"x":1004,"y":597,"w":13,"h":12},
	"rotated": false,
	"trimmed": true,
	"spriteSourceSize": {"x":3,"y":4,"w":18,"h":18},
	"sourceSize": {"w":18,"h":18}
},
"smoke_part_anim0007":
{
	"frame": {"x":1004,"y":611,"w":13,"h":12},
	"rotated": false,
	"trimmed": true,
	"spriteSourceSize": {"x":3,"y":4,"w":18,"h":18},
	"sourceSize": {"w":18,"h":18}
},
"smoke_part_anim0008":
{
	"frame": {"x":1004,"y":566,"w":13,"h":14},
	"rotated": false,
	"trimmed": true,
	"spriteSourceSize": {"x":3,"y":3,"w":18,"h":18},
	"sourceSize": {"w":18,"h":18}
},
"smoke_part_anim0009":
{
	"frame": {"x":1004,"y":549,"w":14,"h":15},
	"rotated": false,
	"trimmed": true,
	"spriteSourceSize": {"x":3,"y":2,"w":18,"h":18},
	"sourceSize": {"w":18,"h":18}
},
"smoke_part_anim0010":
{
	"frame": {"x":1004,"y":531,"w":16,"h":16},
	"rotated": false,
	"trimmed": true,
	"spriteSourceSize": {"x":1,"y":1,"w":18,"h":18},
	"sourceSize": {"w":18,"h":18}
},
"smoke_part_anim0011":
{
	"frame": {"x":398,"y":230,"w":17,"h":18},
	"rotated": false,
	"trimmed": true,
	"spriteSourceSize": {"x":0,"y":0,"w":18,"h":18},
	"sourceSize": {"w":18,"h":18}
},
"smoke_part_anim0012":
{
	"frame": {"x":608,"y":774,"w":17,"h":18},
	"rotated": false,
	"trimmed": true,
	"spriteSourceSize": {"x":0,"y":0,"w":18,"h":18},
	"sourceSize": {"w":18,"h":18}
},
"smoke_part_anim0013":
{
	"frame": {"x":608,"y":794,"w":17,"h":18},
	"rotated": false,
	"trimmed": true,
	"spriteSourceSize": {"x":0,"y":0,"w":18,"h":18},
	"sourceSize": {"w":18,"h":18}
},
"smoke_part_anim0014":
{
	"frame": {"x":1004,"y":512,"w":18,"h":17},
	"rotated": false,
	"trimmed": true,
	"spriteSourceSize": {"x":0,"y":1,"w":18,"h":18},
	"sourceSize": {"w":18,"h":18}
},
"tile0000":
{
	"frame": {"x":689,"y":2,"w":256,"h":256},
	"rotated": false,
	"trimmed": false,
	"spriteSourceSize": {"x":0,"y":0,"w":256,"h":256},
	"sourceSize": {"w":256,"h":256}
},
"tile_bg0000":
{
	"frame": {"x":2,"y":422,"w":256,"h":256},
	"rotated": false,
	"trimmed": false,
	"spriteSourceSize": {"x":0,"y":0,"w":256,"h":256},
	"sourceSize": {"w":256,"h":256}
},
"tile_rivet0000":
{
	"frame": {"x":518,"y":260,"w":256,"h":256},
	"rotated": false,
	"trimmed": false,
	"spriteSourceSize": {"x":0,"y":0,"w":256,"h":256},
	"sourceSize": {"w":256,"h":256}
},
"tile_rivet_bg0000":
{
	"frame": {"x":2,"y":164,"w":256,"h":256},
	"rotated": false,
	"trimmed": false,
	"spriteSourceSize": {"x":0,"y":0,"w":256,"h":256},
	"sourceSize": {"w":256,"h":256}
},
"tile_saw0000":
{
	"frame": {"x":260,"y":260,"w":256,"h":256},
	"rotated": false,
	"trimmed": false,
	"spriteSourceSize": {"x":0,"y":0,"w":256,"h":256},
	"sourceSize": {"w":256,"h":256}
},
"tile_stone0000":
{
	"frame": {"x":431,"y":2,"w":256,"h":256},
	"rotated": false,
	"trimmed": false,
	"spriteSourceSize": {"x":0,"y":0,"w":256,"h":256},
	"sourceSize": {"w":256,"h":256}
}},
"meta": {
	"app": "Adobe Flash Professional",
	"version": "15.0.1.179",
	"image": "theme0.png",
	"format": "RGBA8888",
	"size": {"w":1024,"h":2048},
	"scale": "1"
}
}
