{"settings":{"theme":6,"prizes":"25,33,42","countdown":0,"gravityY":500},"layers":[[{"params":{"layer":0,"vertices":[{"x":260,"y":0,"length":260},{"x":340,"y":0,"length":340},{"x":410,"y":35,"length":411.4911906711977},{"x":580,"y":35,"length":581.0550748423078},{"x":660,"y":0,"length":660},{"x":740,"y":0,"length":740},{"x":740,"y":55,"length":742.0411039827915},{"x":700,"y":125,"length":711.0731326663946},{"x":310,"y":125,"length":334.2528982671654},{"x":260,"y":50,"length":264.76404589747455}],"density":1,"safeId":2,"physic":true,"rem":true,"rotation":0,"plr":false,"line":true,"x":9010,"isStatic":false,"id":-1,"isWheel":false,"ignore":false,"graphic":true,"y":-320},"className":"frg.game.editor.objects::LandscapeShaper"},{"params":{"layer":0,"vertices":[{"x":260,"y":0,"length":260},{"x":340,"y":0,"length":340},{"x":410,"y":35,"length":411.4911906711977},{"x":580,"y":35,"length":581.0550748423078},{"x":660,"y":0,"length":660},{"x":740,"y":0,"length":740},{"x":740,"y":55,"length":742.0411039827915},{"x":695,"y":130,"length":707.0537461890715},{"x":305,"y":130,"length":331.54939300200806},{"x":260,"y":50,"length":264.76404589747455}],"density":1,"safeId":2,"physic":true,"rem":true,"rotation":0,"plr":false,"line":true,"x":8497,"isStatic":false,"id":-1,"isWheel":false,"ignore":false,"graphic":true,"y":-320},"className":"frg.game.editor.objects::LandscapeShaper"},{"params":{"layer":0,"vertices":[{"x":260,"y":0,"length":260},{"x":340,"y":0,"length":340},{"x":410,"y":35,"length":411.4911906711977},{"x":580,"y":35,"length":581.0550748423078},{"x":660,"y":0,"length":660},{"x":740,"y":0,"length":740},{"x":740,"y":55,"length":742.0411039827915},{"x":695,"y":120,"length":705.2836308890204},{"x":305,"y":120,"length":327.75753233144775},{"x":260,"y":50,"length":264.76404589747455}],"density":1,"safeId":2,"physic":true,"rem":true,"rotation":0,"plr":false,"line":true,"x":9510,"isStatic":false,"id":-1,"isWheel":false,"ignore":false,"graphic":true,"y":-320},"className":"frg.game.editor.objects::LandscapeShaper"},{"params":{"layer":0,"vertices":[{"x":260,"y":0,"length":260},{"x":340,"y":0,"length":340},{"x":410,"y":35,"length":411.4911906711977},{"x":580,"y":35,"length":581.0550748423078},{"x":660,"y":0,"length":660},{"x":740,"y":0,"length":740},{"x":740,"y":55,"length":742.0411039827915},{"x":690,"y":115,"length":699.5176909842953},{"x":300,"y":115,"length":321.2864765283469},{"x":260,"y":50,"length":264.76404589747455}],"density":1,"safeId":2,"physic":true,"rem":true,"rotation":0,"plr":false,"line":true,"x":10560,"isStatic":false,"id":-1,"isWheel":false,"ignore":false,"graphic":true,"y":-320},"className":"frg.game.editor.objects::LandscapeShaper"},{"params":{"layer":0,"vertices":[{"x":260,"y":0,"length":260},{"x":340,"y":0,"length":340},{"x":410,"y":35,"length":411.4911906711977},{"x":580,"y":35,"length":581.0550748423078},{"x":660,"y":0,"length":660},{"x":740,"y":0,"length":740},{"x":740,"y":55,"length":742.0411039827915},{"x":695,"y":115,"length":704.4501401802686},{"x":305,"y":115,"length":325.96012026013244},{"x":260,"y":50,"length":264.76404589747455}],"density":1,"safeId":2,"physic":true,"rem":true,"rotation":0,"plr":false,"line":true,"x":10030,"isStatic":false,"id":-1,"isWheel":false,"ignore":false,"graphic":true,"y":-320},"className":"frg.game.editor.objects::LandscapeShaper"},{"params":{"layer":0,"vertices":[{"x":260,"y":0,"length":260},{"x":340,"y":0,"length":340},{"x":410,"y":35,"length":411.4911906711977},{"x":580,"y":35,"length":581.0550748423078},{"x":660,"y":0,"length":660},{"x":740,"y":0,"length":740},{"x":740,"y":55,"length":742.0411039827915},{"x":695,"y":110,"length":703.6511919978534},{"x":305,"y":110,"length":324.2298567374695},{"x":260,"y":50,"length":264.76404589747455}],"density":1,"safeId":2,"physic":true,"rem":true,"rotation":0,"plr":false,"line":true,"x":11060,"isStatic":false,"id":-1,"isWheel":false,"ignore":false,"graphic":true,"y":-320},"className":"frg.game.editor.objects::LandscapeShaper"},{"params":{"sf":true,"bg":true,"x":8680,"vertices":[{"x":0,"y":0,"length":0},{"x":3290,"y":-5,"length":3290.0037993899036},{"x":3290,"y":275,"length":3301.473156032016},{"x":0,"y":280,"length":280}],"id":-1,"density":1.5,"viscosity":1.5,"y":-260,"rotation":0},"className":"frg.game.editor.objects::WaterShaper"},{"params":{"layer":0,"vertices":[{"x":0,"y":0,"length":0},{"x":80,"y":0,"length":80},{"x":150,"y":35,"length":154.02921800749363},{"x":580,"y":35,"length":581.0550748423078},{"x":660,"y":0,"length":660},{"x":740,"y":0,"length":740},{"x":740,"y":55,"length":742.0411039827915},{"x":695,"y":120,"length":705.2836308890204},{"x":45,"y":120,"length":128.16005617976296},{"x":0,"y":50,"length":50}],"density":1,"safeId":2,"physic":true,"rem":true,"rotation":0,"plr":false,"line":true,"x":7710,"isStatic":false,"id":-1,"isWheel":false,"ignore":false,"graphic":true,"y":-1020},"className":"frg.game.editor.objects::LandscapeShaper"},{"params":{"height":428,"x":10860,"y":-780,"rotation":0,"width":1844},"className":"FinishZone"},{"params":{"sf":true,"bg":true,"x":7220,"vertices":[{"x":0,"y":0,"length":0},{"x":1310,"y":0,"length":1310},{"x":1310,"y":280,"length":1339.5894893585871},{"x":0,"y":280,"length":280}],"id":-1,"density":1.5,"viscosity":1.5,"y":-960,"rotation":0},"className":"frg.game.editor.objects::WaterShaper"},{"params":{"layer":0,"vertices":[{"x":0,"y":0,"length":0},{"x":80,"y":0,"length":80},{"x":150,"y":35,"length":154.02921800749363},{"x":580,"y":35,"length":581.0550748423078},{"x":660,"y":0,"length":660},{"x":740,"y":0,"length":740},{"x":740,"y":55,"length":742.0411039827915},{"x":695,"y":100,"length":702.1573897638619},{"x":45,"y":100,"length":109.65856099730654},{"x":0,"y":50,"length":50}],"density":1,"safeId":2,"physic":true,"rem":true,"rotation":0,"plr":false,"line":true,"x":6150,"isStatic":false,"id":-1,"isWheel":false,"ignore":false,"graphic":true,"y":-1450},"className":"frg.game.editor.objects::LandscapeShaper"},{"params":{"layer":1,"vertices":[{"x":0,"y":0,"length":0},{"x":55,"y":-30,"length":62.64982043070834},{"x":109,"y":-60,"length":124.42266674525185},{"x":156,"y":-96,"length":183.17205026968497},{"x":194,"y":-130,"length":233.52944139872386},{"x":231,"y":-169,"length":286.22019495486336},{"x":265,"y":-209,"length":337.4996296294264},{"x":296,"y":-254,"length":390.041023483428},{"x":320,"y":-300,"length":438.63424398922615},{"x":341,"y":-352,"length":490.0867270188002},{"x":360,"y":-404,"length":541.1247545621989},{"x":370,"y":-458,"length":588.7817931967666},{"x":376,"y":-519,"length":640.8876656638041},{"x":377,"y":-570,"length":683.3952004513933},{"x":374,"y":-628,"length":730.9309132879796},{"x":365,"y":-690,"length":780.5927235120757},{"x":353,"y":-742,"length":821.6891139597749},{"x":347,"y":-778,"length":851.8761647094019},{"x":346,"y":-821,"length":890.9304125463448},{"x":358,"y":-870,"length":940.7784011126106},{"x":376,"y":-909,"length":983.6955829930314},{"x":404,"y":-948,"length":1030.4950266740739},{"x":434,"y":-978,"length":1069.9719622494788},{"x":473,"y":-1005,"length":1110.74479517124},{"x":512,"y":-1023,"length":1143.972464703587},{"x":553,"y":-1033,"length":1171.7073013342538},{"x":590,"y":-1038,"length":1193.9614734152858},{"x":634,"y":-1035,"length":1213.746678677227},{"x":676,"y":-1023,"length":1226.1749467347634},{"x":709,"y":-1008,"length":1232.3737257828893},{"x":737,"y":-990,"length":1234.207843112334},{"x":772,"y":-962,"length":1233.4617951116281},{"x":804,"y":-923,"length":1224.0690340009423},{"x":823,"y":-885,"length":1208.5338224476798},{"x":836,"y":-837,"length":1182.9898562540593},{"x":839,"y":-799,"length":1158.5862074097033},{"x":834,"y":-748,"length":1120.2946041109008},{"x":823,"y":-698,"length":1079.1353019895141},{"x":817,"y":-655,"length":1047.1456441202436},{"x":814,"y":-612,"length":1018.4007069911136},{"x":815,"y":-562,"length":989.9843433105394},{"x":818,"y":-514,"length":966.084882399057},{"x":824,"y":-476,"length":951.6049600543284},{"x":833,"y":-437,"length":940.6689109351919},{"x":846,"y":-390,"length":931.5664227525593},{"x":861,"y":-349,"length":929.0435942408731},{"x":882,"y":-309,"length":934.5613944519642},{"x":903,"y":-272,"length":943.0763489771123},{"x":930,"y":-234,"length":958.9869655005745},{"x":952,"y":-205,"length":973.8218522912699},{"x":993,"y":-163,"length":1006.2892228380467},{"x":1048,"y":-117,"length":1054.510787047719},{"x":1112,"y":-73,"length":1114.3935570524445},{"x":1157,"y":-44,"length":1157.8363442214102},{"x":1213,"y":-22,"length":1213.1994889547225},{"x":1267,"y":4,"length":1267.006314112128},{"x":1310,"y":38,"length":1310.5510291476635},{"x":1341,"y":71,"length":1342.87825211372},{"x":1362,"y":110,"length":1366.4347770749982},{"x":1377,"y":153,"length":1385.4739261350248},{"x":1384,"y":201,"length":1398.5195744071657},{"x":1383,"y":246,"length":1404.7081547424718},{"x":1372,"y":293,"length":1402.937275860899},{"x":1352,"y":340,"length":1394.0961229413128},{"x":1320,"y":381,"length":1373.8853663970658},{"x":1284,"y":416,"length":1349.7081165941026},{"x":1240,"y":441,"length":1316.0854835458067},{"x":1195,"y":457,"length":1279.4037673854177},{"x":1153,"y":464,"length":1242.8616173975283},{"x":1102,"y":461,"length":1194.5396602875937},{"x":1057,"y":452,"length":1149.588187134854},{"x":1022,"y":436,"length":1111.1165555422167},{"x":991,"y":413,"length":1073.6153873711014},{"x":953,"y":386,"length":1028.204746147381},{"x":910,"y":360,"length":978.6214794290998},{"x":849,"y":332,"length":911.6057261777155},{"x":793,"y":313,"length":852.5362162395214},{"x":737,"y":302,"length":796.4753605730689},{"x":681,"y":295,"length":742.1495806102703},{"x":618,"y":292,"length":683.5115214829959},{"x":546,"y":296,"length":621.0732645992741},{"x":475,"y":310,"length":567.2080746956975},{"x":415,"y":331,"length":530.8351909962263},{"x":370,"y":351,"length":510.00098039121457},{"x":315,"y":380,"length":493.5838327984416},{"x":266,"y":413,"length":491.248409666637},{"x":219,"y":447,"length":497.76500479644005},{"x":158,"y":469,"length":494.8989795907848},{"x":102,"y":474,"length":484.85049242008614},{"x":35,"y":464,"length":465.31817071762845},{"x":-19,"y":439,"length":439.410969366947},{"x":-67,"y":403,"length":408.53151653207857},{"x":-100,"y":364,"length":377.48642359692883},{"x":-123,"y":320,"length":342.82502825785633},{"x":-138,"y":274,"length":306.78983033992506},{"x":-143,"y":225,"length":266.59707425251315},{"x":-137,"y":173,"length":220.6762334280699},{"x":-122,"y":128,"length":176.82759965570986},{"x":-93,"y":76,"length":120.10412149464314},{"x":-45,"y":30,"length":54.08326913195984}],"density":1,"safeId":-1,"physic":false,"rem":true,"rotation":0,"plr":false,"line":true,"x":2309,"isStatic":true,"id":-1,"isWheel":false,"ignore":false,"graphic":true,"y":-221},"className":"frg.game.editor.objects::LandscapeShaper"},{"params":{"wireframe":false,"type":7,"straightSides":true,"snapToGrid":false,"vertices":[{"x":-3,"y":6,"length":6.708203932499369},{"x":161,"y":-336,"length":372.5815347007954},{"x":193,"y":-336,"length":387.48548359906334},{"x":352,"y":5,"length":352.035509572543}],"originOffsetRatio":0,"density":"1","action":0,"physic":true,"shapeH":16,"rotation":57,"stretchTexture":false,"height":356.5,"x":2039.8,"isStatic":false,"repeatTexture":true,"id":-1,"width":369.45,"textureOffset":0,"safeId":-1,"graphic":true,"smoothing":true,"y":39.65,"textureMode":true},"className":"frg.game.editor.objects::DynamicPather"},{"params":{"layer":0,"vertices":[{"x":0,"y":0,"length":0},{"x":20,"y":0,"length":20},{"x":43,"y":11,"length":44.384682042344295},{"x":68,"y":21,"length":71.16881339463234},{"x":98,"y":29,"length":102.20078277586722},{"x":131,"y":35,"length":135.5949851580065},{"x":167,"y":39,"length":171.49344010777787},{"x":201,"y":39,"length":204.74862636901864},{"x":240,"y":35,"length":242.53865671269807},{"x":279,"y":27,"length":280.30340704315387},{"x":315,"y":16,"length":315.40608744918035},{"x":350,"y":0,"length":350},{"x":370,"y":0,"length":370},{"x":370,"y":43,"length":372.4902683292545},{"x":338,"y":59,"length":343.11076928595526},{"x":300,"y":72,"length":308.5190431723786},{"x":251,"y":81,"length":263.74609001841145},{"x":217,"y":86,"length":233.42022191746798},{"x":176,"y":87,"length":196.32880583347927},{"x":134,"y":84,"length":158.15182578775372},{"x":95,"y":78,"length":122.9186723000212},{"x":63,"y":70,"length":94.17536832951598},{"x":27,"y":59,"length":64.88451279003334},{"x":0,"y":43,"length":43}],"density":1,"safeId":-1,"physic":true,"rem":true,"rotation":57,"plr":false,"line":true,"x":2042.65,"isStatic":false,"id":-1,"isWheel":false,"ignore":false,"graphic":true,"y":25.95},"className":"frg.game.editor.objects::LandscapeShaper"},{"params":{"wireframe":false,"vertices":[{"x":0,"y":0,"length":0},{"x":3750,"y":0,"length":3750},{"x":4135,"y":-210,"length":4140.329093200201},{"x":4625,"y":-1455,"length":4848.468830465965},{"x":6220,"y":-1770,"length":6466.938997702081},{"x":7025,"y":-1775,"length":7245.774630776202},{"x":7505,"y":-1390,"length":7632.635521233802},{"x":8920,"y":-615,"length":8941.175817530935},{"x":12285,"y":-615,"length":12300.384140342934}],"lineId":-1,"physic":false,"directed":false,"width":12298,"shape":false,"height":1839.05,"isRoad":false,"rotation":0,"textureMode":true,"straightSides":true,"originOffsetRatio":0,"cameraOffsetY":100,"stretchTexture":false,"thick":128,"repeatTexture":true,"line":false,"x":-240,"smoothing":true,"y":460,"direction":90,"textureOffset":0,"camera":true,"snapToGrid":true},"className":"frg.game.editor.objects::GroundPather"},{"params":{"sf":true,"bg":true,"x":5880,"vertices":[{"x":0,"y":0,"length":0},{"x":1310,"y":0,"length":1310},{"x":1310,"y":280,"length":1339.5894893585871},{"x":0,"y":280,"length":280}],"id":-1,"density":1.5,"viscosity":1.5,"y":-1400,"rotation":0},"className":"frg.game.editor.objects::WaterShaper"},{"params":{"wireframe":false,"type":7,"straightSides":true,"snapToGrid":false,"vertices":[{"x":-2,"y":4,"length":4.47213595499958},{"x":161,"y":-336,"length":372.5815347007954},{"x":193,"y":-336,"length":387.48548359906334},{"x":352,"y":2,"length":352.00568177232594}],"originOffsetRatio":0,"density":"1","action":0,"physic":true,"shapeH":16,"rotation":33,"stretchTexture":false,"height":354.5,"x":3115,"isStatic":false,"repeatTexture":true,"id":-1,"width":368.45,"textureOffset":0,"safeId":-1,"graphic":true,"smoothing":true,"y":180,"textureMode":true},"className":"frg.game.editor.objects::DynamicPather"},{"params":{"layer":0,"vertices":[{"x":0,"y":0,"length":0},{"x":20,"y":0,"length":20},{"x":43,"y":11,"length":44.384682042344295},{"x":68,"y":21,"length":71.16881339463234},{"x":98,"y":29,"length":102.20078277586722},{"x":131,"y":35,"length":135.5949851580065},{"x":167,"y":39,"length":171.49344010777787},{"x":201,"y":39,"length":204.74862636901864},{"x":240,"y":37,"length":242.83533515532702},{"x":275,"y":29,"length":276.5248632582611},{"x":313,"y":15,"length":313.35921878891645},{"x":349,"y":-3,"length":349.0128937446294},{"x":370,"y":0,"length":370},{"x":370,"y":43,"length":372.4902683292545},{"x":338,"y":59,"length":343.11076928595526},{"x":300,"y":72,"length":308.5190431723786},{"x":251,"y":81,"length":263.74609001841145},{"x":217,"y":86,"length":233.42022191746798},{"x":176,"y":87,"length":196.32880583347927},{"x":134,"y":84,"length":158.15182578775372},{"x":95,"y":78,"length":122.9186723000212},{"x":63,"y":70,"length":94.17536832951598},{"x":27,"y":59,"length":64.88451279003334},{"x":0,"y":43,"length":43}],"density":1,"safeId":-1,"physic":true,"rem":true,"rotation":33,"plr":false,"line":true,"x":3113,"isStatic":false,"id":-1,"isWheel":false,"ignore":false,"graphic":true,"y":166},"className":"frg.game.editor.objects::LandscapeShaper"},{"params":{"layer":0,"vertices":[{"x":0,"y":0,"length":0},{"x":20,"y":0,"length":20},{"x":43,"y":11,"length":44.384682042344295},{"x":68,"y":21,"length":71.16881339463234},{"x":98,"y":29,"length":102.20078277586722},{"x":131,"y":35,"length":135.5949851580065},{"x":167,"y":39,"length":171.49344010777787},{"x":201,"y":39,"length":204.74862636901864},{"x":240,"y":35,"length":242.53865671269807},{"x":279,"y":27,"length":280.30340704315387},{"x":315,"y":16,"length":315.40608744918035},{"x":350,"y":0,"length":350},{"x":370,"y":0,"length":370},{"x":370,"y":43,"length":372.4902683292545},{"x":338,"y":59,"length":343.11076928595526},{"x":300,"y":72,"length":308.5190431723786},{"x":251,"y":81,"length":263.74609001841145},{"x":217,"y":86,"length":233.42022191746798},{"x":176,"y":87,"length":196.32880583347927},{"x":134,"y":84,"length":158.15182578775372},{"x":95,"y":78,"length":122.9186723000212},{"x":63,"y":70,"length":94.17536832951598},{"x":27,"y":59,"length":64.88451279003334},{"x":0,"y":43,"length":43}],"density":1,"safeId":-1,"physic":true,"rem":true,"rotation":171,"plr":false,"line":true,"x":3035,"isStatic":false,"id":-1,"isWheel":false,"ignore":false,"graphic":true,"y":-1361},"className":"frg.game.editor.objects::LandscapeShaper"},{"params":{"wireframe":false,"type":7,"straightSides":true,"snapToGrid":false,"vertices":[{"x":4,"y":10,"length":10.770329614269007},{"x":161,"y":-336,"length":372.5815347007954},{"x":193,"y":-336,"length":387.48548359906334},{"x":349,"y":5,"length":349.03581478123414}],"originOffsetRatio":0,"density":"1","action":0,"physic":true,"shapeH":16,"rotation":171,"stretchTexture":false,"height":360.5,"x":3025,"isStatic":false,"repeatTexture":true,"id":-1,"width":359.55,"textureOffset":0,"safeId":-1,"graphic":true,"smoothing":true,"y":-1369,"textureMode":true},"className":"frg.game.editor.objects::DynamicPather"},{"params":{"height":103,"x":1240,"directed":true,"isPillar":false,"y":390,"thick":128,"direction":90,"snapToGrid":true,"vertices":[{"x":0,"y":0,"length":0},{"x":105,"y":-30,"length":109.20164833920778},{"x":205,"y":-80,"length":220.05681084665386},{"x":260,"y":10,"length":260.1922366251537}],"rotation":0,"width":273},"className":"frg.game.editor.objects::BonesPather"},{"params":{"layer":2,"vertices":[{"x":-2045,"y":0,"length":2045},{"x":-1636,"y":-946,"length":1889.8179806531634},{"x":420,"y":-2095,"length":2136.685517337542},{"x":2185,"y":-4135,"length":4676.799119055681},{"x":2905,"y":-4065,"length":4996.323648443924},{"x":7315,"y":-4185,"length":8427.541159792694},{"x":7310,"y":-1790,"length":7525.968376229069},{"x":6870,"y":-1790,"length":7099.366168891417},{"x":5370,"y":-2345,"length":5859.686425057232},{"x":3570,"y":-2345,"length":4271.290788508785},{"x":3570,"y":-2745,"length":4503.323772504038},{"x":2640,"y":-2745,"length":3808.49379676533},{"x":2640,"y":-2160,"length":3411.040896852455},{"x":3070,"y":-2160,"length":3753.731476810775},{"x":3075,"y":-1745,"length":3535.6258286193124},{"x":2820,"y":-1745,"length":3316.2365717783164},{"x":2825,"y":-1890,"length":3398.929978684468},{"x":2020,"y":-2445,"length":3171.5020100892257},{"x":1165,"y":-1920,"length":2245.8016386137047},{"x":1100,"y":-1930,"length":2221.463481581455},{"x":1040,"y":-1930,"length":2192.3731434224424},{"x":967,"y":-1917,"length":2147.0859321415155},{"x":903,"y":-1899,"length":2102.762468753901},{"x":836,"y":-1872,"length":2050.19023507576},{"x":785,"y":-1845,"length":2005.056108940595},{"x":735,"y":-1805,"length":1948.9099517422553},{"x":685,"y":-1760,"length":1888.603981781252},{"x":640,"y":-1705,"length":1821.160344395847},{"x":610,"y":-1660,"length":1768.530463407402},{"x":585,"y":-1615,"length":1717.687398801074},{"x":113,"y":-616,"length":626.2786919575022},{"x":88,"y":-555,"length":561.9332700597109},{"x":75,"y":-507,"length":512.5173167806138},{"x":65,"y":-455,"length":459.6194077712559},{"x":60,"y":-390,"length":394.58839313897715},{"x":-235,"y":-390,"length":455.3295509847785},{"x":-235,"y":-350,"length":421.57442996462675},{"x":-440,"y":-350,"length":562.2277118748239},{"x":-440,"y":-310,"length":538.2378656319156},{"x":-630,"y":-310,"length":702.1395872616783},{"x":-630,"y":-270,"length":685.4195795277517},{"x":-795,"y":-270,"length":839.5981181493918},{"x":-795,"y":-230,"length":827.6019574650607},{"x":-975,"y":-230,"length":1001.7609495283792},{"x":-975,"y":-190,"length":993.3403243601863},{"x":-1145,"y":-190,"length":1160.6571414504801},{"x":-1145,"y":-145,"length":1154.1447049655428},{"x":-1345,"y":-145,"length":1352.7934062524107},{"x":-1345,"y":-265,"length":1370.8573959387606},{"x":-1655,"y":-265,"length":1676.0817402501586},{"x":-1651,"y":0,"length":1651},{"x":230,"y":0,"length":230},{"x":269,"y":36,"length":271.39823138701547},{"x":320,"y":68,"length":327.1452276894774},{"x":371,"y":94,"length":382.7231375289453},{"x":427,"y":114,"length":441.955880150949},{"x":489,"y":131,"length":506.2430246433031},{"x":559,"y":140,"length":576.2646961249665},{"x":614,"y":140,"length":629.7586839417143},{"x":681,"y":133,"length":693.8659812961001},{"x":734,"y":121,"length":743.9065801564064},{"x":785,"y":101,"length":791.4707827835466},{"x":840,"y":73,"length":843.1660571915831},{"x":887,"y":40,"length":887.9014584963807},{"x":935,"y":3,"length":935.0048128218378},{"x":982,"y":-37,"length":982.696799628451},{"x":1014,"y":-77,"length":1016.9193675016717},{"x":1196,"y":-78,"length":1198.5407794480755},{"x":1233,"y":-36,"length":1233.525435489678},{"x":1273,"y":2,"length":1273.0015710909395},{"x":1319,"y":38,"length":1319.5472708470886},{"x":1384,"y":73,"length":1385.9238795835795},{"x":1437,"y":97,"length":1440.2701135550928},{"x":1498,"y":114,"length":1502.3315213360866},{"x":1565,"y":127,"length":1570.1445793301966},{"x":1617,"y":131,"length":1622.2977531883596},{"x":1696,"y":124,"length":1700.5269771456142},{"x":1759,"y":109,"length":1762.3739671250253},{"x":1818,"y":89,"length":1820.177189176922},{"x":1892,"y":52,"length":1892.7144528427948},{"x":1942,"y":17,"length":1942.0744064015673},{"x":2001,"y":-32,"length":2001.255855706611},{"x":2045,"y":-90,"length":2046.979482066198},{"x":2082,"y":-153,"length":2087.6141884936496},{"x":2116,"y":-237,"length":2129.231081869697},{"x":2135,"y":-309,"length":2157.245002311977},{"x":2141,"y":-400,"length":2178.045224507517},{"x":2137,"y":-481,"length":2190.463421287833},{"x":2104,"y":-598,"length":2187.331707812055},{"x":2020,"y":-732,"length":2148.5399693745517},{"x":1645,"y":-1417,"length":2171.1549921643086},{"x":1652,"y":-1470,"length":2211.3353431806763},{"x":1685,"y":-1522,"length":2270.618638168902},{"x":1717,"y":-1547,"length":2311.1248343609655},{"x":1755,"y":-1562,"length":2349.4401460773583},{"x":3225,"y":-1574,"length":3588.6071114013025},{"x":3275,"y":-1579,"length":3635.775845675858},{"x":3323,"y":-1593,"length":3685.102169546999},{"x":3361,"y":-1611,"length":3727.149312812676},{"x":3399,"y":-1636,"length":3772.22706103437},{"x":3433,"y":-1665,"length":3815.4572465171195},{"x":3461,"y":-1697,"length":3854.6504381071964},{"x":3481,"y":-1731,"length":3887.637071538443},{"x":3500,"y":-1770,"length":3922.1040271772495},{"x":3512,"y":-1812,"length":3951.8967597851033},{"x":3515,"y":-1850,"length":3972.1184524130194},{"x":3515,"y":-1895,"length":3993.275597801885},{"x":4090,"y":-1895,"length":4507.6740121708},{"x":4090,"y":-1570,"length":4380.981625161192},{"x":5205,"y":-1570,"length":5436.6280910137675},{"x":5205,"y":-1820,"length":5514.020765285528},{"x":5400,"y":-1820,"length":5698.455931215051},{"x":5400,"y":-1135,"length":5517.991029351171},{"x":6670,"y":-1140,"length":6766.720032630285},{"x":6670,"y":-1360,"length":6807.238794107344},{"x":6870,"y":-1360,"length":7003.3206409531185},{"x":6870,"y":-490,"length":6887.452359181877},{"x":9985,"y":-510,"length":9998.016053197754},{"x":9990,"y":-1360,"length":10082.147588683672},{"x":8110,"y":-1355,"length":8222.416007476148},{"x":8100,"y":-2275,"length":8413.419340553519},{"x":11650,"y":-2275,"length":11870.05160056181},{"x":11675,"y":-865,"length":11707.00004270949},{"x":12160,"y":1070,"length":12206.985704915034},{"x":2297,"y":509,"length":2352.7197028120454},{"x":285,"y":455,"length":536.8891878218446},{"x":-2078,"y":221,"length":2089.718880615285}],"density":1,"safeId":-1,"physic":true,"rem":true,"rotation":0,"plr":false,"line":true,"x":1830,"isStatic":true,"id":-1,"isWheel":false,"ignore":false,"graphic":true,"y":390},"className":"frg.game.editor.objects::LandscapeShaper"},{"params":{"wireframe":false,"type":5,"straightSides":true,"snapToGrid":false,"vertices":[{"x":0,"y":0,"length":0},{"x":758,"y":0,"length":758},{"x":802,"y":36,"length":802.8075734570521},{"x":854,"y":69,"length":856.7829363380202},{"x":909,"y":97,"length":914.1608173620219},{"x":972,"y":118,"length":979.1363541407295},{"x":1037,"y":132,"length":1045.3673995299453},{"x":1108,"y":137,"length":1116.4376382046603},{"x":1172,"y":136,"length":1179.8643989882905},{"x":1231,"y":126,"length":1237.4316142720777},{"x":1318,"y":100,"length":1321.7881827282313},{"x":1387,"y":61,"length":1388.3407362747807},{"x":1461,"y":11,"length":1461.041409406318},{"x":1506,"y":-33,"length":1506.361510395164},{"x":1543,"y":-75,"length":1544.8216725564153},{"x":1726,"y":-77,"length":1727.716701314194},{"x":1759,"y":-45,"length":1759.5755169926638},{"x":1809,"y":2,"length":1809.0011055828572},{"x":1863,"y":44,"length":1863.519519618724},{"x":1936,"y":80,"length":1937.6521875713402},{"x":1996,"y":104,"length":1998.707582414196},{"x":2064,"y":120,"length":2067.48542921105},{"x":2132,"y":130,"length":2135.9597374482505},{"x":2195,"y":126,"length":2198.6134266851004},{"x":2256,"y":116,"length":2258.980300932259},{"x":2316,"y":99,"length":2318.1149669505176},{"x":2369,"y":78,"length":2370.2837382895746},{"x":2425,"y":49,"length":2425.495001025564},{"x":2472,"y":14,"length":2472.03964369506},{"x":2522,"y":-29,"length":2522.1667272406876},{"x":2560,"y":-73,"length":2561.0406088150967},{"x":2593,"y":-123,"length":2595.9156380745503},{"x":2620,"y":-180,"length":2626.1759270848556},{"x":2645,"y":-238,"length":2655.686163687268},{"x":2658,"y":-293,"length":2674.100409483533},{"x":2668,"y":-340,"length":2689.5769184018513},{"x":2672,"y":-395,"length":2701.0385039832363},{"x":2666,"y":-469,"length":2706.9386768081763},{"x":2649,"y":-541,"length":2703.6793448928074},{"x":2171,"y":-1414,"length":2590.875720678242}],"originOffsetRatio":0,"density":"1","action":0,"physic":true,"shapeH":64,"rotation":0,"stretchTexture":false,"height":1598.35,"x":1300,"isStatic":true,"repeatTexture":true,"id":-1,"width":2710.6,"textureOffset":0,"safeId":-1,"graphic":true,"smoothing":true,"y":390,"textureMode":true},"className":"frg.game.editor.objects::DynamicPather"},{"params":{"wireframe":false,"type":5,"straightSides":true,"snapToGrid":false,"vertices":[{"x":4,"y":4,"length":5.656854249492381},{"x":9,"y":272,"length":272.1488563268271}],"originOffsetRatio":0,"density":"1","action":0,"physic":true,"shapeH":64,"rotation":0,"stretchTexture":false,"height":281,"x":174,"isStatic":true,"repeatTexture":true,"id":-1,"width":69,"textureOffset":0,"safeId":-1,"graphic":true,"smoothing":true,"y":121,"textureMode":true},"className":"frg.game.editor.objects::DynamicPather"},{"params":{"wireframe":false,"type":5,"straightSides":true,"snapToGrid":false,"vertices":[{"x":67,"y":-35,"length":75.59100475585703},{"x":-134,"y":-35,"length":138.49548729110273}],"originOffsetRatio":0,"density":"1","action":0,"physic":true,"shapeH":64,"rotation":0,"stretchTexture":false,"height":64,"x":620,"isStatic":true,"repeatTexture":true,"id":-1,"width":214,"textureOffset":0,"safeId":-1,"graphic":true,"smoothing":true,"y":280,"textureMode":true},"className":"frg.game.editor.objects::DynamicPather"},{"params":{"wireframe":false,"type":5,"straightSides":true,"snapToGrid":false,"vertices":[{"x":37,"y":-36,"length":51.62363799656123},{"x":-134,"y":-35,"length":138.49548729110273}],"originOffsetRatio":0,"density":"1","action":0,"physic":true,"shapeH":64,"rotation":0,"stretchTexture":false,"height":65,"x":818,"isStatic":true,"repeatTexture":true,"id":-1,"width":184,"textureOffset":0,"safeId":-1,"graphic":true,"smoothing":true,"y":240,"textureMode":true},"className":"frg.game.editor.objects::DynamicPather"},{"params":{"wireframe":false,"type":5,"straightSides":true,"snapToGrid":false,"vertices":[{"x":47,"y":-35,"length":58.60034129593445},{"x":-134,"y":-35,"length":138.49548729110273}],"originOffsetRatio":0,"density":"1","action":0,"physic":true,"shapeH":64,"rotation":0,"stretchTexture":false,"height":64,"x":988,"isStatic":true,"repeatTexture":true,"id":-1,"width":194,"textureOffset":0,"safeId":-1,"graphic":true,"smoothing":true,"y":200,"textureMode":true},"className":"frg.game.editor.objects::DynamicPather"},{"params":{"wireframe":false,"type":5,"straightSides":true,"snapToGrid":false,"vertices":[{"x":32,"y":-35,"length":47.4236228055175},{"x":-134,"y":-35,"length":138.49548729110273}],"originOffsetRatio":0,"density":"1","action":0,"physic":true,"shapeH":64,"rotation":0,"stretchTexture":false,"height":64,"x":1168,"isStatic":true,"repeatTexture":true,"id":-1,"width":179,"textureOffset":0,"safeId":-1,"graphic":true,"smoothing":true,"y":160,"textureMode":true},"className":"frg.game.editor.objects::DynamicPather"},{"params":{"wireframe":false,"type":5,"straightSides":true,"snapToGrid":false,"vertices":[{"x":52,"y":-35,"length":62.68173577685928},{"x":-134,"y":-35,"length":138.49548729110273}],"originOffsetRatio":0,"density":"1","action":0,"physic":true,"shapeH":64,"rotation":0,"stretchTexture":false,"height":64,"x":1338,"isStatic":true,"repeatTexture":true,"id":-1,"width":199,"textureOffset":0,"safeId":-1,"graphic":true,"smoothing":true,"y":120,"textureMode":true},"className":"frg.game.editor.objects::DynamicPather"},{"params":{"wireframe":false,"type":5,"straightSides":true,"snapToGrid":false,"vertices":[{"x":67,"y":-36,"length":76.05918747922567},{"x":-139,"y":-35,"length":143.33875958721003}],"originOffsetRatio":0,"density":"1","action":0,"physic":true,"shapeH":64,"rotation":0,"stretchTexture":false,"height":65,"x":1528,"isStatic":true,"repeatTexture":true,"id":-1,"width":219,"textureOffset":0,"safeId":-1,"graphic":true,"smoothing":true,"y":80,"textureMode":true},"className":"frg.game.editor.objects::DynamicPather"},{"params":{"wireframe":false,"type":5,"straightSides":true,"snapToGrid":false,"vertices":[{"x":1265,"y":-1568,"length":2014.6585318609207},{"x":1148,"y":-1578,"length":1951.4066721214213},{"x":1066,"y":-1564,"length":1892.736643064745},{"x":996,"y":-1540,"length":1834.0163576151658},{"x":921,"y":-1509,"length":1767.8580259738053},{"x":871,"y":-1478,"length":1715.553846429776},{"x":822,"y":-1435,"length":1653.7560279557563},{"x":780,"y":-1393,"length":1596.511509510658},{"x":733,"y":-1331,"length":1519.490046035182},{"x":697,"y":-1275,"length":1453.077423952351},{"x":215,"y":-253,"length":332.01505989939676},{"x":185,"y":-173,"length":253.28639916110774},{"x":171,"y":-101,"length":198.600100704909},{"x":168,"y":-50,"length":175.2826289168439},{"x":150,"y":-34,"length":153.80507143784303},{"x":-139,"y":-35,"length":143.33875958721003}],"originOffsetRatio":0,"density":"1","action":0,"physic":true,"shapeH":64,"rotation":0,"stretchTexture":false,"height":1608.3,"x":1728,"isStatic":true,"repeatTexture":true,"id":-1,"width":1417,"textureOffset":0,"safeId":-1,"graphic":true,"smoothing":true,"y":40,"textureMode":true},"className":"frg.game.editor.objects::DynamicPather"},{"params":{"type":2,"straightSides":true,"vertices":[{"x":7,"y":9,"length":11.40175425099138},{"x":-1,"y":-9,"length":9.055385138137417},{"x":5,"y":-27,"length":27.459060435491963},{"x":16,"y":-37,"length":40.311288741492746},{"x":28,"y":-42,"length":50.47771785649585},{"x":41,"y":-41,"length":57.982756057296896},{"x":54,"y":-34,"length":63.812224534175265},{"x":62,"y":-22,"length":65.7875368135941},{"x":65,"y":-8,"length":65.49045732013177},{"x":61,"y":5,"length":61.204574992397426},{"x":52,"y":14,"length":53.85164807134504},{"x":40,"y":21,"length":45.17742799230607},{"x":23,"y":21,"length":31.144823004794873},{"x":12,"y":14,"length":18.439088914585774},{"x":5,"y":6,"length":7.810249675906654}],"originOffsetRatio":0,"textureMode":true,"stretchTexture":false,"repeatTexture":true,"textureOffset":0,"x":2889,"smoothing":true,"y":-301,"width":79,"height":76,"wireframe":false,"snapToGrid":false,"rotation":0},"className":"frg.game.editor.objects::PillarPather"},{"params":{"type":2,"straightSides":true,"vertices":[{"x":3,"y":-3,"length":4.242640687119285},{"x":4,"y":-19,"length":19.4164878389476},{"x":8,"y":-33,"length":33.95585369269929},{"x":16,"y":-47,"length":49.64876634922564},{"x":27,"y":-58,"length":63.97655820689325},{"x":40,"y":-66,"length":77.17512552629896},{"x":55,"y":-69,"length":88.23831367382311},{"x":71,"y":-70,"length":99.70456358662827},{"x":87,"y":-66,"length":109.20164833920778},{"x":101,"y":-58,"length":116.46887996370532},{"x":112,"y":-47,"length":121.46192819151193},{"x":120,"y":-33,"length":124.45481107614924},{"x":124,"y":-20,"length":125.60254774486066},{"x":124,"y":-5,"length":124.10076550932311},{"x":122,"y":10,"length":122.40914998479485},{"x":115,"y":24,"length":117.47765745025733},{"x":103,"y":37,"length":109.4440496326776},{"x":93,"y":44,"length":102.88342918079665},{"x":82,"y":49,"length":95.524865872714},{"x":67,"y":52,"length":84.81155581640984},{"x":52,"y":51,"length":72.83543093852057},{"x":40,"y":47,"length":61.71709649683789},{"x":26,"y":39,"length":46.87216658103186},{"x":14,"y":28,"length":31.304951684997057},{"x":6,"y":13,"length":14.317821063276353},{"x":3,"y":-8,"length":8.54400374531753}],"originOffsetRatio":0,"textureMode":true,"stretchTexture":false,"repeatTexture":true,"textureOffset":0,"x":2858,"smoothing":true,"y":-302,"width":134,"height":135,"wireframe":false,"snapToGrid":false,"rotation":0},"className":"frg.game.editor.objects::PillarPather"},{"params":{"type":2,"straightSides":true,"vertices":[{"x":7,"y":9,"length":11.40175425099138},{"x":-1,"y":-9,"length":9.055385138137417},{"x":5,"y":-27,"length":27.459060435491963},{"x":16,"y":-37,"length":40.311288741492746},{"x":28,"y":-42,"length":50.47771785649585},{"x":41,"y":-41,"length":57.982756057296896},{"x":54,"y":-34,"length":63.812224534175265},{"x":62,"y":-22,"length":65.7875368135941},{"x":65,"y":-8,"length":65.49045732013177},{"x":61,"y":5,"length":61.204574992397426},{"x":52,"y":14,"length":53.85164807134504},{"x":40,"y":21,"length":45.17742799230607},{"x":23,"y":21,"length":31.144823004794873},{"x":12,"y":14,"length":18.439088914585774},{"x":5,"y":6,"length":7.810249675906654}],"originOffsetRatio":0,"textureMode":true,"stretchTexture":false,"repeatTexture":true,"textureOffset":0,"x":2384,"smoothing":true,"y":17,"width":79,"height":76,"wireframe":false,"snapToGrid":false,"rotation":0},"className":"frg.game.editor.objects::PillarPather"},{"params":{"type":2,"straightSides":true,"vertices":[{"x":3,"y":-3,"length":4.242640687119285},{"x":4,"y":-19,"length":19.4164878389476},{"x":8,"y":-33,"length":33.95585369269929},{"x":16,"y":-47,"length":49.64876634922564},{"x":27,"y":-58,"length":63.97655820689325},{"x":40,"y":-66,"length":77.17512552629896},{"x":55,"y":-69,"length":88.23831367382311},{"x":71,"y":-70,"length":99.70456358662827},{"x":87,"y":-66,"length":109.20164833920778},{"x":101,"y":-58,"length":116.46887996370532},{"x":112,"y":-47,"length":121.46192819151193},{"x":120,"y":-33,"length":124.45481107614924},{"x":124,"y":-20,"length":125.60254774486066},{"x":124,"y":-5,"length":124.10076550932311},{"x":122,"y":10,"length":122.40914998479485},{"x":115,"y":24,"length":117.47765745025733},{"x":103,"y":37,"length":109.4440496326776},{"x":93,"y":44,"length":102.88342918079665},{"x":82,"y":49,"length":95.524865872714},{"x":67,"y":52,"length":84.81155581640984},{"x":52,"y":51,"length":72.83543093852057},{"x":40,"y":47,"length":61.71709649683789},{"x":26,"y":39,"length":46.87216658103186},{"x":14,"y":28,"length":31.304951684997057},{"x":6,"y":13,"length":14.317821063276353},{"x":3,"y":-8,"length":8.54400374531753}],"originOffsetRatio":0,"textureMode":true,"stretchTexture":false,"repeatTexture":true,"textureOffset":0,"x":2353,"smoothing":true,"y":16,"width":134,"height":135,"wireframe":false,"snapToGrid":false,"rotation":0},"className":"frg.game.editor.objects::PillarPather"},{"params":{"type":2,"straightSides":true,"vertices":[{"x":7,"y":9,"length":11.40175425099138},{"x":-1,"y":-9,"length":9.055385138137417},{"x":5,"y":-27,"length":27.459060435491963},{"x":16,"y":-37,"length":40.311288741492746},{"x":28,"y":-42,"length":50.47771785649585},{"x":41,"y":-41,"length":57.982756057296896},{"x":54,"y":-34,"length":63.812224534175265},{"x":62,"y":-22,"length":65.7875368135941},{"x":65,"y":-8,"length":65.49045732013177},{"x":61,"y":5,"length":61.204574992397426},{"x":52,"y":14,"length":53.85164807134504},{"x":40,"y":21,"length":45.17742799230607},{"x":23,"y":21,"length":31.144823004794873},{"x":12,"y":14,"length":18.439088914585774},{"x":5,"y":6,"length":7.810249675906654}],"originOffsetRatio":0,"textureMode":true,"stretchTexture":false,"repeatTexture":true,"textureOffset":0,"x":3414,"smoothing":true,"y":8,"width":79,"height":76,"wireframe":false,"snapToGrid":false,"rotation":0},"className":"frg.game.editor.objects::PillarPather"},{"params":{"type":2,"straightSides":true,"vertices":[{"x":3,"y":-3,"length":4.242640687119285},{"x":4,"y":-19,"length":19.4164878389476},{"x":8,"y":-33,"length":33.95585369269929},{"x":16,"y":-47,"length":49.64876634922564},{"x":27,"y":-58,"length":63.97655820689325},{"x":40,"y":-66,"length":77.17512552629896},{"x":55,"y":-69,"length":88.23831367382311},{"x":71,"y":-70,"length":99.70456358662827},{"x":87,"y":-66,"length":109.20164833920778},{"x":101,"y":-58,"length":116.46887996370532},{"x":112,"y":-47,"length":121.46192819151193},{"x":120,"y":-33,"length":124.45481107614924},{"x":124,"y":-20,"length":125.60254774486066},{"x":124,"y":-5,"length":124.10076550932311},{"x":122,"y":10,"length":122.40914998479485},{"x":115,"y":24,"length":117.47765745025733},{"x":103,"y":37,"length":109.4440496326776},{"x":93,"y":44,"length":102.88342918079665},{"x":82,"y":49,"length":95.524865872714},{"x":67,"y":52,"length":84.81155581640984},{"x":52,"y":51,"length":72.83543093852057},{"x":40,"y":47,"length":61.71709649683789},{"x":26,"y":39,"length":46.87216658103186},{"x":14,"y":28,"length":31.304951684997057},{"x":6,"y":13,"length":14.317821063276353},{"x":3,"y":-8,"length":8.54400374531753}],"originOffsetRatio":0,"textureMode":true,"stretchTexture":false,"repeatTexture":true,"textureOffset":0,"x":3383,"smoothing":true,"y":7,"width":134,"height":135,"wireframe":false,"snapToGrid":false,"rotation":0},"className":"frg.game.editor.objects::PillarPather"},{"params":{"type":2,"straightSides":true,"vertices":[{"x":7,"y":9,"length":11.40175425099138},{"x":-1,"y":-9,"length":9.055385138137417},{"x":5,"y":-27,"length":27.459060435491963},{"x":16,"y":-37,"length":40.311288741492746},{"x":28,"y":-42,"length":50.47771785649585},{"x":41,"y":-41,"length":57.982756057296896},{"x":54,"y":-34,"length":63.812224534175265},{"x":62,"y":-22,"length":65.7875368135941},{"x":65,"y":-8,"length":65.49045732013177},{"x":61,"y":5,"length":61.204574992397426},{"x":52,"y":14,"length":53.85164807134504},{"x":40,"y":21,"length":45.17742799230607},{"x":23,"y":21,"length":31.144823004794873},{"x":12,"y":14,"length":18.439088914585774},{"x":5,"y":6,"length":7.810249675906654}],"originOffsetRatio":0,"textureMode":true,"stretchTexture":false,"repeatTexture":true,"textureOffset":0,"x":2868,"smoothing":true,"y":-1000,"width":79,"height":76,"wireframe":false,"snapToGrid":false,"rotation":0},"className":"frg.game.editor.objects::PillarPather"},{"params":{"type":2,"straightSides":true,"vertices":[{"x":3,"y":-3,"length":4.242640687119285},{"x":4,"y":-19,"length":19.4164878389476},{"x":8,"y":-33,"length":33.95585369269929},{"x":16,"y":-47,"length":49.64876634922564},{"x":27,"y":-58,"length":63.97655820689325},{"x":40,"y":-66,"length":77.17512552629896},{"x":55,"y":-69,"length":88.23831367382311},{"x":71,"y":-70,"length":99.70456358662827},{"x":87,"y":-66,"length":109.20164833920778},{"x":101,"y":-58,"length":116.46887996370532},{"x":112,"y":-47,"length":121.46192819151193},{"x":120,"y":-33,"length":124.45481107614924},{"x":124,"y":-20,"length":125.60254774486066},{"x":124,"y":-5,"length":124.10076550932311},{"x":122,"y":10,"length":122.40914998479485},{"x":115,"y":24,"length":117.47765745025733},{"x":103,"y":37,"length":109.4440496326776},{"x":93,"y":44,"length":102.88342918079665},{"x":82,"y":49,"length":95.524865872714},{"x":67,"y":52,"length":84.81155581640984},{"x":52,"y":51,"length":72.83543093852057},{"x":40,"y":47,"length":61.71709649683789},{"x":26,"y":39,"length":46.87216658103186},{"x":14,"y":28,"length":31.304951684997057},{"x":6,"y":13,"length":14.317821063276353},{"x":3,"y":-8,"length":8.54400374531753}],"originOffsetRatio":0,"textureMode":true,"stretchTexture":false,"repeatTexture":true,"textureOffset":0,"x":2837,"smoothing":true,"y":-1001,"width":134,"height":135,"wireframe":false,"snapToGrid":false,"rotation":0},"className":"frg.game.editor.objects::PillarPather"}],[{"params":{"height":128.35,"x":4000,"y":-1240,"rotation":0,"scaleX":1,"scaleY":1,"width":9.3},"className":"SignPillar"},{"params":{"height":128.35,"x":5580,"y":-1570,"rotation":0,"scaleX":1,"scaleY":1,"width":9.3},"className":"SignPillar"},{"params":{"height":95.5,"x":3963,"y":-1224,"rotation":0,"scaleX":1,"scaleY":1,"width":80.2},"className":"Dec24"},{"params":{"height":79.6,"x":5614,"y":-1544,"rotation":0,"scaleX":-1,"scaleY":1,"width":77.3},"className":"Dec23"},{"params":{"height":95.5,"x":4700,"y":-1820,"rotation":0,"scaleX":1,"scaleY":1,"width":80.2},"className":"Dec24"},{"params":{"height":79.6,"x":7140,"y":-1470,"rotation":0,"scaleX":1,"scaleY":1,"width":77.3},"className":"Dec23"},{"params":{"height":95.5,"x":8620,"y":-1020,"rotation":0,"scaleX":1,"scaleY":1,"width":80.2},"className":"Dec24"},{"params":{"height":128.35,"x":8650,"y":-1040,"rotation":0,"scaleX":1,"scaleY":1,"width":9.3},"className":"SignPillar"},{"params":{"height":35.15,"x":8650,"y":-1070,"rotation":24,"width":110.7},"className":"Sign15"},{"params":{"height":128.35,"x":930,"y":320,"rotation":0,"scaleX":1,"scaleY":1,"width":9.3},"className":"SignPillar"},{"params":{"height":35.15,"x":930,"y":280,"rotation":0,"width":110.7},"className":"Sign15"},{"params":{"height":79.6,"x":897,"y":350,"rotation":0,"scaleX":1,"scaleY":1,"width":77.3},"className":"Dec23"}],[{"params":{"stones":false,"safeId":2,"physic":false,"impulse":5000,"rotation":0,"height":53.2,"x":11730,"id":45,"count":50,"radius":64,"y":-180,"width":53.2},"className":"Tnt1"},{"params":{"rate":1,"height":128,"x":5270,"id":-1,"rotation":-180,"safeId":1,"speed":1000,"y":-2020,"width":254},"className":"GeyserE"}],null,[{"params":{"height":32,"x":330,"y":310,"rotation":0,"width":64},"className":"PlayerWP"},{"params":{"height":1064,"x":4000,"y":-1310,"width":128,"id":1,"rotation":0},"className":"SafePointE"},{"params":{"height":1074,"x":5580,"y":-1640,"width":128,"id":2,"rotation":0},"className":"SafePointE"}],[{"params":{"height":907,"hint":-1,"id":45,"rotation":0,"safeId":2,"x":11730,"off":false,"id_off":-1,"y":-520,"width":64,"sndId":-1},"className":"ToggleE"},{"params":{"safeId":-1,"rotation":36,"rate":-28,"height":17,"x":3448,"id":1,"useWeld":false,"snd":false,"graphic":1,"time":0,"y":-4,"width":17},"className":"MotorJointE"},{"params":{"height":17,"x":2039.8,"id":-1,"rotation":57,"safeId":-1,"graphic":0,"y":39.65,"width":17},"className":"PivotJointE"},{"params":{"height":17,"x":2230.3,"id":-1,"rotation":57,"safeId":-1,"graphic":0,"y":333.3,"width":17},"className":"PivotJointE"},{"params":{"height":17,"x":3115,"id":-1,"rotation":33,"safeId":-1,"graphic":0,"y":180,"width":17},"className":"PivotJointE"},{"params":{"height":17,"x":3410,"id":-1,"rotation":33,"safeId":-1,"graphic":0,"y":370,"width":17},"className":"PivotJointE"},{"params":{"safeId":-1,"rotation":57,"rate":-27,"height":17,"x":2417.85,"id":1,"useWeld":false,"snd":false,"graphic":1,"time":0,"y":5.25,"width":17},"className":"MotorJointE"},{"params":{"height":1406,"hint":-1,"id":1,"rotation":0,"safeId":-1,"x":1220,"off":false,"id_off":-1,"y":160,"width":64,"sndId":-1},"className":"ToggleE"},{"params":{"height":17,"x":3016,"id":-1,"rotation":171,"safeId":-1,"graphic":0,"y":-1370,"width":17},"className":"PivotJointE"},{"params":{"height":17,"x":2686,"id":-1,"rotation":171,"safeId":-1,"graphic":0,"y":-1313,"width":17},"className":"PivotJointE"},{"params":{"safeId":-1,"rotation":174,"rate":-27,"height":17,"x":2900,"id":1,"useWeld":false,"snd":false,"graphic":1,"time":0,"y":-1009,"width":17},"className":"MotorJointE"},{"params":{"height":64,"hint":-1,"id":2,"rotation":0,"safeId":-1,"x":3270,"off":false,"id_off":-1,"y":-780,"width":1772,"sndId":-1},"className":"ToggleE"},{"params":{"height":17,"x":2050,"id":1,"rotation":0,"safeId":-1,"graphic":0,"y":160,"width":17},"className":"PivotJointE"},{"params":{"height":17,"x":2270,"id":1,"rotation":0,"safeId":-1,"graphic":0,"y":280,"width":17},"className":"PivotJointE"},{"params":{"height":17,"x":3130,"id":1,"rotation":0,"safeId":-1,"graphic":0,"y":230,"width":17},"className":"PivotJointE"},{"params":{"height":17,"x":3170,"id":1,"rotation":0,"safeId":-1,"graphic":0,"y":150,"width":17},"className":"PivotJointE"},{"params":{"height":17,"x":2910,"id":1,"rotation":0,"safeId":-1,"graphic":0,"y":-1400,"width":17},"className":"PivotJointE"},{"params":{"height":17,"x":3010,"id":1,"rotation":0,"safeId":-1,"graphic":0,"y":-1330,"width":17},"className":"PivotJointE"}]]}