{"layers":[[{"className":"frg.game.editor.objects::DynamicPather","params":{"stretchTexture":false,"x":1940,"vertices":[{"y":4,"x":7},{"y":-178,"x":122},{"y":-153,"x":148},{"y":-123,"x":181},{"y":-99,"x":213},{"y":-75,"x":248},{"y":-54,"x":287},{"y":-36,"x":327},{"y":-22,"x":369},{"y":-10,"x":415},{"y":-2,"x":463},{"y":2,"x":514},{"y":-2,"x":567},{"y":-17,"x":617},{"y":-39,"x":656},{"y":-67,"x":690},{"y":-104,"x":722},{"y":-139,"x":741},{"y":-183,"x":757},{"y":-229,"x":763},{"y":-266,"x":764},{"y":-322,"x":751},{"y":-366,"x":734},{"y":-395,"x":715},{"y":-428,"x":685},{"y":-455,"x":650},{"y":-479,"x":610},{"y":-494,"x":571},{"y":-501,"x":517},{"y":-491,"x":211}],"y":470,"originOffsetRatio":0,"repeatTexture":true,"isStatic":true,"rotation":0,"graphic":true,"height":522.05,"physic":true,"textureOffset":0,"shapeH":19,"width":774.6,"snapToGrid":false,"action":0,"wireframe":false,"type":1,"smoothing":true,"safeId":-1,"textureMode":true,"id":-1,"straightSides":true,"density":"1"}},{"className":"frg.game.editor.objects::DynamicPather","params":{"stretchTexture":false,"x":1700,"vertices":[{"y":0,"x":0},{"y":185,"x":110}],"y":290,"originOffsetRatio":0,"repeatTexture":true,"isStatic":true,"rotation":0,"graphic":true,"height":198,"physic":true,"textureOffset":0,"shapeH":19,"width":126.3,"snapToGrid":false,"action":0,"wireframe":false,"type":1,"smoothing":true,"safeId":-1,"textureMode":true,"id":-1,"straightSides":true,"density":"1"}},{"className":"FinishZone","params":{"rotation":0,"x":1880,"height":467,"y":370,"width":143}},{"className":"frg.game.editor.objects::DynamicPather","params":{"stretchTexture":false,"x":1520,"vertices":[{"y":-5,"x":1},{"y":24,"x":23},{"y":42,"x":41},{"y":60,"x":67},{"y":73,"x":96},{"y":81,"x":122},{"y":80,"x":151},{"y":69,"x":184}],"y":-100,"originOffsetRatio":0,"repeatTexture":true,"isStatic":true,"rotation":0,"graphic":true,"height":102.05,"physic":true,"textureOffset":0,"shapeH":19,"width":197.05,"snapToGrid":false,"action":0,"wireframe":false,"type":1,"smoothing":true,"safeId":-1,"textureMode":true,"id":-1,"straightSides":true,"density":"1"}},{"className":"frg.game.editor.objects::GroundPather","params":{"x":-150,"physic":true,"y":470,"vertices":[{"y":0,"x":0},{"y":0,"x":3575}],"snapToGrid":true,"shape":true,"cameraOffsetY":80,"lineId":0,"textureMode":true,"straightSides":true,"direction":90,"originOffsetRatio":0,"stretchTexture":false,"directed":true,"repeatTexture":true,"width":3588,"rotation":0,"thick":128,"height":64,"textureOffset":0,"camera":true,"wireframe":false,"smoothing":true,"isRoad":true,"line":true}},{"className":"frg.game.editor.objects::DynamicPather","params":{"stretchTexture":false,"x":730,"vertices":[{"y":-210,"x":-225},{"y":-177,"x":-228},{"y":-146,"x":-227},{"y":-122,"x":-222},{"y":-96,"x":-211},{"y":-71,"x":-197},{"y":-48,"x":-176},{"y":-26,"x":-149},{"y":-11,"x":-122},{"y":-5,"x":-101},{"y":-1,"x":-75},{"y":0,"x":437},{"y":-4,"x":466},{"y":-11,"x":495},{"y":-23,"x":522},{"y":-36,"x":542},{"y":-54,"x":562},{"y":-74,"x":578},{"y":-98,"x":593},{"y":-121,"x":602},{"y":-147,"x":607},{"y":-176,"x":608},{"y":-205,"x":605},{"y":-232,"x":597},{"y":-257,"x":585},{"y":-279,"x":567},{"y":-294,"x":551},{"y":-314,"x":519}],"y":140,"originOffsetRatio":0,"repeatTexture":true,"isStatic":true,"rotation":0,"graphic":true,"height":331.55,"physic":true,"textureOffset":0,"shapeH":19,"width":855,"snapToGrid":false,"action":0,"wireframe":false,"type":1,"smoothing":true,"safeId":-1,"textureMode":true,"id":-1,"straightSides":true,"density":"1"}},{"className":"frg.game.editor.objects::DynamicPather","params":{"stretchTexture":false,"x":680,"vertices":[{"y":-246,"x":-338},{"y":-200,"x":-318},{"y":-174,"x":-304},{"y":-149,"x":-288},{"y":-121,"x":-266},{"y":-94,"x":-242},{"y":-70,"x":-211},{"y":-49,"x":-180},{"y":-28,"x":-139},{"y":-16,"x":-105},{"y":-8,"x":-67},{"y":-2,"x":-30},{"y":0,"x":15},{"y":0,"x":519},{"y":-4,"x":565},{"y":-13,"x":604},{"y":-28,"x":649},{"y":-46,"x":680},{"y":-71,"x":717},{"y":-104,"x":755},{"y":-139,"x":786},{"y":-186,"x":815},{"y":-231,"x":835},{"y":-279,"x":847},{"y":-326,"x":852},{"y":-365,"x":852},{"y":-415,"x":842},{"y":-443,"x":833},{"y":-475,"x":825},{"y":-502,"x":825},{"y":-532,"x":830},{"y":-559,"x":839},{"y":-582,"x":854},{"y":-603,"x":870},{"y":-620,"x":891},{"y":-635,"x":914},{"y":-644,"x":940},{"y":-648,"x":966},{"y":-649,"x":993},{"y":-645,"x":1020},{"y":-639,"x":1043},{"y":-630,"x":1063},{"y":-616,"x":1083},{"y":-601,"x":1098},{"y":-584,"x":1114},{"y":-559,"x":1130},{"y":-535,"x":1140},{"y":-533,"x":1263},{"y":-575,"x":1261},{"y":-619,"x":1268},{"y":-653,"x":1279},{"y":-681,"x":1295},{"y":-711,"x":1319},{"y":-733,"x":1341},{"y":-755,"x":1374},{"y":-771,"x":1410},{"y":-781,"x":1445},{"y":-784,"x":1482},{"y":-781,"x":1520},{"y":-775,"x":1555},{"y":-759,"x":1590},{"y":-739,"x":1625},{"y":-713,"x":1653},{"y":-683,"x":1677},{"y":-647,"x":1695},{"y":-605,"x":1708},{"y":-570,"x":1712},{"y":-527,"x":1710},{"y":-476,"x":1697},{"y":-434,"x":1675},{"y":-390,"x":1641},{"y":-363,"x":1603},{"y":-344,"x":1560},{"y":-334,"x":1516},{"y":-332,"x":1471}],"y":310,"originOffsetRatio":0,"repeatTexture":true,"isStatic":true,"rotation":0,"graphic":true,"height":803.05,"physic":true,"textureOffset":0,"shapeH":19,"width":2068.25,"snapToGrid":false,"action":0,"wireframe":false,"type":1,"smoothing":true,"safeId":-1,"textureMode":true,"id":-1,"straightSides":true,"density":"1"}},{"className":"frg.game.editor.objects::DynamicPather","params":{"stretchTexture":false,"x":320,"vertices":[{"y":-6,"x":-1},{"y":22,"x":-34},{"y":46,"x":-56},{"y":74,"x":-81},{"y":107,"x":-106},{"y":142,"x":-128},{"y":176,"x":-146},{"y":210,"x":-163},{"y":251,"x":-177},{"y":293,"x":-189},{"y":334,"x":-197},{"y":373,"x":-199},{"y":422,"x":-201},{"y":472,"x":-199},{"y":520,"x":-192},{"y":560,"x":-184},{"y":600,"x":-174},{"y":643,"x":-156},{"y":686,"x":-133},{"y":727,"x":-108},{"y":761,"x":-83},{"y":794,"x":-54},{"y":824,"x":-23},{"y":859,"x":18},{"y":893,"x":64},{"y":923,"x":110}],"y":-450,"originOffsetRatio":0,"repeatTexture":true,"isStatic":true,"rotation":0,"graphic":true,"height":944.2,"physic":true,"textureOffset":0,"shapeH":19,"width":327,"snapToGrid":false,"action":0,"wireframe":false,"type":1,"smoothing":true,"safeId":-1,"textureMode":true,"id":-1,"straightSides":true,"density":"1"}},{"className":"frg.game.editor.objects::DynamicPather","params":{"stretchTexture":false,"x":1350,"vertices":[{"y":7,"x":-19},{"y":-4,"x":28},{"y":-14,"x":71},{"y":-31,"x":129},{"y":-54,"x":179},{"y":-76,"x":224},{"y":-109,"x":268},{"y":-142,"x":310},{"y":-177,"x":346},{"y":-213,"x":375},{"y":-248,"x":402},{"y":-293,"x":428},{"y":-339,"x":451},{"y":-389,"x":468},{"y":-428,"x":477},{"y":-479,"x":486},{"y":-511,"x":488},{"y":-512,"x":561},{"y":-468,"x":568},{"y":-391,"x":590},{"y":-339,"x":607},{"y":-337,"x":462}],"y":470,"originOffsetRatio":0,"repeatTexture":true,"isStatic":true,"rotation":0,"graphic":true,"height":537.85,"physic":true,"textureOffset":0,"shapeH":19,"width":645.55,"snapToGrid":false,"action":0,"wireframe":false,"type":1,"smoothing":true,"safeId":-1,"textureMode":true,"id":-1,"straightSides":true,"density":"1"}}],[{"className":"SignPillar","params":{"x":900,"y":430,"scaleX":1,"width":9.3,"rotation":0,"scaleY":0.6649785742111414,"height":85.35}},{"className":"Dec14","params":{"x":260,"y":360,"scaleX":1,"width":165.85,"rotation":0,"scaleY":1,"height":244.8}},{"className":"Dec29","params":{"rotation":0,"x":870,"height":82.25,"y":450,"width":63.15}},{"className":"Dec14","params":{"x":2667,"y":350,"scaleX":-1,"width":165.85,"rotation":0,"scaleY":1,"height":244.8}},{"className":"Dec15","params":{"x":2090,"y":350,"scaleX":1,"width":197,"rotation":0,"scaleY":1,"height":234.2}},{"className":"Dec15","params":{"x":2780,"y":350,"scaleX":1,"width":197,"rotation":0,"scaleY":1,"height":234.2}},{"className":"Dec34","params":{"rotation":18,"x":1680,"height":36.2,"y":400,"width":197.5}},{"className":"Dec34","params":{"rotation":-30,"x":2050,"height":36.2,"y":390,"width":197.5}}],[{"className":"GlassCrashed1","params":{"x":336,"ttl":0.5,"y":-28,"safeId":-1,"width":66,"rotation":90,"height":18}},{"className":"GlassCrashed1","params":{"x":342,"ttl":0.5,"y":-91,"safeId":-1,"width":66,"rotation":99.99999999999999,"height":18}},{"className":"GlassCrashed1","params":{"x":359,"ttl":0.5,"y":-151,"safeId":-1,"width":66,"rotation":111.99999999999999,"height":18}},{"className":"GlassCrashed1","params":{"x":338,"ttl":0.5,"y":32,"safeId":-1,"width":66,"rotation":84,"height":18}},{"className":"GlassCrashed1","params":{"x":1218,"ttl":0.5,"y":-184,"safeId":-1,"width":66,"rotation":-161,"height":18}},{"className":"GlassCrashed1","params":{"x":1156,"ttl":0.5,"y":-196,"safeId":-1,"width":66,"rotation":-176,"height":18}},{"className":"GlassCrashed1","params":{"x":1092,"ttl":0.5,"y":-198,"safeId":-1,"width":66,"rotation":0,"height":18}},{"className":"GlassCrashed0","params":{"x":405,"ttl":0.5,"y":-230,"safeId":-1,"width":132,"rotation":123.00000000000006,"height":18}},{"className":"GlassCrashed1","params":{"x":1822,"ttl":0.5,"y":-205,"safeId":1,"width":66,"rotation":-103.99999999999999,"height":18}},{"className":"GlassCrashed1","params":{"x":1972,"ttl":0.5,"y":160,"safeId":1,"width":66,"rotation":64,"height":18}},{"className":"GlassCrashed1","params":{"x":2001,"ttl":0.5,"y":212,"safeId":1,"width":66,"rotation":57,"height":18}},{"className":"GlassCrashed1","params":{"x":2038,"ttl":0.5,"y":261,"safeId":1,"width":66,"rotation":48.99999999999999,"height":18}},{"className":"GlassCrashed1","params":{"x":2305,"ttl":0.5,"y":42,"safeId":1,"width":66,"rotation":128.99999999999994,"height":18}},{"className":"GlassCrashed1","params":{"x":2344,"ttl":0.5,"y":5,"safeId":1,"width":66,"rotation":145.99999999999991,"height":18}},{"className":"GlassCrashed1","params":{"x":2392,"ttl":0.5,"y":-18,"safeId":1,"width":66,"rotation":163.99999999999997,"height":18}},{"className":"GlassCrashed1","params":{"x":2448,"ttl":0.5,"y":-26,"safeId":1,"width":66,"rotation":178.00000000000003,"height":18}},{"className":"GlassCrashed1","params":{"x":2277,"ttl":0.5,"y":91,"safeId":1,"width":66,"rotation":108.99999999999994,"height":18}},{"className":"GlassCrashed1","params":{"x":2266,"ttl":0.5,"y":147,"safeId":1,"width":66,"rotation":90.99999999999996,"height":18}},{"className":"GlassCrashed1","params":{"x":2274,"ttl":0.5,"y":207,"safeId":1,"width":66,"rotation":72.99999999999993,"height":18}},{"className":"GlassCrashed1","params":{"x":2298,"ttl":0.5,"y":252,"safeId":1,"width":66,"rotation":51.99999999999993,"height":18}},{"className":"GlassCrashed0","params":{"x":1834,"ttl":0.5,"y":-110,"safeId":1,"width":132,"rotation":87.00000000000006,"height":18}}],null,[{"className":"PlayerWP","params":{"rotation":0,"x":880,"height":32,"y":50,"width":64}},{"className":"SafePointE","params":{"x":900,"id":1,"y":400,"width":128,"rotation":0,"height":128}}]],"settings":{"theme":3,"countdown":0,"gravityY":500,"prizes":"24,32,43"}}